0,5,-45,-70,0,1,100,0,1008,96,96,96,0,-45,-70,0,1,100,0,1008,0,96,96,0,-45,-70,0,0,100,0,0,0,96,96,0,-45,-70,0,1,100,0,1408,0,96,96,0,-24,-9,0,0,100,0,888,174,52,18,0,
0,5,-45,-70,0,1,100,0,1104,96,96,96,0,-45,-70,0,1,100,0,1104,0,96,96,0,-45,-70,0,0,100,0,96,0,96,96,0,-45,-70,0,1,100,0,1504,0,96,96,0,-24,-9,0,0,100,0,888,174,52,18,0,
0,5,-45,-70,0,1,100,0,1200,96,96,96,0,-45,-70,0,1,100,0,1200,0,96,96,0,-45,-70,0,0,100,0,192,0,96,96,0,-45,-70,0,1,100,0,1600,0,96,96,0,-24,-9,0,0,100,0,888,174,52,18,0,
0,5,-45,-70,0,1,100,0,1296,96,96,96,0,-45,-70,0,1,100,0,1296,0,96,96,0,-45,-70,0,0,100,0,288,0,96,96,0,-45,-70,0,1,100,0,1696,0,96,96,0,-24,-9,0,0,100,0,888,174,52,18,0,
0,5,-45,-70,0,1,100,0,1392,96,96,96,0,-45,-70,0,1,100,0,1008,0,96,96,0,-45,-70,0,0,100,0,384,0,96,96,0,-45,-70,0,1,100,0,1408,0,96,96,0,-24,-9,0,0,100,0,888,174,52,18,0,
0,5,-45,-70,0,1,100,0,1488,96,96,96,0,-45,-70,0,1,100,0,1104,0,96,96,0,-45,-70,0,0,100,0,480,0,96,96,0,-45,-70,0,1,100,0,1504,0,96,96,0,-24,-9,0,0,100,0,888,174,52,18,0,
0,5,-45,-70,0,1,100,0,1584,96,96,96,0,-45,-70,0,1,100,0,1200,0,96,96,0,-45,-70,0,0,100,0,576,0,96,96,0,-45,-70,0,1,100,0,1600,0,96,96,0,-24,-9,0,0,100,0,888,174,52,18,0,
0,5,-45,-70,0,1,100,0,1680,96,96,96,0,-45,-70,0,1,100,0,1296,0,96,96,0,-45,-70,0,0,100,0,672,0,96,96,0,-45,-70,0,1,100,0,1696,0,96,96,0,-24,-9,0,0,100,0,888,174,52,18,0,
0,6,-45,-70,0,0,100,0,1072,1376,96,96,0,-45,-70,0,1,100,0,1008,96,96,96,0,-45,-70,0,1,100,0,1008,0,96,96,0,-45,-70,0,0,100,0,0,96,96,96,0,-45,-70,0,1,100,0,1408,0,96,96,0,-24,-9,0,0,100,0,888,174,52,18,0,
0,6,-45,-70,0,0,100,0,1168,1376,96,96,0,-45,-70,0,1,100,0,1104,96,96,96,0,-45,-70,0,1,100,0,1104,0,96,96,0,-45,-70,0,0,100,0,96,96,96,96,0,-45,-70,0,1,100,0,1504,0,96,96,0,-24,-9,0,0,100,0,888,174,52,18,0,
0,6,-45,-70,0,0,100,0,1264,1376,96,96,0,-45,-70,0,1,100,0,1200,96,96,96,0,-45,-70,0,1,100,0,1200,0,96,96,0,-45,-70,0,0,100,0,192,96,96,96,0,-45,-70,0,1,100,0,1600,0,96,96,0,-24,-9,0,0,100,0,888,174,52,18,0,
0,6,-45,-70,0,0,100,0,1360,1376,96,96,0,-45,-70,0,1,100,0,1296,96,96,96,0,-45,-70,0,1,100,0,1296,0,96,96,0,-45,-70,0,0,100,0,288,96,96,96,0,-45,-70,0,1,100,0,1696,0,96,96,0,-24,-9,0,0,100,0,888,174,52,18,0,
0,6,-45,-70,0,0,100,0,1456,1376,96,96,0,-45,-70,0,1,100,0,1392,96,96,96,0,-45,-70,0,1,100,0,1008,0,96,96,0,-45,-70,0,0,100,0,384,96,96,96,0,-45,-70,0,1,100,0,1408,0,96,96,0,-24,-9,0,0,100,0,888,174,52,18,0,
0,6,-45,-70,0,0,100,0,1552,1376,96,96,0,-45,-70,0,1,100,0,1488,96,96,96,0,-45,-70,0,1,100,0,1104,0,96,96,0,-45,-70,0,0,100,0,480,96,96,96,0,-45,-70,0,1,100,0,1504,0,96,96,0,-24,-9,0,0,100,0,888,174,52,18,0,
0,6,-45,-70,0,0,100,0,1648,1376,96,96,0,-45,-70,0,1,100,0,1584,96,96,96,0,-45,-70,0,1,100,0,1200,0,96,96,0,-45,-70,0,0,100,0,576,96,96,96,0,-45,-70,0,1,100,0,1600,0,96,96,0,-24,-9,0,0,100,0,888,174,52,18,0,
0,6,-45,-70,0,0,100,0,1744,1376,96,96,0,-45,-70,0,1,100,0,1680,96,96,96,0,-45,-70,0,1,100,0,1296,0,96,96,0,-45,-70,0,0,100,0,672,96,96,96,0,-45,-70,0,1,100,0,1696,0,96,96,0,-24,-9,0,0,100,0,888,174,52,18,0,
0,7,-26,-50,0,1,100,0,792,200,37,37,0,-45,-70,0,0,100,0,1072,1472,96,96,0,-45,-70,0,1,100,0,1008,192,96,96,0,-45,-70,0,1,100,0,1008,0,96,96,0,-45,-70,0,0,100,0,0,192,96,96,0,-45,-70,0,1,100,0,1408,0,96,96,0,-24,-9,0,0,100,0,888,174,52,18,0,
0,7,-26,-50,0,1,100,0,829,200,37,37,0,-45,-70,0,0,100,0,1168,1472,96,96,0,-45,-70,0,1,100,0,1104,192,96,96,0,-45,-70,0,1,100,0,1104,0,96,96,0,-45,-70,0,0,100,0,96,192,96,96,0,-45,-70,0,1,100,0,1504,0,96,96,0,-24,-9,0,0,100,0,888,174,52,18,0,
0,7,-26,-50,0,1,100,0,866,200,37,37,0,-45,-70,0,0,100,0,1264,1472,96,96,0,-45,-70,0,1,100,0,1200,192,96,96,0,-45,-70,0,1,100,0,1200,0,96,96,0,-45,-70,0,0,100,0,192,192,96,96,0,-45,-70,0,1,100,0,1600,0,96,96,0,-24,-9,0,0,100,0,888,174,52,18,0,
0,7,-26,-50,0,1,100,0,903,200,37,37,0,-45,-70,0,0,100,0,1360,1472,96,96,0,-45,-70,0,1,100,0,1296,192,96,96,0,-45,-70,0,1,100,0,1296,0,96,96,0,-45,-70,0,0,100,0,288,192,96,96,0,-45,-70,0,1,100,0,1696,0,96,96,0,-24,-9,0,0,100,0,888,174,52,18,0,
0,7,-43,-41,0,1,100,0,903,200,37,37,0,-45,-70,0,0,100,0,1472,1472,96,96,0,-45,-70,0,1,100,0,1008,192,96,96,0,-45,-70,0,1,100,0,1008,0,96,96,0,-45,-70,0,0,100,0,400,192,96,96,0,-45,-70,0,1,100,0,1408,0,96,96,0,-24,-9,0,0,100,0,888,174,52,18,0,
0,7,-43,-41,0,1,100,0,866,200,37,37,0,-45,-70,0,0,100,0,1568,1472,96,96,0,-45,-70,0,1,100,0,1104,192,96,96,0,-45,-70,0,1,100,0,1104,0,96,96,0,-45,-70,0,0,100,0,496,192,96,96,0,-45,-70,0,1,100,0,1504,0,96,96,0,-24,-9,0,0,100,0,888,174,52,18,0,
0,7,-43,-41,0,1,100,0,829,200,37,37,0,-45,-70,0,0,100,0,1664,1472,96,96,0,-45,-70,0,1,100,0,1200,192,96,96,0,-45,-70,0,1,100,0,1200,0,96,96,0,-45,-70,0,0,100,0,592,192,96,96,0,-45,-70,0,1,100,0,1600,0,96,96,0,-24,-9,0,0,100,0,888,174,52,18,0,
0,7,-43,-41,0,1,100,0,792,200,37,37,0,-45,-70,0,0,100,0,1760,1472,96,96,0,-45,-70,0,1,100,0,1296,192,96,96,0,-45,-70,0,1,100,0,1296,0,96,96,0,-45,-70,0,0,100,0,688,192,96,96,0,-45,-70,0,1,100,0,1696,0,96,96,0,-24,-9,0,0,100,0,888,174,52,18,0,
0,2,-45,-70,0,0,100,0,896,0,96,96,0,-24,-9,0,0,100,0,888,174,52,18,0,
0,2,-45,-70,0,0,100,0,784,0,96,96,0,-24,-9,0,0,100,0,888,174,52,18,0,
0,2,-45,-70,0,0,100,0,784,96,96,96,0,-24,-9,0,0,100,0,888,174,52,18,0,
0,1,-45,-70,0,0,100,0,784,96,96,96,0,
0,4,-59,-78,0,1,100,0,1008,288,112,96,0,-107,-78,0,0,100,0,0,288,160,112,0,-59,-78,0,1,100,0,1360,288,112,96,0,-24,-9,0,0,100,0,888,174,52,18,0,
0,4,-59,-78,0,1,100,0,1120,288,112,96,0,-107,-78,0,0,100,0,160,288,160,112,0,-59,-78,0,1,100,0,1472,288,112,96,0,-24,-9,0,0,100,0,888,174,52,18,0,
0,4,-59,-78,0,1,100,0,1232,288,112,96,0,-107,-78,0,0,100,0,320,288,160,112,0,-59,-78,0,1,100,0,1584,288,112,96,0,-24,-9,0,0,100,0,888,174,52,18,0,
0,2,-107,-78,0,0,100,0,480,288,160,112,0,-36,-9,0,0,100,0,888,174,52,18,0,
0,2,-107,-78,0,0,100,0,640,288,160,112,0,-48,-9,0,0,100,0,888,174,52,18,0,
0,4,-107,-78,0,1,100,0,1008,400,112,96,0,-43,-78,0,0,100,0,1072,1568,96,96,0,-107,-78,0,0,100,0,800,288,160,112,0,-56,-9,0,0,100,0,888,174,52,18,0,
0,4,-107,-78,0,1,100,0,1120,400,112,96,0,-43,-78,0,0,100,0,1168,1568,96,96,0,-107,-78,0,0,100,0,0,400,160,112,0,-61,-9,0,0,100,0,888,174,52,18,0,
0,3,-43,-78,0,0,100,0,1264,1568,96,96,0,-107,-78,0,0,100,0,160,400,160,112,0,-64,-9,0,0,100,0,888,174,52,18,0,
0,4,-107,-78,0,1,100,0,1232,400,112,96,0,-43,-78,0,0,100,0,1360,1568,96,96,0,-107,-78,0,0,100,0,320,400,160,112,0,-77,-9,0,0,100,0,888,174,52,18,0,
0,4,-107,-78,0,1,100,0,1344,400,112,96,0,-43,-78,0,0,100,0,1456,1568,96,96,0,-107,-78,0,0,100,0,480,400,160,112,0,-78,-9,0,0,100,0,888,174,52,18,0,
0,3,-107,-78,0,1,100,0,1456,400,112,96,0,-107,-78,0,0,100,0,640,400,160,112,0,-78,-9,0,0,100,0,888,174,52,18,0,
0,2,-107,-78,0,0,100,0,800,400,160,112,0,-78,-9,0,0,100,0,888,174,52,18,0,
0,2,-107,-78,0,0,100,0,0,512,160,112,0,-72,-9,0,0,100,0,888,174,52,18,0,
0,2,-107,-78,0,0,100,0,160,512,160,112,0,-68,-9,0,0,100,0,888,174,52,18,0,
0,2,-107,-78,0,0,100,0,320,512,160,112,0,-43,-9,0,0,100,0,888,174,52,18,0,
0,2,-107,-78,0,0,100,0,480,512,160,112,0,-35,-9,0,0,100,0,888,174,52,18,0,
0,2,-107,-78,0,0,100,0,640,512,160,112,0,-29,-9,0,0,100,0,888,174,52,18,0,
0,2,-107,-78,0,0,100,0,800,512,160,112,0,-25,-9,0,0,100,0,888,174,52,18,0,
0,2,-107,-78,0,0,100,0,0,624,160,112,0,-24,-9,0,0,100,0,888,174,52,18,0,
0,2,-107,-78,0,0,100,0,160,624,160,112,0,-24,-9,0,0,100,0,888,174,52,18,0,
0,4,-59,-78,0,1,100,0,1008,288,112,96,0,-75,-122,0,0,100,0,0,736,128,160,0,-59,-78,0,1,100,0,1360,288,112,96,0,-24,-9,0,0,100,0,888,174,52,18,0,
0,4,-59,-78,0,1,100,0,1120,288,112,96,0,-75,-122,0,0,100,0,128,736,128,160,0,-59,-78,0,1,100,0,1472,288,112,96,0,-24,-9,0,0,100,0,888,174,52,18,0,
0,4,-59,-78,0,1,100,0,1232,288,112,96,0,-75,-122,0,0,100,0,256,736,128,160,0,-59,-78,0,1,100,0,1584,288,112,96,0,-24,-9,0,0,100,0,888,174,52,18,0,
0,2,-75,-122,0,0,100,0,384,736,128,160,0,-24,-9,0,0,100,0,888,174,52,18,0,
0,2,-75,-122,0,0,100,0,512,736,128,160,0,-24,-9,0,0,100,0,888,174,52,18,0,
0,2,-75,-122,0,0,100,0,640,736,128,160,0,-24,-9,0,0,100,0,888,174,52,18,0,
0,3,-43,-122,0,0,100,0,1072,1664,96,96,0,-75,-122,0,0,100,0,768,736,128,160,0,-24,-9,0,0,100,0,888,174,52,18,0,
0,3,-43,-122,0,0,100,0,1168,1664,96,96,0,-75,-122,0,0,100,0,896,736,128,160,0,-24,-9,0,0,100,0,888,174,52,18,0,
0,3,-43,-122,0,0,100,0,1264,1664,96,96,0,-75,-122,0,0,100,0,0,896,128,160,0,-24,-9,0,0,100,0,888,174,52,18,0,
0,3,-43,-122,0,0,100,0,1360,1664,96,96,0,-75,-122,0,0,100,0,128,896,128,160,0,-24,-9,0,0,100,0,888,174,52,18,0,
0,2,-75,-122,0,0,100,0,256,896,128,160,0,-24,-9,0,0,100,0,888,174,52,18,0,
0,2,-75,-122,0,0,100,0,384,896,128,160,0,-24,-9,0,0,100,0,888,174,52,18,0,
0,2,-75,-122,0,0,100,0,512,896,128,160,0,-24,-9,0,0,100,0,888,174,52,18,0,
0,2,-75,-122,0,0,100,0,640,896,128,160,0,-24,-9,0,0,100,0,888,174,52,18,0,
0,3,-75,-122,0,1,100,0,1040,736,128,160,0,-75,-122,0,0,100,0,768,896,128,160,0,-24,-9,0,0,100,0,888,174,52,18,0,
0,3,-75,-122,0,1,100,0,1168,736,128,160,0,-75,-122,0,0,100,0,896,896,128,160,0,-24,-9,0,0,100,0,888,174,52,18,0,
0,3,-75,-122,0,1,100,0,1296,736,128,160,0,-75,-122,0,0,100,0,0,1056,128,160,0,-24,-9,0,0,100,0,888,174,52,18,0,
0,3,-75,-122,0,1,100,0,1424,736,128,160,0,-75,-122,0,0,100,0,128,1056,128,160,0,-24,-9,0,0,100,0,888,174,52,18,0,
0,3,-75,-122,0,1,100,0,1552,736,128,160,0,-75,-122,0,0,100,0,256,1056,128,160,0,-24,-9,0,0,100,0,888,174,52,18,0,
0,3,-75,-122,0,1,100,0,1680,736,128,160,0,-75,-122,0,0,100,0,384,1056,128,160,0,-24,-9,0,0,100,0,888,174,52,18,0,
0,3,-75,-122,0,1,100,0,1808,736,128,160,0,-75,-122,0,0,100,0,512,1056,128,160,0,-24,-9,0,0,100,0,888,174,52,18,0,
0,3,-75,-122,0,1,100,0,1040,896,128,160,0,-75,-122,0,0,100,0,640,1056,128,160,0,-24,-9,0,0,100,0,888,174,52,18,0,
0,3,-75,-122,0,1,100,0,1168,896,128,160,0,-75,-122,0,0,100,0,768,1056,128,160,0,-24,-9,0,0,100,0,888,174,52,18,0,
0,3,-75,-122,0,1,100,0,1296,896,128,160,0,-75,-122,0,0,100,0,896,1056,128,160,0,-24,-9,0,0,100,0,888,174,52,18,0,
0,3,-75,-122,0,1,100,0,1424,896,128,160,0,-75,-122,0,0,100,0,0,1216,128,160,0,-24,-9,0,0,100,0,888,174,52,18,0,
0,3,-75,-122,0,1,100,0,1552,896,128,160,0,-75,-122,0,0,100,0,128,1216,128,160,0,-24,-9,0,0,100,0,888,174,52,18,0,
0,3,-75,-122,0,1,100,0,1680,896,128,160,0,-75,-122,0,0,100,0,256,1216,128,160,0,-24,-9,0,0,100,0,888,174,52,18,0,
0,3,-75,-122,0,1,100,0,1808,896,128,160,0,-75,-122,0,0,100,0,384,1216,128,160,0,-24,-9,0,0,100,0,888,174,52,18,0,
0,3,-75,-122,0,1,100,0,1040,1056,128,160,0,-75,-122,0,0,100,0,512,1216,128,160,0,-24,-9,0,0,100,0,888,174,52,18,0,
0,3,-75,-122,0,1,100,0,1168,1056,128,160,0,-75,-122,0,0,100,0,640,1216,128,160,0,-24,-9,0,0,100,0,888,174,52,18,0,
0,3,-75,-122,0,1,100,0,1296,1056,128,160,0,-75,-122,0,0,100,0,768,1216,128,160,0,-24,-9,0,0,100,0,888,174,52,18,0,
0,3,-75,-122,0,1,100,0,1424,1056,128,160,0,-75,-122,0,0,100,0,896,1216,128,160,0,-24,-9,0,0,100,0,888,174,52,18,0,
0,3,-75,-122,0,1,100,0,1552,1056,128,160,0,-75,-122,0,0,100,0,0,1376,128,160,0,-24,-9,0,0,100,0,888,174,52,18,0,
0,3,-75,-122,0,1,100,0,1680,1056,128,160,0,-75,-122,0,0,100,0,128,1376,128,160,0,-24,-9,0,0,100,0,888,174,52,18,0,
0,3,-75,-122,0,1,100,0,1808,1056,128,160,0,-75,-122,0,0,100,0,256,1376,128,160,0,-24,-9,0,0,100,0,888,174,52,18,0,
0,3,-75,-122,0,1,100,0,1040,1216,128,160,0,-75,-122,0,0,100,0,384,1376,128,160,0,-24,-9,0,0,100,0,888,174,52,18,0,
0,3,-75,-122,0,1,100,0,1168,1216,128,160,0,-75,-122,0,0,100,0,512,1376,128,160,0,-24,-9,0,0,100,0,888,174,52,18,0,
0,3,-75,-122,0,1,100,0,1296,1216,128,160,0,-75,-122,0,0,100,0,640,1376,128,160,0,-24,-9,0,0,100,0,888,174,52,18,0,
0,3,-75,-122,0,1,100,0,1424,1216,128,160,0,-75,-122,0,0,100,0,768,1376,128,160,0,-24,-9,0,0,100,0,888,174,52,18,0,
0,4,-187,-42,0,1,100,0,1168,592,160,80,0,-75,-122,0,1,100,0,1328,1792,128,160,0,-75,-122,0,0,100,0,896,1376,128,160,0,-24,-9,0,0,100,0,888,174,52,18,0,
0,4,-187,-42,0,1,100,0,1328,512,160,80,0,-75,-122,0,1,100,0,1456,1792,128,160,0,-75,-122,0,0,100,0,0,1536,128,160,0,-24,-9,0,0,100,0,888,174,52,18,0,
0,4,-187,-42,0,1,100,0,1488,512,160,80,0,-75,-122,0,1,100,0,1584,1792,128,160,0,-75,-122,0,0,100,0,128,1536,128,160,0,-24,-9,0,0,100,0,888,174,52,18,0,
0,4,-187,-42,0,1,100,0,1168,512,160,80,0,-75,-122,0,1,100,0,1712,1792,128,160,0,-75,-122,0,0,100,0,256,1536,128,160,0,-24,-9,0,0,100,0,888,174,52,18,0,
0,4,-187,-42,0,1,100,0,1488,512,160,80,0,-75,-122,0,1,100,0,1328,1792,128,160,0,-75,-122,0,0,100,0,896,1376,128,160,0,-24,-9,0,0,100,0,888,174,52,18,0,
0,4,-187,-42,0,1,100,0,1328,512,160,80,0,-75,-122,0,1,100,0,1456,1792,128,160,0,-75,-122,0,0,100,0,0,1536,128,160,0,-24,-9,0,0,100,0,888,174,52,18,0,
0,4,-187,-42,0,1,100,0,1168,592,160,80,0,-75,-122,0,1,100,0,1584,1792,128,160,0,-75,-122,0,0,100,0,128,1536,128,160,0,-24,-9,0,0,100,0,888,174,52,18,0,
0,4,-187,-42,0,1,100,0,1648,512,160,80,0,-75,-122,0,1,100,0,1712,1792,128,160,0,-75,-122,0,0,100,0,256,1536,128,160,0,-24,-9,0,0,100,0,888,174,52,18,0,
0,4,-187,-42,0,1,100,0,1168,512,160,80,0,-75,-122,0,1,100,0,1328,1792,128,160,0,-75,-122,0,0,100,0,896,1376,128,160,0,-24,-9,0,0,100,0,888,174,52,18,0,
0,4,-187,-42,0,1,100,0,1328,512,160,80,0,-75,-122,0,1,100,0,1456,1792,128,160,0,-75,-122,0,0,100,0,0,1536,128,160,0,-24,-9,0,0,100,0,888,174,52,18,0,
0,4,-187,-42,0,1,100,0,1488,512,160,80,0,-75,-122,0,1,100,0,1584,1792,128,160,0,-75,-122,0,0,100,0,128,1536,128,160,0,-24,-9,0,0,100,0,888,174,52,18,0,
0,4,-187,-42,0,1,100,0,1168,512,160,80,0,-75,-122,0,1,100,0,1712,1792,128,160,0,-75,-122,0,0,100,0,256,1536,128,160,0,-24,-9,0,0,100,0,888,174,52,18,0,
0,4,-187,-42,0,1,100,0,1648,512,160,80,0,-75,-122,0,1,100,0,1328,1792,128,160,0,-75,-122,0,0,100,0,896,1376,128,160,0,-24,-9,0,0,100,0,888,174,52,18,0,
0,4,-187,-42,0,1,100,0,1168,592,160,80,0,-75,-122,0,1,100,0,1456,1792,128,160,0,-75,-122,0,0,100,0,0,1536,128,160,0,-24,-9,0,0,100,0,888,174,52,18,0,
0,4,-187,-42,0,1,100,0,1648,512,160,80,0,-75,-122,0,1,100,0,1584,1792,128,160,0,-75,-122,0,0,100,0,128,1536,128,160,0,-24,-9,0,0,100,0,888,174,52,18,0,
0,4,-187,-42,0,1,100,0,1168,512,160,80,0,-75,-122,0,1,100,0,1712,1792,128,160,0,-75,-122,0,0,100,0,256,1536,128,160,0,-24,-9,0,0,100,0,888,174,52,18,0,
0,4,-187,-42,0,1,100,0,1328,512,160,80,0,-75,-122,0,1,100,0,1328,1792,128,160,0,-75,-122,0,0,100,0,896,1376,128,160,0,-24,-9,0,0,100,0,888,174,52,18,0,
0,4,-187,-42,0,1,100,0,1488,512,160,80,0,-75,-122,0,1,100,0,1456,1792,128,160,0,-75,-122,0,0,100,0,0,1536,128,160,0,-24,-9,0,0,100,0,888,174,52,18,0,
0,4,-187,-42,0,1,100,0,1168,512,160,80,0,-75,-122,0,1,100,0,1584,1792,128,160,0,-75,-122,0,0,100,0,128,1536,128,160,0,-24,-9,0,0,100,0,888,174,52,18,0,
0,4,-187,-42,0,1,100,0,1488,512,160,80,0,-75,-122,0,1,100,0,1712,1792,128,160,0,-75,-122,0,0,100,0,256,1536,128,160,0,-24,-9,0,0,100,0,888,174,52,18,0,
0,4,-187,-42,0,1,100,0,1328,512,160,80,0,-75,-122,0,1,100,0,1328,1792,128,160,0,-75,-122,0,0,100,0,896,1376,128,160,0,-24,-9,0,0,100,0,888,174,52,18,0,
0,4,-187,-42,0,1,100,0,1168,592,160,80,0,-75,-122,0,1,100,0,1456,1792,128,160,0,-75,-122,0,0,100,0,0,1536,128,160,0,-24,-9,0,0,100,0,888,174,52,18,0,
0,4,-187,-42,0,1,100,0,1488,512,160,80,0,-75,-122,0,1,100,0,1584,1792,128,160,0,-75,-122,0,0,100,0,128,1536,128,160,0,-24,-9,0,0,100,0,888,174,52,18,0,
0,4,-187,-42,0,1,100,0,1008,592,160,80,0,-75,-122,0,1,100,0,1712,1792,128,160,0,-75,-122,0,0,100,0,256,1536,128,160,0,-24,-9,0,0,100,0,888,174,52,18,0,
0,4,-187,-42,0,1,100,0,1168,512,160,80,0,-75,-122,0,1,100,0,1584,1792,128,160,0,-75,-122,0,0,100,0,384,1536,128,160,0,-24,-9,0,0,100,0,888,174,52,18,0,
0,3,-187,-42,0,1,100,0,1008,512,160,80,0,-75,-122,0,0,100,0,512,1536,128,160,0,-24,-9,0,0,100,0,888,174,52,18,0,
0,2,-75,-122,0,0,100,0,640,1536,128,160,0,-24,-9,0,0,100,0,888,174,52,18,0,
0,2,-75,-122,0,0,100,0,768,1536,128,160,0,-24,-9,0,0,100,0,888,174,52,18,0,
0,4,-59,-78,0,1,100,0,1008,288,112,96,0,-45,-106,0,0,100,0,0,1696,96,128,0,-59,-78,0,1,100,0,1360,288,112,96,0,-24,-9,0,0,100,0,888,174,52,18,0,
0,4,-59,-78,0,1,100,0,1120,288,112,96,0,-45,-106,0,0,100,0,96,1696,96,128,0,-59,-78,0,1,100,0,1472,288,112,96,0,-24,-9,0,0,100,0,888,174,52,18,0,
0,4,-59,-78,0,1,100,0,1232,288,112,96,0,-45,-106,0,0,100,0,192,1696,96,128,0,-59,-78,0,1,100,0,1584,288,112,96,0,-24,-9,0,0,100,0,888,174,52,18,0,
0,2,-45,-106,0,0,100,0,288,1696,96,128,0,-24,-9,0,0,100,0,888,174,52,18,0,
0,2,-45,-106,0,0,100,0,384,1696,96,128,0,-24,-9,0,0,100,0,888,174,52,18,0,
0,2,-45,-106,0,0,100,0,480,1696,96,128,0,-24,-9,0,0,100,0,888,174,52,18,0,
0,2,-45,-106,0,0,100,0,576,1696,96,128,0,-24,-9,0,0,100,0,888,174,52,18,0,
0,2,-45,-106,0,0,100,0,672,1696,96,128,0,-24,-9,0,0,100,0,888,174,52,18,0,
0,2,-45,-106,0,0,100,0,768,1696,96,128,0,-24,-9,0,0,100,0,888,174,52,18,0,
0,2,-45,-106,0,0,100,0,864,1696,96,128,0,-24,-9,0,0,100,0,888,174,52,18,0,
0,2,-45,-106,0,0,100,0,960,1696,96,128,0,-24,-9,0,0,100,0,888,174,52,18,0,
0,2,-45,-106,0,0,100,0,0,1824,96,128,0,-24,-9,0,0,100,0,888,174,52,18,0,
0,2,-45,-106,0,0,100,0,96,1824,96,128,0,-24,-9,0,0,100,0,888,174,52,18,0,
0,2,-45,-106,0,0,100,0,192,1824,96,128,0,-24,-9,0,0,100,0,888,174,52,18,0,
0,2,-45,-106,0,0,100,0,288,1824,96,128,0,-24,-9,0,0,100,0,888,174,52,18,0,
0,2,-45,-106,0,0,100,0,384,1824,96,128,0,-24,-9,0,0,100,0,888,174,52,18,0,
0,2,-45,-106,0,0,100,0,480,1824,96,128,0,-24,-9,0,0,100,0,888,174,52,18,0,
0,2,-45,-106,0,0,100,0,576,1824,96,128,0,-24,-9,0,0,100,0,888,174,52,18,0,
0,2,-45,-106,0,0,100,0,672,1824,96,128,0,-24,-9,0,0,100,0,888,174,52,18,0,
0,2,-45,-106,0,0,100,0,768,1824,96,128,0,-24,-9,0,0,100,0,888,174,52,18,0,
0,2,-45,-106,0,0,100,0,864,1824,96,128,0,-24,-9,0,0,100,0,888,174,52,18,0,
0,2,-45,-106,0,0,100,0,960,1824,96,128,0,-24,-9,0,0,100,0,888,174,52,18,0,
0,2,-29,-54,0,0,100,0,1056,1888,64,64,0,-24,-9,0,0,100,0,888,174,52,18,0,
0,2,-29,-54,0,0,100,0,1120,1888,64,64,0,-24,-9,0,0,100,0,888,174,52,18,0,
0,2,-29,-54,0,0,100,0,1184,1888,64,64,0,-24,-9,0,0,100,0,888,174,52,18,0,
0,2,-29,-54,0,0,100,0,1248,1888,64,64,0,-24,-9,0,0,100,0,888,174,52,18,0,
