path,filename,group,id,width,height,mode,format,bytes,sha256,rgba_sha256,transparent_pixels,partial_alpha_pixels,opaque_pixels,alpha_bbox,rgba_colors,metadata_keys
04_FF_IV_ICON-Large/ICON-Large_04-FFIV_Barbariccia_204001904.png,ICON-Large_04-FFIV_Barbariccia_204001904.png,large,204001904,128,128,RGBA,PNG,13598,4be0aa36b5b8403cfad0d138325319527f99638d7ae908995d1c1fac7759f3d9,f4114ec22e2279a2f90d6bb6b210a9e457af0482dd42f5d087cf2dec79996ed2,5468,3144,7772,"[2, 3, 125, 126]",1076,"['XML:com.adobe.xmp', 'dpi', 'xmp']"
04_FF_IV_ICON-Large/ICON-Large_04-FFIV_Barbariccia_204001905.png,ICON-Large_04-FFIV_Barbariccia_204001905.png,large,204001905,128,128,RGBA,PNG,13598,4be0aa36b5b8403cfad0d138325319527f99638d7ae908995d1c1fac7759f3d9,f4114ec22e2279a2f90d6bb6b210a9e457af0482dd42f5d087cf2dec79996ed2,5468,3144,7772,"[2, 3, 125, 126]",1076,"['XML:com.adobe.xmp', 'dpi', 'xmp']"
04_FF_IV_ICON-Large/ICON-Large_04-FFIV_Barbariccia_204001906.png,ICON-Large_04-FFIV_Barbariccia_204001906.png,large,204001906,128,128,RGBA,PNG,13598,4be0aa36b5b8403cfad0d138325319527f99638d7ae908995d1c1fac7759f3d9,f4114ec22e2279a2f90d6bb6b210a9e457af0482dd42f5d087cf2dec79996ed2,5468,3144,7772,"[2, 3, 125, 126]",1076,"['XML:com.adobe.xmp', 'dpi', 'xmp']"
04_FF_IV_ICON-Large/ICON-Large_04-FFIV_Barbariccia_204001907.png,ICON-Large_04-FFIV_Barbariccia_204001907.png,large,204001907,128,128,RGBA,PNG,13598,4be0aa36b5b8403cfad0d138325319527f99638d7ae908995d1c1fac7759f3d9,f4114ec22e2279a2f90d6bb6b210a9e457af0482dd42f5d087cf2dec79996ed2,5468,3144,7772,"[2, 3, 125, 126]",1076,"['XML:com.adobe.xmp', 'dpi', 'xmp']"
04_FF_IV_ICON-Large/ICON-Large_04-FFIV_Barbariccia_204001917.png,ICON-Large_04-FFIV_Barbariccia_204001917.png,large,204001917,128,128,RGBA,PNG,13598,4be0aa36b5b8403cfad0d138325319527f99638d7ae908995d1c1fac7759f3d9,f4114ec22e2279a2f90d6bb6b210a9e457af0482dd42f5d087cf2dec79996ed2,5468,3144,7772,"[2, 3, 125, 126]",1076,"['XML:com.adobe.xmp', 'dpi', 'xmp']"
04_FF_IV_ICON-Large/ICON-Large_04-FFIV_Barbariccia_204001927.png,ICON-Large_04-FFIV_Barbariccia_204001927.png,large,204001927,128,128,RGBA,PNG,13598,4be0aa36b5b8403cfad0d138325319527f99638d7ae908995d1c1fac7759f3d9,f4114ec22e2279a2f90d6bb6b210a9e457af0482dd42f5d087cf2dec79996ed2,5468,3144,7772,"[2, 3, 125, 126]",1076,"['XML:com.adobe.xmp', 'dpi', 'xmp']"
04_FF_IV_ICON-Large/ICON-Large_04-FFIV_Cagnazzo_204002104.png,ICON-Large_04-FFIV_Cagnazzo_204002104.png,large,204002104,128,128,RGBA,PNG,10391,b7f6d151a2f22a4bd8398e4daeba526b8e0c4a1b5da6916679faca275ef8badd,deee5b1a1e33579b3be2210ec9a9c79c816a93b7a0e44f6223ea103a3f2287d4,4752,3646,7986,"[2, 0, 125, 126]",1134,[]
04_FF_IV_ICON-Large/ICON-Large_04-FFIV_Cagnazzo_204002105.png,ICON-Large_04-FFIV_Cagnazzo_204002105.png,large,204002105,128,128,RGBA,PNG,10391,b7f6d151a2f22a4bd8398e4daeba526b8e0c4a1b5da6916679faca275ef8badd,deee5b1a1e33579b3be2210ec9a9c79c816a93b7a0e44f6223ea103a3f2287d4,4752,3646,7986,"[2, 0, 125, 126]",1134,[]
04_FF_IV_ICON-Large/ICON-Large_04-FFIV_Cagnazzo_204002106.png,ICON-Large_04-FFIV_Cagnazzo_204002106.png,large,204002106,128,128,RGBA,PNG,10391,b7f6d151a2f22a4bd8398e4daeba526b8e0c4a1b5da6916679faca275ef8badd,deee5b1a1e33579b3be2210ec9a9c79c816a93b7a0e44f6223ea103a3f2287d4,4752,3646,7986,"[2, 0, 125, 126]",1134,[]
04_FF_IV_ICON-Large/ICON-Large_04-FFIV_Cecil-Dark Knight_204000115.png,ICON-Large_04-FFIV_Cecil-Dark Knight_204000115.png,large,204000115,128,128,RGBA,PNG,12889,a220259ac775c45a508dda0233158fcbcdef9653e847fb1065a851f9542ed58a,5abb8ce6262b05b6d90ed8fc5bbce7782ff3f7bcd7e70dda69a56b02a9760a3c,6189,4386,5809,"[2, 0, 125, 126]",1824,[]
04_FF_IV_ICON-Large/ICON-Large_04-FFIV_Cecil-Dark Knight_204000116.png,ICON-Large_04-FFIV_Cecil-Dark Knight_204000116.png,large,204000116,128,128,RGBA,PNG,12993,61a19a6a4293f2352b0d014556a0d2aec0ced67b7d928ddd7c8fb2393dfdcc2b,56e35c6271125eb76f84aaa92ff365c20e4d8118e5fa9df538f0a22b807e83b1,6189,4386,5809,"[2, 0, 125, 126]",1857,[]
04_FF_IV_ICON-Large/ICON-Large_04-FFIV_Cecil-Dark Knight_204000117.png,ICON-Large_04-FFIV_Cecil-Dark Knight_204000117.png,large,204000117,128,128,RGBA,PNG,13113,a319a15141659d6221428790cd06caf9cd87a84811c2233bb5322b717cbdd291,e129493cf72a9493ffa31a6cdf4c1fcf0bf43a339727751163fc2d88714c1560,6070,4437,5877,"[2, 0, 125, 126]",1867,[]
04_FF_IV_ICON-Large/ICON-Large_04-FFIV_Cecil-Moonlit Guided Paladin_204003507.png,ICON-Large_04-FFIV_Cecil-Moonlit Guided Paladin_204003507.png,large,204003507,128,128,RGBA,PNG,10895,4430ee17bd5a94a74eb9b6c59c35be9d1aedb946199411faebd87a8940f81899,007416dca4838f2b2a58cd616a1c77c83f1f93ae5e0881426228f2f1414bc5c2,5821,3406,7157,"[2, 0, 125, 126]",1211,[]
04_FF_IV_ICON-Large/ICON-Large_04-FFIV_Cecil-Moonlit Guided Paladin_204003527.png,ICON-Large_04-FFIV_Cecil-Moonlit Guided Paladin_204003527.png,large,204003527,128,128,RGBA,PNG,10895,4430ee17bd5a94a74eb9b6c59c35be9d1aedb946199411faebd87a8940f81899,007416dca4838f2b2a58cd616a1c77c83f1f93ae5e0881426228f2f1414bc5c2,5821,3406,7157,"[2, 0, 125, 126]",1211,[]
04_FF_IV_ICON-Large/ICON-Large_04-FFIV_Cecil-Paladin_204002205.png,ICON-Large_04-FFIV_Cecil-Paladin_204002205.png,large,204002205,128,128,RGBA,PNG,11168,fadc34860852b56a4cf8c56b73a79b2fb3f5cde02df8c201ea8aec86b6d3fa2a,8e1d2ff5c21d6d8b770c03fe6a6ca0ef5f29edc6b895e7a4b3309b2a64f51f67,5859,3300,7225,"[2, 0, 125, 126]",1137,[]
04_FF_IV_ICON-Large/ICON-Large_04-FFIV_Cecil-Paladin_204002206.png,ICON-Large_04-FFIV_Cecil-Paladin_204002206.png,large,204002206,128,128,RGBA,PNG,11168,fadc34860852b56a4cf8c56b73a79b2fb3f5cde02df8c201ea8aec86b6d3fa2a,8e1d2ff5c21d6d8b770c03fe6a6ca0ef5f29edc6b895e7a4b3309b2a64f51f67,5859,3300,7225,"[2, 0, 125, 126]",1137,[]
04_FF_IV_ICON-Large/ICON-Large_04-FFIV_Cecil-Paladin_204002207.png,ICON-Large_04-FFIV_Cecil-Paladin_204002207.png,large,204002207,128,128,RGBA,PNG,11168,fadc34860852b56a4cf8c56b73a79b2fb3f5cde02df8c201ea8aec86b6d3fa2a,8e1d2ff5c21d6d8b770c03fe6a6ca0ef5f29edc6b895e7a4b3309b2a64f51f67,5859,3300,7225,"[2, 0, 125, 126]",1137,[]
04_FF_IV_ICON-Large/ICON-Large_04-FFIV_Cecil-Red Wings_Dark_204003207.png,ICON-Large_04-FFIV_Cecil-Red Wings_Dark_204003207.png,large,204003207,128,128,RGBA,PNG,10975,ca704344209578e3e70fbf026ee0fbfd328a8436285bc5372aa72912a46a06d6,c43c92c1a5e3d470a77eb6520bb6b34c2ef84e9aa39da182a761b9c94d5afc1a,6086,3679,6619,"[2, 0, 125, 126]",1166,[]
04_FF_IV_ICON-Large/ICON-Large_04-FFIV_Cecil-Red Wings_Light_204003217.png,ICON-Large_04-FFIV_Cecil-Red Wings_Light_204003217.png,large,204003217,128,128,RGBA,PNG,10895,4430ee17bd5a94a74eb9b6c59c35be9d1aedb946199411faebd87a8940f81899,007416dca4838f2b2a58cd616a1c77c83f1f93ae5e0881426228f2f1414bc5c2,5821,3406,7157,"[2, 0, 125, 126]",1211,[]
04_FF_IV_ICON-Large/ICON-Large_04-FFIV_Cecil_204000103.png,ICON-Large_04-FFIV_Cecil_204000103.png,large,204000103,128,128,RGBA,PNG,12709,08814e9bb03fc4b85f9dfe52ea87c3c2edc25fcf3461d471e0202415a25449ea,47539822f282a78309215aea7bc0e46b8cebd5438200ebca2f511bfcd333f0b0,6098,4262,6024,"[2, 0, 125, 126]",1747,[]
04_FF_IV_ICON-Large/ICON-Large_04-FFIV_Cecil_204000104.png,ICON-Large_04-FFIV_Cecil_204000104.png,large,204000104,128,128,RGBA,PNG,12321,25dc8426a245099ddcc1d071ab40e98128092c8833c039f791931ad99923c49b,3242b01ff0edb76bb252d4f15edb3f4ac73183ab276e24a035be17eac954647a,6086,4290,6008,"[2, 0, 125, 126]",1654,[]
04_FF_IV_ICON-Large/ICON-Large_04-FFIV_Cecil_204000105.png,ICON-Large_04-FFIV_Cecil_204000105.png,large,204000105,128,128,RGBA,PNG,12321,25dc8426a245099ddcc1d071ab40e98128092c8833c039f791931ad99923c49b,3242b01ff0edb76bb252d4f15edb3f4ac73183ab276e24a035be17eac954647a,6086,4290,6008,"[2, 0, 125, 126]",1654,[]
04_FF_IV_ICON-Large/ICON-Large_04-FFIV_Cecil_204000106.png,ICON-Large_04-FFIV_Cecil_204000106.png,large,204000106,128,128,RGBA,PNG,12321,25dc8426a245099ddcc1d071ab40e98128092c8833c039f791931ad99923c49b,3242b01ff0edb76bb252d4f15edb3f4ac73183ab276e24a035be17eac954647a,6086,4290,6008,"[2, 0, 125, 126]",1654,[]
04_FF_IV_ICON-Large/ICON-Large_04-FFIV_Ceodore_204002705.png,ICON-Large_04-FFIV_Ceodore_204002705.png,large,204002705,128,128,RGBA,PNG,11911,0c5c16b67968714ee6bbc34039f76d0fbbac45a2a91e81d774ed5189a1a5a578,13bfa760b0ed58bb9f373535c3e81e9a2b4b4abc4116a76e3b8d84f5869b8c59,5725,3916,6743,"[2, 0, 125, 126]",1324,[]
04_FF_IV_ICON-Large/ICON-Large_04-FFIV_Ceodore_204002706.png,ICON-Large_04-FFIV_Ceodore_204002706.png,large,204002706,128,128,RGBA,PNG,11911,0c5c16b67968714ee6bbc34039f76d0fbbac45a2a91e81d774ed5189a1a5a578,13bfa760b0ed58bb9f373535c3e81e9a2b4b4abc4116a76e3b8d84f5869b8c59,5725,3916,6743,"[2, 0, 125, 126]",1324,[]
04_FF_IV_ICON-Large/ICON-Large_04-FFIV_Ceodore_204002707.png,ICON-Large_04-FFIV_Ceodore_204002707.png,large,204002707,128,128,RGBA,PNG,11911,0c5c16b67968714ee6bbc34039f76d0fbbac45a2a91e81d774ed5189a1a5a578,13bfa760b0ed58bb9f373535c3e81e9a2b4b4abc4116a76e3b8d84f5869b8c59,5725,3916,6743,"[2, 0, 125, 126]",1324,[]
04_FF_IV_ICON-Large/ICON-Large_04-FFIV_Cid_204001004.png,ICON-Large_04-FFIV_Cid_204001004.png,large,204001004,128,128,RGBA,PNG,10669,2cb8f2f574a051cb333ac12337d27a067e2669321ce48448b4cc39e85519b7aa,70e3085954c6542859c21f8f1f008d0b461cfb6f0487881f3da6207d8b51bd44,5987,3502,6895,"[2, 0, 125, 126]",1114,[]
04_FF_IV_ICON-Large/ICON-Large_04-FFIV_Cid_204001005.png,ICON-Large_04-FFIV_Cid_204001005.png,large,204001005,128,128,RGBA,PNG,10669,2cb8f2f574a051cb333ac12337d27a067e2669321ce48448b4cc39e85519b7aa,70e3085954c6542859c21f8f1f008d0b461cfb6f0487881f3da6207d8b51bd44,5987,3502,6895,"[2, 0, 125, 126]",1114,[]
04_FF_IV_ICON-Large/ICON-Large_04-FFIV_Cid_204001006.png,ICON-Large_04-FFIV_Cid_204001006.png,large,204001006,128,128,RGBA,PNG,10669,2cb8f2f574a051cb333ac12337d27a067e2669321ce48448b4cc39e85519b7aa,70e3085954c6542859c21f8f1f008d0b461cfb6f0487881f3da6207d8b51bd44,5987,3502,6895,"[2, 0, 125, 126]",1114,[]
04_FF_IV_ICON-Large/ICON-Large_04-FFIV_Edge-Ninja_204003107.png,ICON-Large_04-FFIV_Edge-Ninja_204003107.png,large,204003107,128,128,RGBA,PNG,12780,2169f45ff5b9942f91f700ffa452ccf692f2d25abe951ac3a87277db7fa61660,b9136a31814d6127af117f53949bdcdce3fdf4a110f86c95b416ffa5beb1057f,6238,4555,5591,"[2, 0, 125, 126]",1750,[]
04_FF_IV_ICON-Large/ICON-Large_04-FFIV_Edge-Ninja_204003117.png,ICON-Large_04-FFIV_Edge-Ninja_204003117.png,large,204003117,128,128,RGBA,PNG,12780,2169f45ff5b9942f91f700ffa452ccf692f2d25abe951ac3a87277db7fa61660,b9136a31814d6127af117f53949bdcdce3fdf4a110f86c95b416ffa5beb1057f,6238,4555,5591,"[2, 0, 125, 126]",1750,[]
04_FF_IV_ICON-Large/ICON-Large_04-FFIV_Edge_204001103.png,ICON-Large_04-FFIV_Edge_204001103.png,large,204001103,128,128,RGBA,PNG,11915,6c9b8fd89f6cfa1e54d46802a0066144ef5682c979c2694d2a803f3529437807,4a35f097e061ffdbb99340fb77a1f29779c21bf860bdaaee10f293fbd317b43a,6120,3948,6316,"[2, 3, 125, 126]",1361,[]
04_FF_IV_ICON-Large/ICON-Large_04-FFIV_Edge_204001104.png,ICON-Large_04-FFIV_Edge_204001104.png,large,204001104,128,128,RGBA,PNG,11915,6c9b8fd89f6cfa1e54d46802a0066144ef5682c979c2694d2a803f3529437807,4a35f097e061ffdbb99340fb77a1f29779c21bf860bdaaee10f293fbd317b43a,6120,3948,6316,"[2, 3, 125, 126]",1361,[]
04_FF_IV_ICON-Large/ICON-Large_04-FFIV_Edge_204001105.png,ICON-Large_04-FFIV_Edge_204001105.png,large,204001105,128,128,RGBA,PNG,11915,6c9b8fd89f6cfa1e54d46802a0066144ef5682c979c2694d2a803f3529437807,4a35f097e061ffdbb99340fb77a1f29779c21bf860bdaaee10f293fbd317b43a,6120,3948,6316,"[2, 3, 125, 126]",1361,[]
04_FF_IV_ICON-Large/ICON-Large_04-FFIV_Edward_204000602.png,ICON-Large_04-FFIV_Edward_204000602.png,large,204000602,128,128,RGBA,PNG,13006,37cbeee3c6e57812166f0d5bd522c39d9542f47469ef6c2aa63a070e5ea12f27,1a54bf7bd3612e5c0245ce82969b52ee1a564aa225b3ced89cea7722f4c14366,5814,4945,5625,"[2, 0, 125, 126]",2050,[]
04_FF_IV_ICON-Large/ICON-Large_04-FFIV_Edward_204000603.png,ICON-Large_04-FFIV_Edward_204000603.png,large,204000603,128,128,RGBA,PNG,13006,37cbeee3c6e57812166f0d5bd522c39d9542f47469ef6c2aa63a070e5ea12f27,1a54bf7bd3612e5c0245ce82969b52ee1a564aa225b3ced89cea7722f4c14366,5814,4945,5625,"[2, 0, 125, 126]",2050,[]
04_FF_IV_ICON-Large/ICON-Large_04-FFIV_Edward_204000604.png,ICON-Large_04-FFIV_Edward_204000604.png,large,204000604,128,128,RGBA,PNG,13104,85e51307eb61e05181cd6853cb274fa0267516566191a2a848a70e3813498b86,3566703a16470599c1c88fea8e4b25b2192baefcddad7abd21192f5f6d2c12ba,5758,4996,5630,"[2, 0, 125, 126]",2092,[]
04_FF_IV_ICON-Large/ICON-Large_04-FFIV_Edward_204000605.png,ICON-Large_04-FFIV_Edward_204000605.png,large,204000605,128,128,RGBA,PNG,13581,81554a0d0c7885cb1d5f9be56c9f3a942e019e580ef387ff16672b3541061d95,86246dda35aa35f502d64c658a9ed793bbf4f634049ecb9d7245de43d9906368,5492,5078,5814,"[2, 0, 126, 126]",2161,[]
04_FF_IV_ICON-Large/ICON-Large_04-FFIV_Giant of Babel_100041817.png,ICON-Large_04-FFIV_Giant of Babel_100041817.png,large,100041817,128,128,RGBA,PNG,10717,b6a032c2e1bf30e19d2c0cc3df5c17f6adca7707ea680a048b8c6fe01964c60d,f50651d81b19ea86e4614af61e4939082a804e609caae7feaf0a95f7e6c67b26,6108,3424,6852,"[2, 3, 125, 126]",1119,[]
04_FF_IV_ICON-Large/ICON-Large_04-FFIV_Golbez-Black Mage_204001705.png,ICON-Large_04-FFIV_Golbez-Black Mage_204001705.png,large,204001705,128,128,RGBA,PNG,11741,705dd8e472b89acb8a769829203e45ece06781591cd96f331da71d814ec42c16,832bbf9d87d38caa1e23257aea6bece05a740318f5fb355b423a0ddaa221ba6a,6221,3731,6432,"[2, 0, 125, 126]",1279,[]
04_FF_IV_ICON-Large/ICON-Large_04-FFIV_Golbez-Black Mage_204001706.png,ICON-Large_04-FFIV_Golbez-Black Mage_204001706.png,large,204001706,128,128,RGBA,PNG,11741,705dd8e472b89acb8a769829203e45ece06781591cd96f331da71d814ec42c16,832bbf9d87d38caa1e23257aea6bece05a740318f5fb355b423a0ddaa221ba6a,6221,3731,6432,"[2, 0, 125, 126]",1279,[]
04_FF_IV_ICON-Large/ICON-Large_04-FFIV_Golbez-Black Mage_204001707.png,ICON-Large_04-FFIV_Golbez-Black Mage_204001707.png,large,204001707,128,128,RGBA,PNG,11741,705dd8e472b89acb8a769829203e45ece06781591cd96f331da71d814ec42c16,832bbf9d87d38caa1e23257aea6bece05a740318f5fb355b423a0ddaa221ba6a,6221,3731,6432,"[2, 0, 125, 126]",1279,[]
04_FF_IV_ICON-Large/ICON-Large_04-FFIV_Golbez-Black Mage_204001717.png,ICON-Large_04-FFIV_Golbez-Black Mage_204001717.png,large,204001717,128,128,RGBA,PNG,11741,705dd8e472b89acb8a769829203e45ece06781591cd96f331da71d814ec42c16,832bbf9d87d38caa1e23257aea6bece05a740318f5fb355b423a0ddaa221ba6a,6221,3731,6432,"[2, 0, 125, 126]",1279,[]
04_FF_IV_ICON-Large/ICON-Large_04-FFIV_Golbez-Black Mage_204001727.png,ICON-Large_04-FFIV_Golbez-Black Mage_204001727.png,large,204001727,128,128,RGBA,PNG,11741,705dd8e472b89acb8a769829203e45ece06781591cd96f331da71d814ec42c16,832bbf9d87d38caa1e23257aea6bece05a740318f5fb355b423a0ddaa221ba6a,6221,3731,6432,"[2, 0, 125, 126]",1279,[]
04_FF_IV_ICON-Large/ICON-Large_04-FFIV_Golbez-Dark Sorcerer_204003707.png,ICON-Large_04-FFIV_Golbez-Dark Sorcerer_204003707.png,large,204003707,128,128,RGBA,PNG,11765,7d918a9c83cd99036f821e2487aaa00e1ed791b81fc439b6aeb6f8b8b5b5300a,ec6f71d806f60a18d942978f709b67a9da1baf26cee18d8f5be2c2acd89f06eb,6174,3776,6434,"[2, 0, 125, 126]",1211,[]
04_FF_IV_ICON-Large/ICON-Large_04-FFIV_Golbez-Dark Sorcerer_204003727.png,ICON-Large_04-FFIV_Golbez-Dark Sorcerer_204003727.png,large,204003727,128,128,RGBA,PNG,11765,7d918a9c83cd99036f821e2487aaa00e1ed791b81fc439b6aeb6f8b8b5b5300a,ec6f71d806f60a18d942978f709b67a9da1baf26cee18d8f5be2c2acd89f06eb,6174,3776,6434,"[2, 0, 125, 126]",1211,[]
04_FF_IV_ICON-Large/ICON-Large_04-FFIV_Golbez_204001403.png,ICON-Large_04-FFIV_Golbez_204001403.png,large,204001403,128,128,RGBA,PNG,11095,ab6b54256e1a31e34a7078a17c76deba10d6691935f64fd21bf0ddb7df9ab8d8,2d3b6a1097c6991077c9470a24d6224de443e83b9f065d39c0d4670f0ca5cbf8,6243,3857,6284,"[2, 0, 125, 126]",1126,[]
04_FF_IV_ICON-Large/ICON-Large_04-FFIV_Golbez_204001404.png,ICON-Large_04-FFIV_Golbez_204001404.png,large,204001404,128,128,RGBA,PNG,11095,ab6b54256e1a31e34a7078a17c76deba10d6691935f64fd21bf0ddb7df9ab8d8,2d3b6a1097c6991077c9470a24d6224de443e83b9f065d39c0d4670f0ca5cbf8,6243,3857,6284,"[2, 0, 125, 126]",1126,[]
04_FF_IV_ICON-Large/ICON-Large_04-FFIV_Golbez_204001405.png,ICON-Large_04-FFIV_Golbez_204001405.png,large,204001405,128,128,RGBA,PNG,11095,ab6b54256e1a31e34a7078a17c76deba10d6691935f64fd21bf0ddb7df9ab8d8,2d3b6a1097c6991077c9470a24d6224de443e83b9f065d39c0d4670f0ca5cbf8,6243,3857,6284,"[2, 0, 125, 126]",1126,[]
04_FF_IV_ICON-Large/ICON-Large_04-FFIV_Kain-Atoning Dragoon_204001605.png,ICON-Large_04-FFIV_Kain-Atoning Dragoon_204001605.png,large,204001605,128,128,RGBA,PNG,10900,2d35846c9ad27c9adb2fb8ed76167cf3da8d20fe2c3abc310680c13c13681f79,0b233dc0f461dcd2c50ab09efc3faf219faf45c8bc31bc6ff63f5a6e1399a707,6214,3506,6664,"[2, 3, 125, 126]",1142,[]
04_FF_IV_ICON-Large/ICON-Large_04-FFIV_Kain-Atoning Dragoon_204001606.png,ICON-Large_04-FFIV_Kain-Atoning Dragoon_204001606.png,large,204001606,128,128,RGBA,PNG,10900,2d35846c9ad27c9adb2fb8ed76167cf3da8d20fe2c3abc310680c13c13681f79,0b233dc0f461dcd2c50ab09efc3faf219faf45c8bc31bc6ff63f5a6e1399a707,6214,3506,6664,"[2, 3, 125, 126]",1142,[]
04_FF_IV_ICON-Large/ICON-Large_04-FFIV_Kain-Atoning Dragoon_204001607.png,ICON-Large_04-FFIV_Kain-Atoning Dragoon_204001607.png,large,204001607,128,128,RGBA,PNG,10900,2d35846c9ad27c9adb2fb8ed76167cf3da8d20fe2c3abc310680c13c13681f79,0b233dc0f461dcd2c50ab09efc3faf219faf45c8bc31bc6ff63f5a6e1399a707,6214,3506,6664,"[2, 3, 125, 126]",1142,[]
04_FF_IV_ICON-Large/ICON-Large_04-FFIV_Kain-Dragoon_204002907.png,ICON-Large_04-FFIV_Kain-Dragoon_204002907.png,large,204002907,128,128,RGBA,PNG,11889,7b749f351c42fbd90aa70acb45231fbe752a627d424257f8499597312c5f8580,fa09b418b5b3edb3efec2fef476f26064f2b54e07ceef4d0ee58b563aa0d48ac,5441,4076,6867,"[2, 0, 125, 126]",1543,[]
04_FF_IV_ICON-Large/ICON-Large_04-FFIV_Kain-Holy Dragoon_204002917.png,ICON-Large_04-FFIV_Kain-Holy Dragoon_204002917.png,large,204002917,128,128,RGBA,PNG,11286,f3039f73965106d46cfb76878049425afb12f509b2d2b996bfa16b08313a219b,897a1a305bf49702e0cce6cc83b2e852dc3a2d114e70b645472b83021b526dc4,5677,3741,6966,"[2, 0, 125, 126]",1268,[]
04_FF_IV_ICON-Large/ICON-Large_04-FFIV_Kain-Noble Dragoon_204003607.png,ICON-Large_04-FFIV_Kain-Noble Dragoon_204003607.png,large,204003607,128,128,RGBA,PNG,11889,7b749f351c42fbd90aa70acb45231fbe752a627d424257f8499597312c5f8580,fa09b418b5b3edb3efec2fef476f26064f2b54e07ceef4d0ee58b563aa0d48ac,5441,4076,6867,"[2, 0, 125, 126]",1543,[]
04_FF_IV_ICON-Large/ICON-Large_04-FFIV_Kain-Noble Dragoon_204003617.png,ICON-Large_04-FFIV_Kain-Noble Dragoon_204003617.png,large,204003617,128,128,RGBA,PNG,11889,7b749f351c42fbd90aa70acb45231fbe752a627d424257f8499597312c5f8580,fa09b418b5b3edb3efec2fef476f26064f2b54e07ceef4d0ee58b563aa0d48ac,5441,4076,6867,"[2, 0, 125, 126]",1543,[]
04_FF_IV_ICON-Large/ICON-Large_04-FFIV_Kain-Noble Dragoon_204003627.png,ICON-Large_04-FFIV_Kain-Noble Dragoon_204003627.png,large,204003627,128,128,RGBA,PNG,11889,7b749f351c42fbd90aa70acb45231fbe752a627d424257f8499597312c5f8580,fa09b418b5b3edb3efec2fef476f26064f2b54e07ceef4d0ee58b563aa0d48ac,5441,4076,6867,"[2, 0, 125, 126]",1543,[]
04_FF_IV_ICON-Large/ICON-Large_04-FFIV_Kain-Noble Dragoon_204003637.png,ICON-Large_04-FFIV_Kain-Noble Dragoon_204003637.png,large,204003637,128,128,RGBA,PNG,11889,7b749f351c42fbd90aa70acb45231fbe752a627d424257f8499597312c5f8580,fa09b418b5b3edb3efec2fef476f26064f2b54e07ceef4d0ee58b563aa0d48ac,5441,4076,6867,"[2, 0, 125, 126]",1543,[]
04_FF_IV_ICON-Large/ICON-Large_04-FFIV_Kain_204000203.png,ICON-Large_04-FFIV_Kain_204000203.png,large,204000203,128,128,RGBA,PNG,11889,7b749f351c42fbd90aa70acb45231fbe752a627d424257f8499597312c5f8580,fa09b418b5b3edb3efec2fef476f26064f2b54e07ceef4d0ee58b563aa0d48ac,5441,4076,6867,"[2, 0, 125, 126]",1543,[]
04_FF_IV_ICON-Large/ICON-Large_04-FFIV_Kain_204000204.png,ICON-Large_04-FFIV_Kain_204000204.png,large,204000204,128,128,RGBA,PNG,11889,7b749f351c42fbd90aa70acb45231fbe752a627d424257f8499597312c5f8580,fa09b418b5b3edb3efec2fef476f26064f2b54e07ceef4d0ee58b563aa0d48ac,5441,4076,6867,"[2, 0, 125, 126]",1543,[]
04_FF_IV_ICON-Large/ICON-Large_04-FFIV_Kain_204000205.png,ICON-Large_04-FFIV_Kain_204000205.png,large,204000205,128,128,RGBA,PNG,11889,7b749f351c42fbd90aa70acb45231fbe752a627d424257f8499597312c5f8580,fa09b418b5b3edb3efec2fef476f26064f2b54e07ceef4d0ee58b563aa0d48ac,5441,4076,6867,"[2, 0, 125, 126]",1543,[]
04_FF_IV_ICON-Large/ICON-Large_04-FFIV_King Giott_204001302.png,ICON-Large_04-FFIV_King Giott_204001302.png,large,204001302,128,128,RGBA,PNG,10804,2f5275d6ac9322c4618948d24d6f6ea47fb75e41bdff3953020923627b350ccc,08d345c47c0e30b9bc2bb51e2bf36eec04dde9bc6aa01c13b1598439a367d2da,5415,3697,7272,"[2, 0, 125, 126]",1187,[]
04_FF_IV_ICON-Large/ICON-Large_04-FFIV_King Giott_204001303.png,ICON-Large_04-FFIV_King Giott_204001303.png,large,204001303,128,128,RGBA,PNG,11031,71d9a0667ff9e2bc666c50028e831bbf4b70ffc39517f3c2540f5d5e46e73abe,fc1208305321e71b61652209e3455102641dc69ceba5a83380b2764e7794a5e2,5393,3917,7074,"[2, 0, 125, 126]",1207,[]
04_FF_IV_ICON-Large/ICON-Large_04-FFIV_Palom & Porom_204002605.png,ICON-Large_04-FFIV_Palom & Porom_204002605.png,large,204002605,128,128,RGBA,PNG,10657,6602b63fe58637608af7a4d7015eb22799b37b5dff74bf8539ab04a772c2c658,d5dff671cbbf73cd1b90802ba5645781d44e79b5d3586b49e259dade48b935e6,5154,3417,7813,"[2, 0, 125, 126]",1130,[]
04_FF_IV_ICON-Large/ICON-Large_04-FFIV_Palom & Porom_204002606.png,ICON-Large_04-FFIV_Palom & Porom_204002606.png,large,204002606,128,128,RGBA,PNG,10657,6602b63fe58637608af7a4d7015eb22799b37b5dff74bf8539ab04a772c2c658,d5dff671cbbf73cd1b90802ba5645781d44e79b5d3586b49e259dade48b935e6,5154,3417,7813,"[2, 0, 125, 126]",1130,[]
04_FF_IV_ICON-Large/ICON-Large_04-FFIV_Palom & Porom_204002607.png,ICON-Large_04-FFIV_Palom & Porom_204002607.png,large,204002607,128,128,RGBA,PNG,10657,6602b63fe58637608af7a4d7015eb22799b37b5dff74bf8539ab04a772c2c658,d5dff671cbbf73cd1b90802ba5645781d44e79b5d3586b49e259dade48b935e6,5154,3417,7813,"[2, 0, 125, 126]",1130,[]
04_FF_IV_ICON-Large/ICON-Large_04-FFIV_Palom & Porom_204002617.png,ICON-Large_04-FFIV_Palom & Porom_204002617.png,large,204002617,128,128,RGBA,PNG,10657,6602b63fe58637608af7a4d7015eb22799b37b5dff74bf8539ab04a772c2c658,d5dff671cbbf73cd1b90802ba5645781d44e79b5d3586b49e259dade48b935e6,5154,3417,7813,"[2, 0, 125, 126]",1130,[]
04_FF_IV_ICON-Large/ICON-Large_04-FFIV_Palom & Porom_204002627.png,ICON-Large_04-FFIV_Palom & Porom_204002627.png,large,204002627,128,128,RGBA,PNG,10657,6602b63fe58637608af7a4d7015eb22799b37b5dff74bf8539ab04a772c2c658,d5dff671cbbf73cd1b90802ba5645781d44e79b5d3586b49e259dade48b935e6,5154,3417,7813,"[2, 0, 125, 126]",1130,[]
04_FF_IV_ICON-Large/ICON-Large_04-FFIV_Rosa-White Mage of Benediction_204003307.png,ICON-Large_04-FFIV_Rosa-White Mage of Benediction_204003307.png,large,204003307,128,128,RGBA,PNG,11605,ea5dc112efa2a81b7f5a4bc396af55001a1438bc7a43fc28e8d7da04aa3bbbd3,96312fe15f38147d4a097998bcc44153639b4acdf789c0739060b7ab3fbb0cb0,6332,3932,6120,"[2, 0, 125, 126]",1337,[]
04_FF_IV_ICON-Large/ICON-Large_04-FFIV_Rosa-White Mage of Benediction_204003317.png,ICON-Large_04-FFIV_Rosa-White Mage of Benediction_204003317.png,large,204003317,128,128,RGBA,PNG,11605,ea5dc112efa2a81b7f5a4bc396af55001a1438bc7a43fc28e8d7da04aa3bbbd3,96312fe15f38147d4a097998bcc44153639b4acdf789c0739060b7ab3fbb0cb0,6332,3932,6120,"[2, 0, 125, 126]",1337,[]
04_FF_IV_ICON-Large/ICON-Large_04-FFIV_Rosa-White Mage_204002405.png,ICON-Large_04-FFIV_Rosa-White Mage_204002405.png,large,204002405,128,128,RGBA,PNG,11446,28ea92c188350d50f67c0126e1e26d185cf5b83b94f3a152c979c6025b16860f,7ac61f4a95e165f559c01d30589072bdad1d1d06d510cdf8db14dcc9b911b5e4,6245,3940,6199,"[2, 0, 125, 126]",1346,[]
04_FF_IV_ICON-Large/ICON-Large_04-FFIV_Rosa-White Mage_204002406.png,ICON-Large_04-FFIV_Rosa-White Mage_204002406.png,large,204002406,128,128,RGBA,PNG,11446,28ea92c188350d50f67c0126e1e26d185cf5b83b94f3a152c979c6025b16860f,7ac61f4a95e165f559c01d30589072bdad1d1d06d510cdf8db14dcc9b911b5e4,6245,3940,6199,"[2, 0, 125, 126]",1346,[]
04_FF_IV_ICON-Large/ICON-Large_04-FFIV_Rosa-White Mage_204002407.png,ICON-Large_04-FFIV_Rosa-White Mage_204002407.png,large,204002407,128,128,RGBA,PNG,11446,28ea92c188350d50f67c0126e1e26d185cf5b83b94f3a152c979c6025b16860f,7ac61f4a95e165f559c01d30589072bdad1d1d06d510cdf8db14dcc9b911b5e4,6245,3940,6199,"[2, 0, 125, 126]",1346,[]
04_FF_IV_ICON-Large/ICON-Large_04-FFIV_Rosa_204000304.png,ICON-Large_04-FFIV_Rosa_204000304.png,large,204000304,128,128,RGBA,PNG,11605,ea5dc112efa2a81b7f5a4bc396af55001a1438bc7a43fc28e8d7da04aa3bbbd3,96312fe15f38147d4a097998bcc44153639b4acdf789c0739060b7ab3fbb0cb0,6332,3932,6120,"[2, 0, 125, 126]",1337,[]
04_FF_IV_ICON-Large/ICON-Large_04-FFIV_Rosa_204000305.png,ICON-Large_04-FFIV_Rosa_204000305.png,large,204000305,128,128,RGBA,PNG,11605,ea5dc112efa2a81b7f5a4bc396af55001a1438bc7a43fc28e8d7da04aa3bbbd3,96312fe15f38147d4a097998bcc44153639b4acdf789c0739060b7ab3fbb0cb0,6332,3932,6120,"[2, 0, 125, 126]",1337,[]
04_FF_IV_ICON-Large/ICON-Large_04-FFIV_Rosa_204000306.png,ICON-Large_04-FFIV_Rosa_204000306.png,large,204000306,128,128,RGBA,PNG,11713,480f3df2a75c9ac2dda1a60641730274c37201eaf10dd275dee9cd3c22571a13,db5134bdb34b47d1652b55e2260b95b388e61e8119b079eaa7441c0ee267d703,6261,4003,6120,"[2, 0, 125, 126]",1350,[]
04_FF_IV_ICON-Large/ICON-Large_04-FFIV_Rubicante_204001804.png,ICON-Large_04-FFIV_Rubicante_204001804.png,large,204001804,128,128,RGBA,PNG,12531,8355fdcf1b67a8d866a64ead444a6d772ef79a9c4702c78de43eac26c6f56ab0,06869e3d980704afde7fc8a991845628793c98751848b9d2201b75cc870ba9cf,5883,4393,6108,"[2, 0, 125, 126]",1870,[]
04_FF_IV_ICON-Large/ICON-Large_04-FFIV_Rubicante_204001805.png,ICON-Large_04-FFIV_Rubicante_204001805.png,large,204001805,128,128,RGBA,PNG,12531,8355fdcf1b67a8d866a64ead444a6d772ef79a9c4702c78de43eac26c6f56ab0,06869e3d980704afde7fc8a991845628793c98751848b9d2201b75cc870ba9cf,5883,4393,6108,"[2, 0, 125, 126]",1870,[]
04_FF_IV_ICON-Large/ICON-Large_04-FFIV_Rubicante_204001806.png,ICON-Large_04-FFIV_Rubicante_204001806.png,large,204001806,128,128,RGBA,PNG,12531,8355fdcf1b67a8d866a64ead444a6d772ef79a9c4702c78de43eac26c6f56ab0,06869e3d980704afde7fc8a991845628793c98751848b9d2201b75cc870ba9cf,5883,4393,6108,"[2, 0, 125, 126]",1870,[]
04_FF_IV_ICON-Large/ICON-Large_04-FFIV_Rubicante_204001807.png,ICON-Large_04-FFIV_Rubicante_204001807.png,large,204001807,128,128,RGBA,PNG,12531,8355fdcf1b67a8d866a64ead444a6d772ef79a9c4702c78de43eac26c6f56ab0,06869e3d980704afde7fc8a991845628793c98751848b9d2201b75cc870ba9cf,5883,4393,6108,"[2, 0, 125, 126]",1870,[]
04_FF_IV_ICON-Large/ICON-Large_04-FFIV_Rubicante_204001817.png,ICON-Large_04-FFIV_Rubicante_204001817.png,large,204001817,128,128,RGBA,PNG,12531,8355fdcf1b67a8d866a64ead444a6d772ef79a9c4702c78de43eac26c6f56ab0,06869e3d980704afde7fc8a991845628793c98751848b9d2201b75cc870ba9cf,5883,4393,6108,"[2, 0, 125, 126]",1870,[]
04_FF_IV_ICON-Large/ICON-Large_04-FFIV_Rubicante_204001827.png,ICON-Large_04-FFIV_Rubicante_204001827.png,large,204001827,128,128,RGBA,PNG,12531,8355fdcf1b67a8d866a64ead444a6d772ef79a9c4702c78de43eac26c6f56ab0,06869e3d980704afde7fc8a991845628793c98751848b9d2201b75cc870ba9cf,5883,4393,6108,"[2, 0, 125, 126]",1870,[]
04_FF_IV_ICON-Large/ICON-Large_04-FFIV_Rydia-Eidolon Whisperer_2040034017.png,ICON-Large_04-FFIV_Rydia-Eidolon Whisperer_2040034017.png,large,2040034017,128,128,RGBA,PNG,12216,acaefca055567698d29eb1530531fae9532db5efd66060a2ddfe4aebf97ac17d,bcf7eacf1d73cf35c4e8696f46f55544c95078a3aa9411369004622273adf2f4,6420,4272,5692,"[2, 0, 125, 126]",1657,[]
04_FF_IV_ICON-Large/ICON-Large_04-FFIV_Rydia-Eidolon Whisperer_204003407.png,ICON-Large_04-FFIV_Rydia-Eidolon Whisperer_204003407.png,large,204003407,128,128,RGBA,PNG,12216,acaefca055567698d29eb1530531fae9532db5efd66060a2ddfe4aebf97ac17d,bcf7eacf1d73cf35c4e8696f46f55544c95078a3aa9411369004622273adf2f4,6420,4272,5692,"[2, 0, 125, 126]",1657,[]
04_FF_IV_ICON-Large/ICON-Large_04-FFIV_Rydia-Pure Summoner_204001505.png,ICON-Large_04-FFIV_Rydia-Pure Summoner_204001505.png,large,204001505,128,128,RGBA,PNG,12216,acaefca055567698d29eb1530531fae9532db5efd66060a2ddfe4aebf97ac17d,bcf7eacf1d73cf35c4e8696f46f55544c95078a3aa9411369004622273adf2f4,6420,4272,5692,"[2, 0, 125, 126]",1657,[]
04_FF_IV_ICON-Large/ICON-Large_04-FFIV_Rydia-Pure Summoner_204001506.png,ICON-Large_04-FFIV_Rydia-Pure Summoner_204001506.png,large,204001506,128,128,RGBA,PNG,12216,acaefca055567698d29eb1530531fae9532db5efd66060a2ddfe4aebf97ac17d,bcf7eacf1d73cf35c4e8696f46f55544c95078a3aa9411369004622273adf2f4,6420,4272,5692,"[2, 0, 125, 126]",1657,[]
04_FF_IV_ICON-Large/ICON-Large_04-FFIV_Rydia-Pure Summoner_204001507.png,ICON-Large_04-FFIV_Rydia-Pure Summoner_204001507.png,large,204001507,128,128,RGBA,PNG,12216,acaefca055567698d29eb1530531fae9532db5efd66060a2ddfe4aebf97ac17d,bcf7eacf1d73cf35c4e8696f46f55544c95078a3aa9411369004622273adf2f4,6420,4272,5692,"[2, 0, 125, 126]",1657,[]
04_FF_IV_ICON-Large/ICON-Large_04-FFIV_Rydia-Summoner_204003007.png,ICON-Large_04-FFIV_Rydia-Summoner_204003007.png,large,204003007,128,128,RGBA,PNG,12122,1fcf4e41251342626ce58adc283fced86c4478d1d3326dbe6e65bb6d7ed37dc7,a736f0dec4a980193d9af053c5215c15bb01ea3bf8886f683e30dce3f9880853,6298,4178,5908,"[2, 1, 125, 126]",1577,[]
04_FF_IV_ICON-Large/ICON-Large_04-FFIV_Rydia-Summoner_204003017.png,ICON-Large_04-FFIV_Rydia-Summoner_204003017.png,large,204003017,128,128,RGBA,PNG,12122,1fcf4e41251342626ce58adc283fced86c4478d1d3326dbe6e65bb6d7ed37dc7,a736f0dec4a980193d9af053c5215c15bb01ea3bf8886f683e30dce3f9880853,6298,4178,5908,"[2, 1, 125, 126]",1577,[]
04_FF_IV_ICON-Large/ICON-Large_04-FFIV_Rydia_204000403.png,ICON-Large_04-FFIV_Rydia_204000403.png,large,204000403,128,128,RGBA,PNG,12442,dee50afdaa5418259f38e06bc86fd06c8dd6f4a4fbabc56fc2a90c8123780cc7,14dc8f3351050c5202607813401987099d6b1d4f018c57a07486886d160bcc3c,6320,4182,5882,"[2, 1, 125, 126]",1579,[]
04_FF_IV_ICON-Large/ICON-Large_04-FFIV_Rydia_204000404.png,ICON-Large_04-FFIV_Rydia_204000404.png,large,204000404,128,128,RGBA,PNG,12500,01ab1dccf63477ebe17d3cc12255b465efcc12387428d46d475aca9fabf00b75,a8ae52ca6a3c5de0b514235167573a261990b564e8d882ce9d66fe1c5bc7e350,6320,4182,5882,"[2, 1, 125, 126]",1588,[]
04_FF_IV_ICON-Large/ICON-Large_04-FFIV_Rydia_204000405.png,ICON-Large_04-FFIV_Rydia_204000405.png,large,204000405,128,128,RGBA,PNG,12902,1084e3c290b0948b56cfae9ffea7a65bf6bb19b99312cc5e424aa7e663edb7a3,0e34c694b933d882ca00aa7bb7247bdc485921ffdb8f88dfa39f3c3457e726f4,6267,4426,5691,"[2, 1, 125, 126]",1612,[]
04_FF_IV_ICON-Large/ICON-Large_04-FFIV_Scarmiglione_204002003.png,ICON-Large_04-FFIV_Scarmiglione_204002003.png,large,204002003,128,128,RGBA,PNG,9328,ca43ccdac797ff221e3decbc03957a9867e7ee1269bbbc9247bf8381fb3e45d5,7301f4fcbf9e86447adfaf3f28837b3aa6ae5e578a89e0525ba2c106aa90b28b,5223,3275,7886,"[2, 1, 125, 126]",997,[]
04_FF_IV_ICON-Large/ICON-Large_04-FFIV_Scarmiglione_204002004.png,ICON-Large_04-FFIV_Scarmiglione_204002004.png,large,204002004,128,128,RGBA,PNG,9328,ca43ccdac797ff221e3decbc03957a9867e7ee1269bbbc9247bf8381fb3e45d5,7301f4fcbf9e86447adfaf3f28837b3aa6ae5e578a89e0525ba2c106aa90b28b,5223,3275,7886,"[2, 1, 125, 126]",997,[]
04_FF_IV_ICON-Large/ICON-Large_04-FFIV_Scarmiglione_204002005.png,ICON-Large_04-FFIV_Scarmiglione_204002005.png,large,204002005,128,128,RGBA,PNG,9328,ca43ccdac797ff221e3decbc03957a9867e7ee1269bbbc9247bf8381fb3e45d5,7301f4fcbf9e86447adfaf3f28837b3aa6ae5e578a89e0525ba2c106aa90b28b,5223,3275,7886,"[2, 1, 125, 126]",997,[]
04_FF_IV_ICON-Large/ICON-Large_04-FFIV_Tellah_204000503.png,ICON-Large_04-FFIV_Tellah_204000503.png,large,204000503,128,128,RGBA,PNG,11204,844c0014b38b8907fca66ac040f55456ccc73f378dd03f83544c94cf8dcf973b,bced0877ae556651ae4f87128f271af399aa0f0c31ef7f99af1884b7da3cb0ea,5588,3626,7170,"[2, 3, 125, 126]",1253,[]
04_FF_IV_ICON-Large/ICON-Large_04-FFIV_Tellah_204000504.png,ICON-Large_04-FFIV_Tellah_204000504.png,large,204000504,128,128,RGBA,PNG,11274,c1a224e695eef24393cfc40b8cda1a6770a1fa0210634b2db5d492ab4de8660c,401e83012046ed27d897eec86e6197a7df25ad3aeef39da7f0e7817f94ad4865,5588,3626,7170,"[2, 3, 125, 126]",1266,[]
04_FF_IV_ICON-Large/ICON-Large_04-FFIV_Tellah_204000505.png,ICON-Large_04-FFIV_Tellah_204000505.png,large,204000505,128,128,RGBA,PNG,10979,883fb17f4a37b0bfebe05d72c580a62020d0af88476132c89674228530e862b5,e71ef799a3d9acb1113919240f6b5a72d7478ee6c13ece765565e8c1bfd42620,5506,3322,7556,"[2, 3, 125, 126]",1207,[]
04_FF_IV_ICON-Large/ICON-Large_04-FFIV_Ursula_204002805.png,ICON-Large_04-FFIV_Ursula_204002805.png,large,204002805,128,128,RGBA,PNG,11780,1b51a6e1c1e50812c6400d60d7fcd91dec2ce10fb540e23a7457b19e7c364549,d9372155279f8cacbf483c97cab4098c022e6a40ddb64c180b3a51705bf7cc5c,5875,4020,6489,"[2, 0, 125, 126]",1448,[]
04_FF_IV_ICON-Large/ICON-Large_04-FFIV_Ursula_204002806.png,ICON-Large_04-FFIV_Ursula_204002806.png,large,204002806,128,128,RGBA,PNG,11780,1b51a6e1c1e50812c6400d60d7fcd91dec2ce10fb540e23a7457b19e7c364549,d9372155279f8cacbf483c97cab4098c022e6a40ddb64c180b3a51705bf7cc5c,5875,4020,6489,"[2, 0, 125, 126]",1448,[]
04_FF_IV_ICON-Large/ICON-Large_04-FFIV_Ursula_204002807.png,ICON-Large_04-FFIV_Ursula_204002807.png,large,204002807,128,128,RGBA,PNG,11780,1b51a6e1c1e50812c6400d60d7fcd91dec2ce10fb540e23a7457b19e7c364549,d9372155279f8cacbf483c97cab4098c022e6a40ddb64c180b3a51705bf7cc5c,5875,4020,6489,"[2, 0, 125, 126]",1448,[]
04_FF_IV_ICON-Large/ICON-Large_04-FFIV_Yang_204000704.png,ICON-Large_04-FFIV_Yang_204000704.png,large,204000704,128,128,RGBA,PNG,13640,8e0573494be14b1a04c461e289429a0de1ec50c66cdd6fb7754e3bbe1a49871e,1fca9cc93b79aed6d4a973ea1be16c52d62a2362f762312b4deeed0a36783285,6257,4873,5254,"[2, 0, 125, 126]",1947,[]
04_FF_IV_ICON-Large/ICON-Large_04-FFIV_Yang_204000705.png,ICON-Large_04-FFIV_Yang_204000705.png,large,204000705,128,128,RGBA,PNG,13640,8e0573494be14b1a04c461e289429a0de1ec50c66cdd6fb7754e3bbe1a49871e,1fca9cc93b79aed6d4a973ea1be16c52d62a2362f762312b4deeed0a36783285,6257,4873,5254,"[2, 0, 125, 126]",1947,[]
04_FF_IV_ICON-Large/ICON-Large_04-FFIV_Yang_204000706.png,ICON-Large_04-FFIV_Yang_204000706.png,large,204000706,128,128,RGBA,PNG,13640,8e0573494be14b1a04c461e289429a0de1ec50c66cdd6fb7754e3bbe1a49871e,1fca9cc93b79aed6d4a973ea1be16c52d62a2362f762312b4deeed0a36783285,6257,4873,5254,"[2, 0, 125, 126]",1947,[]
04_FF_IV_ICON-Large/ICON-Large_04-FFIV_Zeromus_204003807.png,ICON-Large_04-FFIV_Zeromus_204003807.png,large,204003807,128,128,RGBA,PNG,10363,9e205ae75dac7fff5bfaafd372d8aee2d08f6fcc1ac670bdcfaa15dbbed3be87,f0455aa45ab4a0f0aa07829820635a8fc3eef39d7c353d2e6b9fdb841f049061,4497,3270,8617,"[2, 0, 125, 126]",1126,[]
04_FF_IV_ICON-Large/ICON-Large_04-FFIV_Zeromus_204003817.png,ICON-Large_04-FFIV_Zeromus_204003817.png,large,204003817,128,128,RGBA,PNG,10363,9e205ae75dac7fff5bfaafd372d8aee2d08f6fcc1ac670bdcfaa15dbbed3be87,f0455aa45ab4a0f0aa07829820635a8fc3eef39d7c353d2e6b9fdb841f049061,4497,3270,8617,"[2, 0, 125, 126]",1126,[]
04_FF_IV_ICON-Large/ICON-Large_04-FFIV_Zeromus_204003827.png,ICON-Large_04-FFIV_Zeromus_204003827.png,large,204003827,128,128,RGBA,PNG,10363,9e205ae75dac7fff5bfaafd372d8aee2d08f6fcc1ac670bdcfaa15dbbed3be87,f0455aa45ab4a0f0aa07829820635a8fc3eef39d7c353d2e6b9fdb841f049061,4497,3270,8617,"[2, 0, 125, 126]",1126,[]
04_FF_IV_ICON-Large/ICON-Large_04-FFIV_Zeromus_204003837.png,ICON-Large_04-FFIV_Zeromus_204003837.png,large,204003837,128,128,RGBA,PNG,10363,9e205ae75dac7fff5bfaafd372d8aee2d08f6fcc1ac670bdcfaa15dbbed3be87,f0455aa45ab4a0f0aa07829820635a8fc3eef39d7c353d2e6b9fdb841f049061,4497,3270,8617,"[2, 0, 125, 126]",1126,[]
04_FF_IV_ICON_Ability/ICON_Ability_04-FFIV_Barbariccia_204001904.png,ICON_Ability_04-FFIV_Barbariccia_204001904.png,ability,204001904,64,64,RGBA,PNG,5241,ef438639f5408c91b55897947cf7aaff42c411f259c264f11345f03d48322d2b,6c06e3f78bbd425dee8124f5bdaa22ba197d73760a2a2ea9a3e8eea05d08e4dc,1524,324,2248,"[1, 6, 62, 64]",750,[]
04_FF_IV_ICON_Ability/ICON_Ability_04-FFIV_Barbariccia_204001905.png,ICON_Ability_04-FFIV_Barbariccia_204001905.png,ability,204001905,64,64,RGBA,PNG,5241,ef438639f5408c91b55897947cf7aaff42c411f259c264f11345f03d48322d2b,6c06e3f78bbd425dee8124f5bdaa22ba197d73760a2a2ea9a3e8eea05d08e4dc,1524,324,2248,"[1, 6, 62, 64]",750,[]
04_FF_IV_ICON_Ability/ICON_Ability_04-FFIV_Barbariccia_204001906.png,ICON_Ability_04-FFIV_Barbariccia_204001906.png,ability,204001906,64,64,RGBA,PNG,5241,ef438639f5408c91b55897947cf7aaff42c411f259c264f11345f03d48322d2b,6c06e3f78bbd425dee8124f5bdaa22ba197d73760a2a2ea9a3e8eea05d08e4dc,1524,324,2248,"[1, 6, 62, 64]",750,[]
04_FF_IV_ICON_Ability/ICON_Ability_04-FFIV_Barbariccia_204001907.png,ICON_Ability_04-FFIV_Barbariccia_204001907.png,ability,204001907,64,64,RGBA,PNG,5241,ef438639f5408c91b55897947cf7aaff42c411f259c264f11345f03d48322d2b,6c06e3f78bbd425dee8124f5bdaa22ba197d73760a2a2ea9a3e8eea05d08e4dc,1524,324,2248,"[1, 6, 62, 64]",750,[]
04_FF_IV_ICON_Ability/ICON_Ability_04-FFIV_Barbariccia_204001917.png,ICON_Ability_04-FFIV_Barbariccia_204001917.png,ability,204001917,64,64,RGBA,PNG,5241,ef438639f5408c91b55897947cf7aaff42c411f259c264f11345f03d48322d2b,6c06e3f78bbd425dee8124f5bdaa22ba197d73760a2a2ea9a3e8eea05d08e4dc,1524,324,2248,"[1, 6, 62, 64]",750,[]
04_FF_IV_ICON_Ability/ICON_Ability_04-FFIV_Barbariccia_204001927.png,ICON_Ability_04-FFIV_Barbariccia_204001927.png,ability,204001927,64,64,RGBA,PNG,5241,ef438639f5408c91b55897947cf7aaff42c411f259c264f11345f03d48322d2b,6c06e3f78bbd425dee8124f5bdaa22ba197d73760a2a2ea9a3e8eea05d08e4dc,1524,324,2248,"[1, 6, 62, 64]",750,[]
04_FF_IV_ICON_Ability/ICON_Ability_04-FFIV_Cagnazzo_204002104.png,ICON_Ability_04-FFIV_Cagnazzo_204002104.png,ability,204002104,64,64,RGBA,PNG,5292,f08ec2cf2afbae67ee691833d2d5cba588e745d93abe8d7299ac6a208236b183,5a10991c174757a381eaaf1b1653ee4f6ec3050d41a66856295100e41d64902a,1524,322,2250,"[1, 6, 62, 64]",733,[]
04_FF_IV_ICON_Ability/ICON_Ability_04-FFIV_Cagnazzo_204002105.png,ICON_Ability_04-FFIV_Cagnazzo_204002105.png,ability,204002105,64,64,RGBA,PNG,5292,f08ec2cf2afbae67ee691833d2d5cba588e745d93abe8d7299ac6a208236b183,5a10991c174757a381eaaf1b1653ee4f6ec3050d41a66856295100e41d64902a,1524,322,2250,"[1, 6, 62, 64]",733,[]
04_FF_IV_ICON_Ability/ICON_Ability_04-FFIV_Cagnazzo_204002106.png,ICON_Ability_04-FFIV_Cagnazzo_204002106.png,ability,204002106,64,64,RGBA,PNG,5292,f08ec2cf2afbae67ee691833d2d5cba588e745d93abe8d7299ac6a208236b183,5a10991c174757a381eaaf1b1653ee4f6ec3050d41a66856295100e41d64902a,1524,322,2250,"[1, 6, 62, 64]",733,[]
04_FF_IV_ICON_Ability/ICON_Ability_04-FFIV_Cecil-Dark Knight_204000115.png,ICON_Ability_04-FFIV_Cecil-Dark Knight_204000115.png,ability,204000115,64,64,RGBA,PNG,6026,91bde8b471ea051eacee7458b376c94deacdc76a7e90fa796ed6f93a50e27833,c3a613924c534ea36ddc118b658b494f6aacae9805fb34d82dcd8e509422354b,1524,322,2250,"[1, 6, 62, 64]",1124,[]
04_FF_IV_ICON_Ability/ICON_Ability_04-FFIV_Cecil-Dark Knight_204000116.png,ICON_Ability_04-FFIV_Cecil-Dark Knight_204000116.png,ability,204000116,64,64,RGBA,PNG,6057,3385fa638439a833ce67cafcf379fc8559d9c658960cc7a79e028b2b2c310599,a991c3192c7f1e125fafdfbd775624597ad90082c615134bd45692c9f6f6ad26,1524,322,2250,"[1, 6, 62, 64]",1139,[]
04_FF_IV_ICON_Ability/ICON_Ability_04-FFIV_Cecil-Dark Knight_204000117.png,ICON_Ability_04-FFIV_Cecil-Dark Knight_204000117.png,ability,204000117,64,64,RGBA,PNG,6098,b2cdf5f613fe3a15e4a344bce52895056db3beea1a8b7ff992604a0c3a2af986,0607d355e89482308475cdb64cde8c6dea957c8cb66d9d084ca6b081e36c588c,1524,322,2250,"[1, 6, 62, 64]",1153,[]
04_FF_IV_ICON_Ability/ICON_Ability_04-FFIV_Cecil-Moonlit Guided Paladin_204003507.png,ICON_Ability_04-FFIV_Cecil-Moonlit Guided Paladin_204003507.png,ability,204003507,64,64,RGBA,PNG,5670,8c73314fb6556a258be3458a4c99d57ad9ef5c725d7152bf2697fe94d7dfd98e,346a8950780f5c29f9ae90442d7ecaf8f6ee7e0f556b1d5f696d53e6eb9bd5a7,1524,322,2250,"[1, 6, 62, 64]",797,[]
04_FF_IV_ICON_Ability/ICON_Ability_04-FFIV_Cecil-Moonlit Guided Paladin_204003527.png,ICON_Ability_04-FFIV_Cecil-Moonlit Guided Paladin_204003527.png,ability,204003527,64,64,RGBA,PNG,5670,8c73314fb6556a258be3458a4c99d57ad9ef5c725d7152bf2697fe94d7dfd98e,346a8950780f5c29f9ae90442d7ecaf8f6ee7e0f556b1d5f696d53e6eb9bd5a7,1524,322,2250,"[1, 6, 62, 64]",797,[]
04_FF_IV_ICON_Ability/ICON_Ability_04-FFIV_Cecil-Paladin_204002205.png,ICON_Ability_04-FFIV_Cecil-Paladin_204002205.png,ability,204002205,64,64,RGBA,PNG,5566,dd3641552743df682a443fc994b79cde21be852d83003a83e0d6fa8308d625b7,63ad7867a21ccf290147a14668cda0315ea1662ffb59a6b2d228dca4b6289e58,1524,322,2250,"[1, 6, 62, 64]",761,[]
04_FF_IV_ICON_Ability/ICON_Ability_04-FFIV_Cecil-Paladin_204002206.png,ICON_Ability_04-FFIV_Cecil-Paladin_204002206.png,ability,204002206,64,64,RGBA,PNG,5566,dd3641552743df682a443fc994b79cde21be852d83003a83e0d6fa8308d625b7,63ad7867a21ccf290147a14668cda0315ea1662ffb59a6b2d228dca4b6289e58,1524,322,2250,"[1, 6, 62, 64]",761,[]
04_FF_IV_ICON_Ability/ICON_Ability_04-FFIV_Cecil-Paladin_204002207.png,ICON_Ability_04-FFIV_Cecil-Paladin_204002207.png,ability,204002207,64,64,RGBA,PNG,5566,dd3641552743df682a443fc994b79cde21be852d83003a83e0d6fa8308d625b7,63ad7867a21ccf290147a14668cda0315ea1662ffb59a6b2d228dca4b6289e58,1524,322,2250,"[1, 6, 62, 64]",761,[]
04_FF_IV_ICON_Ability/ICON_Ability_04-FFIV_Cecil-Red Wings_Dark_204003207.png,ICON_Ability_04-FFIV_Cecil-Red Wings_Dark_204003207.png,ability,204003207,64,64,RGBA,PNG,5552,8cbe3321579c87ece921641dd4af8d07f56b6863872714c9a29a16e205c8d7e7,e4ba057ff03ba6b8052bd0a0e2582bf1eacdfec81de0b5f8f9866e48677c78bb,1524,322,2250,"[1, 6, 62, 64]",793,[]
04_FF_IV_ICON_Ability/ICON_Ability_04-FFIV_Cecil-Red Wings_Light_204003217.png,ICON_Ability_04-FFIV_Cecil-Red Wings_Light_204003217.png,ability,204003217,64,64,RGBA,PNG,5670,8c73314fb6556a258be3458a4c99d57ad9ef5c725d7152bf2697fe94d7dfd98e,346a8950780f5c29f9ae90442d7ecaf8f6ee7e0f556b1d5f696d53e6eb9bd5a7,1524,322,2250,"[1, 6, 62, 64]",797,[]
04_FF_IV_ICON_Ability/ICON_Ability_04-FFIV_Cecil_204000103.png,ICON_Ability_04-FFIV_Cecil_204000103.png,ability,204000103,64,64,RGBA,PNG,6084,c58e564370ac563d6269e569b3937c44553403c719e66e4eaff17cae434bf943,e3ba1081fd25756e5e1e3b756256b10e5df6e0954231bb6b0afa4acc6cf6f856,1524,322,2250,"[1, 6, 62, 64]",1202,[]
04_FF_IV_ICON_Ability/ICON_Ability_04-FFIV_Cecil_204000104.png,ICON_Ability_04-FFIV_Cecil_204000104.png,ability,204000104,64,64,RGBA,PNG,5958,c6c047e94c4da27ac1a0850d098ca599fa836489050e39d5c0fbe11a2f3c63f7,4762a9c7dbd70cf5420078bb6d3e752021f1be24de36a65bd98c162f8ca381b9,1524,322,2250,"[1, 6, 62, 64]",1049,[]
04_FF_IV_ICON_Ability/ICON_Ability_04-FFIV_Cecil_204000105.png,ICON_Ability_04-FFIV_Cecil_204000105.png,ability,204000105,64,64,RGBA,PNG,5958,c6c047e94c4da27ac1a0850d098ca599fa836489050e39d5c0fbe11a2f3c63f7,4762a9c7dbd70cf5420078bb6d3e752021f1be24de36a65bd98c162f8ca381b9,1524,322,2250,"[1, 6, 62, 64]",1049,[]
04_FF_IV_ICON_Ability/ICON_Ability_04-FFIV_Cecil_204000106.png,ICON_Ability_04-FFIV_Cecil_204000106.png,ability,204000106,64,64,RGBA,PNG,5958,c6c047e94c4da27ac1a0850d098ca599fa836489050e39d5c0fbe11a2f3c63f7,4762a9c7dbd70cf5420078bb6d3e752021f1be24de36a65bd98c162f8ca381b9,1524,322,2250,"[1, 6, 62, 64]",1049,[]
04_FF_IV_ICON_Ability/ICON_Ability_04-FFIV_Ceodore_204002705.png,ICON_Ability_04-FFIV_Ceodore_204002705.png,ability,204002705,64,64,RGBA,PNG,5795,4f44d27f0bad5dca1bea5d2d6f93f4e2827e41e1bfd866e3e88f447b8aab5316,d76661bf9e686c7f03016413388c615cd2c49f3a3e6340b8e3b86c2540afa1d3,1524,322,2250,"[1, 6, 62, 64]",821,[]
04_FF_IV_ICON_Ability/ICON_Ability_04-FFIV_Ceodore_204002706.png,ICON_Ability_04-FFIV_Ceodore_204002706.png,ability,204002706,64,64,RGBA,PNG,5795,4f44d27f0bad5dca1bea5d2d6f93f4e2827e41e1bfd866e3e88f447b8aab5316,d76661bf9e686c7f03016413388c615cd2c49f3a3e6340b8e3b86c2540afa1d3,1524,322,2250,"[1, 6, 62, 64]",821,[]
04_FF_IV_ICON_Ability/ICON_Ability_04-FFIV_Ceodore_204002707.png,ICON_Ability_04-FFIV_Ceodore_204002707.png,ability,204002707,64,64,RGBA,PNG,5795,4f44d27f0bad5dca1bea5d2d6f93f4e2827e41e1bfd866e3e88f447b8aab5316,d76661bf9e686c7f03016413388c615cd2c49f3a3e6340b8e3b86c2540afa1d3,1524,322,2250,"[1, 6, 62, 64]",821,[]
04_FF_IV_ICON_Ability/ICON_Ability_04-FFIV_Cid_204001004.png,ICON_Ability_04-FFIV_Cid_204001004.png,ability,204001004,64,64,RGBA,PNG,5572,a314896ecd7e1b6d9c09692cfdc5387272dc1a6f0605071c49fc4fe8121f2095,71024b533992f7f0c6f4edad9fd756418ddec73ba7e21d39b3d2b89f4fd5827b,1524,322,2250,"[1, 6, 62, 64]",804,[]
04_FF_IV_ICON_Ability/ICON_Ability_04-FFIV_Cid_204001005.png,ICON_Ability_04-FFIV_Cid_204001005.png,ability,204001005,64,64,RGBA,PNG,5572,a314896ecd7e1b6d9c09692cfdc5387272dc1a6f0605071c49fc4fe8121f2095,71024b533992f7f0c6f4edad9fd756418ddec73ba7e21d39b3d2b89f4fd5827b,1524,322,2250,"[1, 6, 62, 64]",804,[]
04_FF_IV_ICON_Ability/ICON_Ability_04-FFIV_Cid_204001006.png,ICON_Ability_04-FFIV_Cid_204001006.png,ability,204001006,64,64,RGBA,PNG,5572,a314896ecd7e1b6d9c09692cfdc5387272dc1a6f0605071c49fc4fe8121f2095,71024b533992f7f0c6f4edad9fd756418ddec73ba7e21d39b3d2b89f4fd5827b,1524,322,2250,"[1, 6, 62, 64]",804,[]
04_FF_IV_ICON_Ability/ICON_Ability_04-FFIV_Edge-Ninja_204003107.png,ICON_Ability_04-FFIV_Edge-Ninja_204003107.png,ability,204003107,64,64,RGBA,PNG,5608,e7128e6c012b824dfaa0a5fc4e7dd9d12c1f3f97322189cae93b659d87e2ae0e,4097205fbebb9a8fe067f539a25e5bf4407977df70d1d2382926c3bb43555412,1524,322,2250,"[1, 6, 62, 64]",867,[]
04_FF_IV_ICON_Ability/ICON_Ability_04-FFIV_Edge-Ninja_204003117.png,ICON_Ability_04-FFIV_Edge-Ninja_204003117.png,ability,204003117,64,64,RGBA,PNG,5608,e7128e6c012b824dfaa0a5fc4e7dd9d12c1f3f97322189cae93b659d87e2ae0e,4097205fbebb9a8fe067f539a25e5bf4407977df70d1d2382926c3bb43555412,1524,322,2250,"[1, 6, 62, 64]",867,[]
04_FF_IV_ICON_Ability/ICON_Ability_04-FFIV_Edge_204001103.png,ICON_Ability_04-FFIV_Edge_204001103.png,ability,204001103,64,64,RGBA,PNG,5846,74a87168a73f7382e0915b02ff695861db257fc8bbda1d5cc96689d70beb58de,b5db03dfe53467d9d3fb8598a5b9c16bfe705259ceb8307c40eab00bee361a26,1524,322,2250,"[1, 6, 62, 64]",821,[]
04_FF_IV_ICON_Ability/ICON_Ability_04-FFIV_Edge_204001104.png,ICON_Ability_04-FFIV_Edge_204001104.png,ability,204001104,64,64,RGBA,PNG,5846,74a87168a73f7382e0915b02ff695861db257fc8bbda1d5cc96689d70beb58de,b5db03dfe53467d9d3fb8598a5b9c16bfe705259ceb8307c40eab00bee361a26,1524,322,2250,"[1, 6, 62, 64]",821,[]
04_FF_IV_ICON_Ability/ICON_Ability_04-FFIV_Edge_204001105.png,ICON_Ability_04-FFIV_Edge_204001105.png,ability,204001105,64,64,RGBA,PNG,5846,74a87168a73f7382e0915b02ff695861db257fc8bbda1d5cc96689d70beb58de,b5db03dfe53467d9d3fb8598a5b9c16bfe705259ceb8307c40eab00bee361a26,1524,322,2250,"[1, 6, 62, 64]",821,[]
04_FF_IV_ICON_Ability/ICON_Ability_04-FFIV_Edward_204000603.png,ICON_Ability_04-FFIV_Edward_204000603.png,ability,204000603,64,64,RGBA,PNG,6052,1ab7980be501c6cf8abb87eed6e101c6c069148e54bba7c32a1688a03b7d52b1,793c9a1f9bd41ae5f250c6b80d662d506529e340f850c8062bc7307397ce0725,1524,322,2250,"[1, 6, 62, 64]",1193,[]
04_FF_IV_ICON_Ability/ICON_Ability_04-FFIV_Edward_204000604.png,ICON_Ability_04-FFIV_Edward_204000604.png,ability,204000604,64,64,RGBA,PNG,6090,c3cde21ad3458383ccef084f6968715809ea8883629f6cd801230a984b41fd3d,42e99471c5c80f88508829293e95ce3931621fb9ef799027ddde9312c690b3b3,1524,322,2250,"[1, 6, 62, 64]",1205,[]
04_FF_IV_ICON_Ability/ICON_Ability_04-FFIV_Edward_204000605.png,ICON_Ability_04-FFIV_Edward_204000605.png,ability,204000605,64,64,RGBA,PNG,6089,5dd57742bdd641bfdfd683987400ca0574ec2d1b56cc91b0fea1d8dba5a8e1c2,36f8c50d5cfeebaa1215e13ea3877a366fd72ab53fe0cd830314b8d7bb96cce9,1524,322,2250,"[1, 6, 62, 64]",1205,[]
04_FF_IV_ICON_Ability/ICON_Ability_04-FFIV_Giant of Babel_100041817.png,ICON_Ability_04-FFIV_Giant of Babel_100041817.png,ability,100041817,64,64,RGBA,PNG,5488,cabab5fc7dc66489cd8dc2a57d6f26f7c5fc023209cee298e89b51ecdedf431d,6a33167e4b14f34a984435d4a1e2e0a7f7a7f27d2450a0f66614bd3020f9d11a,1524,322,2250,"[1, 6, 62, 64]",819,[]
04_FF_IV_ICON_Ability/ICON_Ability_04-FFIV_Golbez-Black Mage_204001705.png,ICON_Ability_04-FFIV_Golbez-Black Mage_204001705.png,ability,204001705,64,64,RGBA,PNG,6223,24ac41ab4a255b6f03a11803d6e0dd88ae9c4a4de1b61a6a5afce4b01963290f,1bd624b6194ca6d0e5697c50dbbd40d7435765aaf21bc4839415bc004368179c,1524,322,2250,"[1, 6, 62, 64]",953,[]
04_FF_IV_ICON_Ability/ICON_Ability_04-FFIV_Golbez-Black Mage_204001706.png,ICON_Ability_04-FFIV_Golbez-Black Mage_204001706.png,ability,204001706,64,64,RGBA,PNG,6223,24ac41ab4a255b6f03a11803d6e0dd88ae9c4a4de1b61a6a5afce4b01963290f,1bd624b6194ca6d0e5697c50dbbd40d7435765aaf21bc4839415bc004368179c,1524,322,2250,"[1, 6, 62, 64]",953,[]
04_FF_IV_ICON_Ability/ICON_Ability_04-FFIV_Golbez-Black Mage_204001707.png,ICON_Ability_04-FFIV_Golbez-Black Mage_204001707.png,ability,204001707,64,64,RGBA,PNG,6223,24ac41ab4a255b6f03a11803d6e0dd88ae9c4a4de1b61a6a5afce4b01963290f,1bd624b6194ca6d0e5697c50dbbd40d7435765aaf21bc4839415bc004368179c,1524,322,2250,"[1, 6, 62, 64]",953,[]
04_FF_IV_ICON_Ability/ICON_Ability_04-FFIV_Golbez-Black Mage_204001717.png,ICON_Ability_04-FFIV_Golbez-Black Mage_204001717.png,ability,204001717,64,64,RGBA,PNG,6223,24ac41ab4a255b6f03a11803d6e0dd88ae9c4a4de1b61a6a5afce4b01963290f,1bd624b6194ca6d0e5697c50dbbd40d7435765aaf21bc4839415bc004368179c,1524,322,2250,"[1, 6, 62, 64]",953,[]
04_FF_IV_ICON_Ability/ICON_Ability_04-FFIV_Golbez-Black Mage_204001727.png,ICON_Ability_04-FFIV_Golbez-Black Mage_204001727.png,ability,204001727,64,64,RGBA,PNG,6223,24ac41ab4a255b6f03a11803d6e0dd88ae9c4a4de1b61a6a5afce4b01963290f,1bd624b6194ca6d0e5697c50dbbd40d7435765aaf21bc4839415bc004368179c,1524,322,2250,"[1, 6, 62, 64]",953,[]
04_FF_IV_ICON_Ability/ICON_Ability_04-FFIV_Golbez-Dark Sorcerer_204003707.png,ICON_Ability_04-FFIV_Golbez-Dark Sorcerer_204003707.png,ability,204003707,64,64,RGBA,PNG,6013,46d0aab0eaf79201b781dc80cd6b1c3953158e5b3ca6d343c859b7930f6a9664,a68df07b3e7d027ca056d7bf5e9af0cca95560886f3b6f94d4a6fea277b56ed2,1524,322,2250,"[1, 6, 62, 64]",844,[]
04_FF_IV_ICON_Ability/ICON_Ability_04-FFIV_Golbez-Dark Sorcerer_204003727.png,ICON_Ability_04-FFIV_Golbez-Dark Sorcerer_204003727.png,ability,204003727,64,64,RGBA,PNG,6013,46d0aab0eaf79201b781dc80cd6b1c3953158e5b3ca6d343c859b7930f6a9664,a68df07b3e7d027ca056d7bf5e9af0cca95560886f3b6f94d4a6fea277b56ed2,1524,322,2250,"[1, 6, 62, 64]",844,[]
04_FF_IV_ICON_Ability/ICON_Ability_04-FFIV_Golbez_204001403.png,ICON_Ability_04-FFIV_Golbez_204001403.png,ability,204001403,64,64,RGBA,PNG,5812,48c1edaae6c367c2402d20ee20b308c127497192a0a18303b0ff16b4c96c5dd9,b5377b19bb824efc372d4274ecd827429994302ad1a7a95e4f8f4a40b74396b4,1524,322,2250,"[1, 6, 62, 64]",784,[]
04_FF_IV_ICON_Ability/ICON_Ability_04-FFIV_Golbez_204001404.png,ICON_Ability_04-FFIV_Golbez_204001404.png,ability,204001404,64,64,RGBA,PNG,5812,48c1edaae6c367c2402d20ee20b308c127497192a0a18303b0ff16b4c96c5dd9,b5377b19bb824efc372d4274ecd827429994302ad1a7a95e4f8f4a40b74396b4,1524,322,2250,"[1, 6, 62, 64]",784,[]
04_FF_IV_ICON_Ability/ICON_Ability_04-FFIV_Golbez_204001405.png,ICON_Ability_04-FFIV_Golbez_204001405.png,ability,204001405,64,64,RGBA,PNG,5812,48c1edaae6c367c2402d20ee20b308c127497192a0a18303b0ff16b4c96c5dd9,b5377b19bb824efc372d4274ecd827429994302ad1a7a95e4f8f4a40b74396b4,1524,322,2250,"[1, 6, 62, 64]",784,[]
04_FF_IV_ICON_Ability/ICON_Ability_04-FFIV_Kain-Atoning Dragoon_204001605.png,ICON_Ability_04-FFIV_Kain-Atoning Dragoon_204001605.png,ability,204001605,64,64,RGBA,PNG,5871,f14e47b85ac01ea1af63ec25aa6ff2cdf26e48606842c0f7084097161d6893f8,ef88eb2c76c53e62a68095a3b5269a9ff2ef67af52aa3ed3e2650a94cdc62ddd,1524,322,2250,"[1, 6, 62, 64]",837,[]
04_FF_IV_ICON_Ability/ICON_Ability_04-FFIV_Kain-Atoning Dragoon_204001606.png,ICON_Ability_04-FFIV_Kain-Atoning Dragoon_204001606.png,ability,204001606,64,64,RGBA,PNG,5871,f14e47b85ac01ea1af63ec25aa6ff2cdf26e48606842c0f7084097161d6893f8,ef88eb2c76c53e62a68095a3b5269a9ff2ef67af52aa3ed3e2650a94cdc62ddd,1524,322,2250,"[1, 6, 62, 64]",837,[]
04_FF_IV_ICON_Ability/ICON_Ability_04-FFIV_Kain-Atoning Dragoon_204001607.png,ICON_Ability_04-FFIV_Kain-Atoning Dragoon_204001607.png,ability,204001607,64,64,RGBA,PNG,5871,f14e47b85ac01ea1af63ec25aa6ff2cdf26e48606842c0f7084097161d6893f8,ef88eb2c76c53e62a68095a3b5269a9ff2ef67af52aa3ed3e2650a94cdc62ddd,1524,322,2250,"[1, 6, 62, 64]",837,[]
04_FF_IV_ICON_Ability/ICON_Ability_04-FFIV_Kain-Dragoon_204002907.png,ICON_Ability_04-FFIV_Kain-Dragoon_204002907.png,ability,204002907,64,64,RGBA,PNG,6212,6f79ea21973925a8885c2401cc37e1f151b7cf57bfe9b2925e9949eb76cc1124,212be9c0a4e71219ddaeb7530da0d6870994718729c575ac5a48c0fb4ee5d8fe,1524,325,2247,"[1, 6, 62, 64]",900,[]
04_FF_IV_ICON_Ability/ICON_Ability_04-FFIV_Kain-Holy Dragoon_204002917.png,ICON_Ability_04-FFIV_Kain-Holy Dragoon_204002917.png,ability,204002917,64,64,RGBA,PNG,5772,c893b4b9a69b3ab31bdbf399d311d208175bd5d66b531f195250e58fb2b33db2,477b9ac56d47a0bf7b6deeab15b42568abc61f6541d42c2ef40b689c96dc2193,1524,322,2250,"[1, 6, 62, 64]",825,[]
04_FF_IV_ICON_Ability/ICON_Ability_04-FFIV_Kain-Noble Dragoon_204003607.png,ICON_Ability_04-FFIV_Kain-Noble Dragoon_204003607.png,ability,204003607,64,64,RGBA,PNG,6212,6f79ea21973925a8885c2401cc37e1f151b7cf57bfe9b2925e9949eb76cc1124,212be9c0a4e71219ddaeb7530da0d6870994718729c575ac5a48c0fb4ee5d8fe,1524,325,2247,"[1, 6, 62, 64]",900,[]
04_FF_IV_ICON_Ability/ICON_Ability_04-FFIV_Kain-Noble Dragoon_204003617.png,ICON_Ability_04-FFIV_Kain-Noble Dragoon_204003617.png,ability,204003617,64,64,RGBA,PNG,6212,6f79ea21973925a8885c2401cc37e1f151b7cf57bfe9b2925e9949eb76cc1124,212be9c0a4e71219ddaeb7530da0d6870994718729c575ac5a48c0fb4ee5d8fe,1524,325,2247,"[1, 6, 62, 64]",900,[]
04_FF_IV_ICON_Ability/ICON_Ability_04-FFIV_Kain-Noble Dragoon_204003627.png,ICON_Ability_04-FFIV_Kain-Noble Dragoon_204003627.png,ability,204003627,64,64,RGBA,PNG,6212,6f79ea21973925a8885c2401cc37e1f151b7cf57bfe9b2925e9949eb76cc1124,212be9c0a4e71219ddaeb7530da0d6870994718729c575ac5a48c0fb4ee5d8fe,1524,325,2247,"[1, 6, 62, 64]",900,[]
04_FF_IV_ICON_Ability/ICON_Ability_04-FFIV_Kain-Noble Dragoon_204003637.png,ICON_Ability_04-FFIV_Kain-Noble Dragoon_204003637.png,ability,204003637,64,64,RGBA,PNG,6212,6f79ea21973925a8885c2401cc37e1f151b7cf57bfe9b2925e9949eb76cc1124,212be9c0a4e71219ddaeb7530da0d6870994718729c575ac5a48c0fb4ee5d8fe,1524,325,2247,"[1, 6, 62, 64]",900,[]
04_FF_IV_ICON_Ability/ICON_Ability_04-FFIV_Kain_204000203.png,ICON_Ability_04-FFIV_Kain_204000203.png,ability,204000203,64,64,RGBA,PNG,6212,6f79ea21973925a8885c2401cc37e1f151b7cf57bfe9b2925e9949eb76cc1124,212be9c0a4e71219ddaeb7530da0d6870994718729c575ac5a48c0fb4ee5d8fe,1524,325,2247,"[1, 6, 62, 64]",900,[]
04_FF_IV_ICON_Ability/ICON_Ability_04-FFIV_Kain_204000204.png,ICON_Ability_04-FFIV_Kain_204000204.png,ability,204000204,64,64,RGBA,PNG,6212,6f79ea21973925a8885c2401cc37e1f151b7cf57bfe9b2925e9949eb76cc1124,212be9c0a4e71219ddaeb7530da0d6870994718729c575ac5a48c0fb4ee5d8fe,1524,325,2247,"[1, 6, 62, 64]",900,[]
04_FF_IV_ICON_Ability/ICON_Ability_04-FFIV_Kain_204000205.png,ICON_Ability_04-FFIV_Kain_204000205.png,ability,204000205,64,64,RGBA,PNG,6212,6f79ea21973925a8885c2401cc37e1f151b7cf57bfe9b2925e9949eb76cc1124,212be9c0a4e71219ddaeb7530da0d6870994718729c575ac5a48c0fb4ee5d8fe,1524,325,2247,"[1, 6, 62, 64]",900,[]
04_FF_IV_ICON_Ability/ICON_Ability_04-FFIV_King Giott_204001302.png,ICON_Ability_04-FFIV_King Giott_204001302.png,ability,204001302,64,64,RGBA,PNG,5594,83c7ff81a3a6b631d33f02a9fba5e0d3ba0a3680e7be5c5e0555fe8a016a2bd1,98d3a36b84191e9766df16725845a5a8a61988c7c64aa6bafdeab455436153b9,1524,322,2250,"[1, 6, 62, 64]",799,[]
04_FF_IV_ICON_Ability/ICON_Ability_04-FFIV_King Giott_204001303.png,ICON_Ability_04-FFIV_King Giott_204001303.png,ability,204001303,64,64,RGBA,PNG,5609,2eb15a08c3699119e1ece4dac971aa1d982dc14c3bab5a11e594c0f8bcc275f6,395fbf75f04d9e86276b22766401bd83af311460aacfb60a5062fa9699af7451,1524,322,2250,"[1, 6, 62, 64]",799,[]
04_FF_IV_ICON_Ability/ICON_Ability_04-FFIV_Palom & Porom_204002605.png,ICON_Ability_04-FFIV_Palom & Porom_204002605.png,ability,204002605,64,64,RGBA,PNG,5730,98b2680d21feb6f578487e8999985bf0b90a9364e495d35f3ef00d34b7b2a696,9c77c4405afd78aa641dc7d7f85e1fa5047f40ac4c88df20a0d02eccfaa100ad,1524,322,2250,"[1, 6, 62, 64]",786,[]
04_FF_IV_ICON_Ability/ICON_Ability_04-FFIV_Palom & Porom_204002606.png,ICON_Ability_04-FFIV_Palom & Porom_204002606.png,ability,204002606,64,64,RGBA,PNG,5730,98b2680d21feb6f578487e8999985bf0b90a9364e495d35f3ef00d34b7b2a696,9c77c4405afd78aa641dc7d7f85e1fa5047f40ac4c88df20a0d02eccfaa100ad,1524,322,2250,"[1, 6, 62, 64]",786,[]
04_FF_IV_ICON_Ability/ICON_Ability_04-FFIV_Palom & Porom_204002607.png,ICON_Ability_04-FFIV_Palom & Porom_204002607.png,ability,204002607,64,64,RGBA,PNG,5730,98b2680d21feb6f578487e8999985bf0b90a9364e495d35f3ef00d34b7b2a696,9c77c4405afd78aa641dc7d7f85e1fa5047f40ac4c88df20a0d02eccfaa100ad,1524,322,2250,"[1, 6, 62, 64]",786,[]
04_FF_IV_ICON_Ability/ICON_Ability_04-FFIV_Palom & Porom_204002617.png,ICON_Ability_04-FFIV_Palom & Porom_204002617.png,ability,204002617,64,64,RGBA,PNG,5730,98b2680d21feb6f578487e8999985bf0b90a9364e495d35f3ef00d34b7b2a696,9c77c4405afd78aa641dc7d7f85e1fa5047f40ac4c88df20a0d02eccfaa100ad,1524,322,2250,"[1, 6, 62, 64]",786,[]
04_FF_IV_ICON_Ability/ICON_Ability_04-FFIV_Palom & Porom_204002627.png,ICON_Ability_04-FFIV_Palom & Porom_204002627.png,ability,204002627,64,64,RGBA,PNG,5730,98b2680d21feb6f578487e8999985bf0b90a9364e495d35f3ef00d34b7b2a696,9c77c4405afd78aa641dc7d7f85e1fa5047f40ac4c88df20a0d02eccfaa100ad,1524,322,2250,"[1, 6, 62, 64]",786,[]
04_FF_IV_ICON_Ability/ICON_Ability_04-FFIV_Rosa-White Mage of Benediction_204003307.png,ICON_Ability_04-FFIV_Rosa-White Mage of Benediction_204003307.png,ability,204003307,64,64,RGBA,PNG,5680,bd859a864d6d9335d980e51a3267a75217197bbe6b193d6fdc97f80ef6727fa3,7bd26872855195d057119ca65de1f115b2f26402370766de1dd1d3d690767e0a,1524,322,2250,"[1, 6, 62, 64]",815,[]
04_FF_IV_ICON_Ability/ICON_Ability_04-FFIV_Rosa-White Mage of Benediction_204003317.png,ICON_Ability_04-FFIV_Rosa-White Mage of Benediction_204003317.png,ability,204003317,64,64,RGBA,PNG,5680,bd859a864d6d9335d980e51a3267a75217197bbe6b193d6fdc97f80ef6727fa3,7bd26872855195d057119ca65de1f115b2f26402370766de1dd1d3d690767e0a,1524,322,2250,"[1, 6, 62, 64]",815,[]
04_FF_IV_ICON_Ability/ICON_Ability_04-FFIV_Rosa-White Mage_204002405.png,ICON_Ability_04-FFIV_Rosa-White Mage_204002405.png,ability,204002405,64,64,RGBA,PNG,5570,e2efde901a9de2f2d592bcfb3c68f0651301b728de4f5039b7bab24bacf8076e,e54235ca1eb2b9794d67c280c0cd5682b8876e4c94f689a3847e1a50e65733ee,1524,322,2250,"[1, 6, 62, 64]",797,[]
04_FF_IV_ICON_Ability/ICON_Ability_04-FFIV_Rosa-White Mage_204002406.png,ICON_Ability_04-FFIV_Rosa-White Mage_204002406.png,ability,204002406,64,64,RGBA,PNG,5570,e2efde901a9de2f2d592bcfb3c68f0651301b728de4f5039b7bab24bacf8076e,e54235ca1eb2b9794d67c280c0cd5682b8876e4c94f689a3847e1a50e65733ee,1524,322,2250,"[1, 6, 62, 64]",797,[]
04_FF_IV_ICON_Ability/ICON_Ability_04-FFIV_Rosa-White Mage_204002407.png,ICON_Ability_04-FFIV_Rosa-White Mage_204002407.png,ability,204002407,64,64,RGBA,PNG,5570,e2efde901a9de2f2d592bcfb3c68f0651301b728de4f5039b7bab24bacf8076e,e54235ca1eb2b9794d67c280c0cd5682b8876e4c94f689a3847e1a50e65733ee,1524,322,2250,"[1, 6, 62, 64]",797,[]
04_FF_IV_ICON_Ability/ICON_Ability_04-FFIV_Rosa_204000304.png,ICON_Ability_04-FFIV_Rosa_204000304.png,ability,204000304,64,64,RGBA,PNG,5680,bd859a864d6d9335d980e51a3267a75217197bbe6b193d6fdc97f80ef6727fa3,7bd26872855195d057119ca65de1f115b2f26402370766de1dd1d3d690767e0a,1524,322,2250,"[1, 6, 62, 64]",815,[]
04_FF_IV_ICON_Ability/ICON_Ability_04-FFIV_Rosa_204000305.png,ICON_Ability_04-FFIV_Rosa_204000305.png,ability,204000305,64,64,RGBA,PNG,5680,bd859a864d6d9335d980e51a3267a75217197bbe6b193d6fdc97f80ef6727fa3,7bd26872855195d057119ca65de1f115b2f26402370766de1dd1d3d690767e0a,1524,322,2250,"[1, 6, 62, 64]",815,[]
04_FF_IV_ICON_Ability/ICON_Ability_04-FFIV_Rosa_204000306.png,ICON_Ability_04-FFIV_Rosa_204000306.png,ability,204000306,64,64,RGBA,PNG,5731,6ed50585b2cb4ffcbd968587617f98b41aa6cbfbe46948530b9ea6e11aa4ba4b,5602a04ecf27530cee9eead62401f888ec08bd3f534b3f544e31c67bb2bc12e2,1524,322,2250,"[1, 6, 62, 64]",836,[]
04_FF_IV_ICON_Ability/ICON_Ability_04-FFIV_Rubicante_204001804.png,ICON_Ability_04-FFIV_Rubicante_204001804.png,ability,204001804,64,64,RGBA,PNG,6045,756f676de96b3aee1250812cdb1554d0178e228b909ccf805727103e6d084fcb,866e4a829e5aee270d2b052c3f50da8b326033801d972c0c1e9a3f50d6e133d9,1524,322,2250,"[1, 6, 62, 64]",1174,[]
04_FF_IV_ICON_Ability/ICON_Ability_04-FFIV_Rubicante_204001805.png,ICON_Ability_04-FFIV_Rubicante_204001805.png,ability,204001805,64,64,RGBA,PNG,6045,756f676de96b3aee1250812cdb1554d0178e228b909ccf805727103e6d084fcb,866e4a829e5aee270d2b052c3f50da8b326033801d972c0c1e9a3f50d6e133d9,1524,322,2250,"[1, 6, 62, 64]",1174,[]
04_FF_IV_ICON_Ability/ICON_Ability_04-FFIV_Rubicante_204001806.png,ICON_Ability_04-FFIV_Rubicante_204001806.png,ability,204001806,64,64,RGBA,PNG,6045,756f676de96b3aee1250812cdb1554d0178e228b909ccf805727103e6d084fcb,866e4a829e5aee270d2b052c3f50da8b326033801d972c0c1e9a3f50d6e133d9,1524,322,2250,"[1, 6, 62, 64]",1174,[]
04_FF_IV_ICON_Ability/ICON_Ability_04-FFIV_Rubicante_204001807.png,ICON_Ability_04-FFIV_Rubicante_204001807.png,ability,204001807,64,64,RGBA,PNG,6045,756f676de96b3aee1250812cdb1554d0178e228b909ccf805727103e6d084fcb,866e4a829e5aee270d2b052c3f50da8b326033801d972c0c1e9a3f50d6e133d9,1524,322,2250,"[1, 6, 62, 64]",1174,[]
04_FF_IV_ICON_Ability/ICON_Ability_04-FFIV_Rubicante_204001817.png,ICON_Ability_04-FFIV_Rubicante_204001817.png,ability,204001817,64,64,RGBA,PNG,6045,756f676de96b3aee1250812cdb1554d0178e228b909ccf805727103e6d084fcb,866e4a829e5aee270d2b052c3f50da8b326033801d972c0c1e9a3f50d6e133d9,1524,322,2250,"[1, 6, 62, 64]",1174,[]
04_FF_IV_ICON_Ability/ICON_Ability_04-FFIV_Rubicante_204001827.png,ICON_Ability_04-FFIV_Rubicante_204001827.png,ability,204001827,64,64,RGBA,PNG,6045,756f676de96b3aee1250812cdb1554d0178e228b909ccf805727103e6d084fcb,866e4a829e5aee270d2b052c3f50da8b326033801d972c0c1e9a3f50d6e133d9,1524,322,2250,"[1, 6, 62, 64]",1174,[]
04_FF_IV_ICON_Ability/ICON_Ability_04-FFIV_Rydia-Eidolon Whisperer_204003407.png,ICON_Ability_04-FFIV_Rydia-Eidolon Whisperer_204003407.png,ability,204003407,64,64,RGBA,PNG,5661,f244be841dfeaa3b93995c67e3194be786e39be8a3d3545c07a2b18077117bd6,0f1d121e84f3ccebc7eadb4ab4b9dcf55b902fa70a5cd670ead48cc059edd597,1524,323,2249,"[1, 6, 62, 64]",834,[]
04_FF_IV_ICON_Ability/ICON_Ability_04-FFIV_Rydia-Eidolon Whisperer_204003417.png,ICON_Ability_04-FFIV_Rydia-Eidolon Whisperer_204003417.png,ability,204003417,64,64,RGBA,PNG,5661,f244be841dfeaa3b93995c67e3194be786e39be8a3d3545c07a2b18077117bd6,0f1d121e84f3ccebc7eadb4ab4b9dcf55b902fa70a5cd670ead48cc059edd597,1524,323,2249,"[1, 6, 62, 64]",834,[]
04_FF_IV_ICON_Ability/ICON_Ability_04-FFIV_Rydia-Pure Summoner_204001505.png,ICON_Ability_04-FFIV_Rydia-Pure Summoner_204001505.png,ability,204001505,64,64,RGBA,PNG,5661,f244be841dfeaa3b93995c67e3194be786e39be8a3d3545c07a2b18077117bd6,0f1d121e84f3ccebc7eadb4ab4b9dcf55b902fa70a5cd670ead48cc059edd597,1524,323,2249,"[1, 6, 62, 64]",834,[]
04_FF_IV_ICON_Ability/ICON_Ability_04-FFIV_Rydia-Pure Summoner_204001506.png,ICON_Ability_04-FFIV_Rydia-Pure Summoner_204001506.png,ability,204001506,64,64,RGBA,PNG,5661,f244be841dfeaa3b93995c67e3194be786e39be8a3d3545c07a2b18077117bd6,0f1d121e84f3ccebc7eadb4ab4b9dcf55b902fa70a5cd670ead48cc059edd597,1524,323,2249,"[1, 6, 62, 64]",834,[]
04_FF_IV_ICON_Ability/ICON_Ability_04-FFIV_Rydia-Pure Summoner_204001507.png,ICON_Ability_04-FFIV_Rydia-Pure Summoner_204001507.png,ability,204001507,64,64,RGBA,PNG,5661,f244be841dfeaa3b93995c67e3194be786e39be8a3d3545c07a2b18077117bd6,0f1d121e84f3ccebc7eadb4ab4b9dcf55b902fa70a5cd670ead48cc059edd597,1524,323,2249,"[1, 6, 62, 64]",834,[]
04_FF_IV_ICON_Ability/ICON_Ability_04-FFIV_Rydia-Summoner_204003007.png,ICON_Ability_04-FFIV_Rydia-Summoner_204003007.png,ability,204003007,64,64,RGBA,PNG,5535,137531481cececa1acc5ff8dd12b47ebec1093c6cdbc756c8c8ceb4227c5a5d0,ba344d7c7e7e5d7dccb4c8ed513c71745072c3cedadb08f7d09e0b6fe8453516,1524,322,2250,"[1, 6, 62, 64]",796,[]
04_FF_IV_ICON_Ability/ICON_Ability_04-FFIV_Rydia-Summoner_204003017.png,ICON_Ability_04-FFIV_Rydia-Summoner_204003017.png,ability,204003017,64,64,RGBA,PNG,5535,137531481cececa1acc5ff8dd12b47ebec1093c6cdbc756c8c8ceb4227c5a5d0,ba344d7c7e7e5d7dccb4c8ed513c71745072c3cedadb08f7d09e0b6fe8453516,1524,322,2250,"[1, 6, 62, 64]",796,[]
04_FF_IV_ICON_Ability/ICON_Ability_04-FFIV_Rydia_204000403.png,ICON_Ability_04-FFIV_Rydia_204000403.png,ability,204000403,64,64,RGBA,PNG,5613,b367e40ec0cf5d7dd54afa4a098c2852ed1af743c19ce6e67d8c339c2d68c107,f96e7f06b77482c416128f5f0cc3a6e0e2fe8ee7e96f88ebdadf4ea59de12cf0,1524,322,2250,"[1, 6, 62, 64]",810,[]
04_FF_IV_ICON_Ability/ICON_Ability_04-FFIV_Rydia_204000404.png,ICON_Ability_04-FFIV_Rydia_204000404.png,ability,204000404,64,64,RGBA,PNG,5664,d209e87494ee1ad5ac91a48896f5ed672649d5f70f6219701f143bbe9b94842b,6acd832336a05464bc17a7470a2a6c1c38a3662711e68f8279bb71e7fec88e8a,1524,322,2250,"[1, 6, 62, 64]",820,[]
04_FF_IV_ICON_Ability/ICON_Ability_04-FFIV_Rydia_204000405.png,ICON_Ability_04-FFIV_Rydia_204000405.png,ability,204000405,64,64,RGBA,PNG,5709,45747f008d04be29b6a549a007e8fecc2b01d7546628fbbd63c6049ac29ffb66,eec8a7b52929168a9fb7d6cf74a89ecae726627fe65a9ef660281e4e6a6b06c7,1524,322,2250,"[1, 6, 62, 64]",813,[]
04_FF_IV_ICON_Ability/ICON_Ability_04-FFIV_Scarmiglione_204002003.png,ICON_Ability_04-FFIV_Scarmiglione_204002003.png,ability,204002003,64,64,RGBA,PNG,5381,afd58dbb2f722d54b496881f8285393d0b7867a73c6fbe2a997c8ed73076141d,68a8fa75d5ee1aeb26d2c3b0a50a28d955526899995e232946de9a64a3cb1679,1524,322,2250,"[1, 6, 62, 64]",800,[]
04_FF_IV_ICON_Ability/ICON_Ability_04-FFIV_Scarmiglione_204002004.png,ICON_Ability_04-FFIV_Scarmiglione_204002004.png,ability,204002004,64,64,RGBA,PNG,5381,afd58dbb2f722d54b496881f8285393d0b7867a73c6fbe2a997c8ed73076141d,68a8fa75d5ee1aeb26d2c3b0a50a28d955526899995e232946de9a64a3cb1679,1524,322,2250,"[1, 6, 62, 64]",800,[]
04_FF_IV_ICON_Ability/ICON_Ability_04-FFIV_Scarmiglione_204002005.png,ICON_Ability_04-FFIV_Scarmiglione_204002005.png,ability,204002005,64,64,RGBA,PNG,5381,afd58dbb2f722d54b496881f8285393d0b7867a73c6fbe2a997c8ed73076141d,68a8fa75d5ee1aeb26d2c3b0a50a28d955526899995e232946de9a64a3cb1679,1524,322,2250,"[1, 6, 62, 64]",800,[]
04_FF_IV_ICON_Ability/ICON_Ability_04-FFIV_Tellah_204000503.png,ICON_Ability_04-FFIV_Tellah_204000503.png,ability,204000503,64,64,RGBA,PNG,5687,477a6000a31716404bbbe8ac80046718cb5be51ec102651e0d8688ef53b52868,580ff3e1dcaeb444c570c04148756def79ac79f6b4d27b2f6af1c75c8a6596ed,1524,322,2250,"[1, 6, 62, 64]",789,[]
04_FF_IV_ICON_Ability/ICON_Ability_04-FFIV_Tellah_204000504.png,ICON_Ability_04-FFIV_Tellah_204000504.png,ability,204000504,64,64,RGBA,PNG,5735,4626571d8e8abc0ff2ccf7f0df6c2a69b3c534183f068519e763a8fcf1cdf7ca,082cd2eb14054c3f6eb04bd2b4510b4c21e7a3f6fac2e0ce39ce36f68b38105e,1524,322,2250,"[1, 6, 62, 64]",799,[]
04_FF_IV_ICON_Ability/ICON_Ability_04-FFIV_Tellah_204000505.png,ICON_Ability_04-FFIV_Tellah_204000505.png,ability,204000505,64,64,RGBA,PNG,5711,d066f534170447df06f2e4e7acbde60465fe943157d6c918b90c5a09f2511e3a,c08d1f38ded108adf0fc235dd5a6db83b50e4f66f128aec18684b1be6f476a86,1524,322,2250,"[1, 6, 62, 64]",787,[]
04_FF_IV_ICON_Ability/ICON_Ability_04-FFIV_Ursula_204002805.png,ICON_Ability_04-FFIV_Ursula_204002805.png,ability,204002805,64,64,RGBA,PNG,5492,6f34c8ffc1dabe9494aa9aac628862489a809f88a56e8b78af94e7814b8ecd2a,bd3929bf161495d47c825f4969026f0d7c42b178af00f2cf7188a1b348f02dcb,1524,324,2248,"[1, 6, 62, 64]",807,[]
04_FF_IV_ICON_Ability/ICON_Ability_04-FFIV_Ursula_204002806.png,ICON_Ability_04-FFIV_Ursula_204002806.png,ability,204002806,64,64,RGBA,PNG,5492,6f34c8ffc1dabe9494aa9aac628862489a809f88a56e8b78af94e7814b8ecd2a,bd3929bf161495d47c825f4969026f0d7c42b178af00f2cf7188a1b348f02dcb,1524,324,2248,"[1, 6, 62, 64]",807,[]
04_FF_IV_ICON_Ability/ICON_Ability_04-FFIV_Ursula_204002807.png,ICON_Ability_04-FFIV_Ursula_204002807.png,ability,204002807,64,64,RGBA,PNG,5492,6f34c8ffc1dabe9494aa9aac628862489a809f88a56e8b78af94e7814b8ecd2a,bd3929bf161495d47c825f4969026f0d7c42b178af00f2cf7188a1b348f02dcb,1524,324,2248,"[1, 6, 62, 64]",807,[]
04_FF_IV_ICON_Ability/ICON_Ability_04-FFIV_Yang_204000704.png,ICON_Ability_04-FFIV_Yang_204000704.png,ability,204000704,64,64,RGBA,PNG,5483,f2e6035a4ce17c8e40cc447f37df50dccce3d60a130b9a43ee1a45438afdade1,1f00ffd0b0adb5c8db9e9321ac5976b98fd2043064833ff4135436c94cdf4f00,1524,322,2250,"[1, 6, 62, 64]",826,[]
04_FF_IV_ICON_Ability/ICON_Ability_04-FFIV_Yang_204000705.png,ICON_Ability_04-FFIV_Yang_204000705.png,ability,204000705,64,64,RGBA,PNG,5483,f2e6035a4ce17c8e40cc447f37df50dccce3d60a130b9a43ee1a45438afdade1,1f00ffd0b0adb5c8db9e9321ac5976b98fd2043064833ff4135436c94cdf4f00,1524,322,2250,"[1, 6, 62, 64]",826,[]
04_FF_IV_ICON_Ability/ICON_Ability_04-FFIV_Yang_204000706.png,ICON_Ability_04-FFIV_Yang_204000706.png,ability,204000706,64,64,RGBA,PNG,5483,f2e6035a4ce17c8e40cc447f37df50dccce3d60a130b9a43ee1a45438afdade1,1f00ffd0b0adb5c8db9e9321ac5976b98fd2043064833ff4135436c94cdf4f00,1524,322,2250,"[1, 6, 62, 64]",826,[]
04_FF_IV_ICON_Ability/ICON_Ability_04-FFIV_Zeromus_204003807.png,ICON_Ability_04-FFIV_Zeromus_204003807.png,ability,204003807,64,64,RGBA,PNG,5480,8764c6622a55811437166181e8f48b92831a8be021ba9223f3093fa157f79073,29618810cbdcc5b92f5dfe03a6281c8095b52f3536063b7f969d0264b1ab3dd0,1524,324,2248,"[1, 6, 62, 64]",752,[]
04_FF_IV_ICON_Ability/ICON_Ability_04-FFIV_Zeromus_204003817.png,ICON_Ability_04-FFIV_Zeromus_204003817.png,ability,204003817,64,64,RGBA,PNG,5480,8764c6622a55811437166181e8f48b92831a8be021ba9223f3093fa157f79073,29618810cbdcc5b92f5dfe03a6281c8095b52f3536063b7f969d0264b1ab3dd0,1524,324,2248,"[1, 6, 62, 64]",752,[]
04_FF_IV_ICON_Ability/ICON_Ability_04-FFIV_Zeromus_204003827.png,ICON_Ability_04-FFIV_Zeromus_204003827.png,ability,204003827,64,64,RGBA,PNG,5480,8764c6622a55811437166181e8f48b92831a8be021ba9223f3093fa157f79073,29618810cbdcc5b92f5dfe03a6281c8095b52f3536063b7f969d0264b1ab3dd0,1524,324,2248,"[1, 6, 62, 64]",752,[]
04_FF_IV_ICON_Ability/ICON_Ability_04-FFIV_Zeromus_204003837.png,ICON_Ability_04-FFIV_Zeromus_204003837.png,ability,204003837,64,64,RGBA,PNG,5480,8764c6622a55811437166181e8f48b92831a8be021ba9223f3093fa157f79073,29618810cbdcc5b92f5dfe03a6281c8095b52f3536063b7f969d0264b1ab3dd0,1524,324,2248,"[1, 6, 62, 64]",752,[]
