100,0,0,8,
101,0,0,8,
102,0,0,4,
103,0,0,4,
104,0,0,4,
105,0,0,4,
106,0,0,6,
107,0,0,6,
108,0,0,6,
109,0,0,6,
110,0,0,6,
111,0,0,6,
112,0,0,6,
113,0,0,6,
114,0,0,4,
115,0,0,4,
116,0,0,4,
117,0,0,8,
57,0,0,12,
58,0,0,8,
59,0,0,8,
60,0,0,8,
61,0,0,8,
62,0,0,8,
63,0,0,8,
64,0,0,8,
65,0,0,8,
66,0,0,6,
67,0,0,6,
68,0,0,8,
69,0,0,6,
70,0,0,6,
71,0,0,6,
72,0,0,6,
73,0,0,6,
74,0,0,6,
75,0,0,8,
76,0,0,8,
77,0,0,8,
78,0,0,8,
79,0,0,6,
80,0,0,6,
81,0,0,8,
82,0,0,8,
83,0,0,10,
84,0,0,6,
85,0,0,6,
86,0,0,8,
87,0,0,10,
88,0,0,8,
89,0,0,8,
90,0,0,8,
91,0,0,8,
92,0,0,10,
93,0,0,10,
94,0,0,10,
95,0,0,10,
