140,0,0,8,
141,0,0,6,
142,0,0,3,
143,0,0,3,
144,0,0,3,
145,0,0,3,
146,0,0,3,
147,0,0,3,
148,0,0,3,
149,0,0,3,
150,0,0,2,
151,0,0,3,
152,0,0,2,
153,0,0,2,
154,0,0,2,
155,0,0,2,
156,0,0,2,
157,0,0,3,
158,0,0,3,
159,0,0,3,
160,0,0,4,
161,0,0,4,
162,0,0,4,
163,0,0,4,
164,0,0,4,
165,0,0,4,
166,0,0,4,
167,0,0,4,
168,0,0,4,
169,0,0,4,
170,0,0,5,
171,0,0,5,
172,0,0,6,
173,0,0,5,
174,0,0,6,
175,0,0,7,
176,0,0,7,
177,0,0,8,
178,0,0,13,
179,0,0,13,
180,0,0,13,
181,0,0,13,
178,0,0,13,
179,0,0,13,
180,0,0,13,
181,0,0,13,
178,0,0,13,
179,0,0,13,
180,0,0,13,
181,0,0,13,
