0,4,-37,-70,0,1,100,0,448,208,80,80,0,-25,-71,0,0,100,0,0,0,56,80,0,-37,-70,0,1,100,0,448,128,80,80,0,-30,-16,0,0,100,0,448,32,64,32,0,
0,4,-37,-70,0,1,100,0,528,208,80,80,0,-25,-71,0,0,100,0,56,0,56,80,0,-37,-70,0,1,100,0,528,128,80,80,0,-30,-16,0,0,100,0,448,32,64,32,0,
0,4,-37,-70,0,1,100,0,608,208,80,80,0,-25,-71,0,0,100,0,112,0,56,80,0,-37,-70,0,1,100,0,608,128,80,80,0,-30,-16,0,0,100,0,448,32,64,32,0,
0,4,-37,-70,0,1,100,0,688,208,80,80,0,-25,-71,0,0,100,0,168,0,56,80,0,-37,-70,0,1,100,0,688,128,80,80,0,-30,-16,0,0,100,0,448,32,64,32,0,
0,0,
0,0,
0,0,
0,0,
0,4,-37,-70,0,1,100,0,448,208,80,80,0,-25,-71,0,0,100,0,224,0,56,80,0,-37,-70,0,1,100,0,448,128,80,80,0,-30,-16,0,0,100,0,448,32,64,32,0,
0,4,-37,-70,0,1,100,0,528,208,80,80,0,-25,-71,0,0,100,0,280,0,56,80,0,-37,-70,0,1,100,0,528,128,80,80,0,-30,-16,0,0,100,0,448,32,64,32,0,
0,4,-37,-70,0,1,100,0,608,208,80,80,0,-25,-71,0,0,100,0,336,0,56,80,0,-37,-70,0,1,100,0,608,128,80,80,0,-30,-16,0,0,100,0,448,32,64,32,0,
0,4,-37,-70,0,1,100,0,688,208,80,80,0,-25,-71,0,0,100,0,392,0,56,80,0,-37,-70,0,1,100,0,688,128,80,80,0,-30,-16,0,0,100,0,448,32,64,32,0,
0,0,
0,0,
0,0,
0,0,
0,5,-37,-70,0,1,100,0,448,208,80,80,0,-5,-56,0,1,100,0,448,0,32,32,0,-25,-71,0,0,100,0,0,80,56,80,0,-37,-70,0,1,100,0,448,128,80,80,0,-30,-16,0,0,100,0,448,32,64,32,0,
0,5,-37,-70,0,1,100,0,528,208,80,80,0,-5,-56,0,1,100,0,480,0,32,32,0,-25,-71,0,0,100,0,56,80,56,80,0,-37,-70,0,1,100,0,528,128,80,80,0,-30,-16,0,0,100,0,448,32,64,32,0,
0,5,-37,-70,0,1,100,0,608,208,80,80,0,-5,-56,0,1,100,0,512,0,32,32,0,-25,-71,0,0,100,0,112,80,56,80,0,-37,-70,0,1,100,0,608,128,80,80,0,-30,-16,0,0,100,0,448,32,64,32,0,
0,5,-37,-70,0,1,100,0,688,208,80,80,0,-5,-56,0,1,100,0,544,0,32,32,0,-25,-71,0,0,100,0,168,80,56,80,0,-37,-70,0,1,100,0,688,128,80,80,0,-30,-16,0,0,100,0,448,32,64,32,0,
0,0,
0,0,
0,0,
0,0,
0,5,-37,-70,0,1,100,0,448,208,80,80,0,-44,-48,0,1,100,0,544,0,32,32,0,-29,-71,0,0,100,0,224,80,56,80,0,-37,-70,0,1,100,0,448,128,80,80,0,-30,-16,0,0,100,0,448,32,64,32,0,
0,5,-37,-70,0,1,100,0,528,208,80,80,0,-44,-48,0,1,100,0,512,0,32,32,0,-29,-71,0,0,100,0,280,80,56,80,0,-37,-70,0,1,100,0,528,128,80,80,0,-30,-16,0,0,100,0,448,32,64,32,0,
0,5,-37,-70,0,1,100,0,608,208,80,80,0,-44,-48,0,1,100,0,480,0,32,32,0,-29,-71,0,0,100,0,336,80,56,80,0,-37,-70,0,1,100,0,608,128,80,80,0,-30,-16,0,0,100,0,448,32,64,32,0,
0,5,-37,-70,0,1,100,0,688,208,80,80,0,-44,-48,0,1,100,0,448,0,32,32,0,-29,-71,0,0,100,0,392,80,56,80,0,-37,-70,0,1,100,0,688,128,80,80,0,-30,-16,0,0,100,0,448,32,64,32,0,
0,0,
0,0,
0,0,
0,0,
0,4,-37,-70,0,1,100,0,448,208,80,80,0,-29,-71,0,0,100,0,0,320,56,80,0,-37,-70,0,1,100,0,448,128,80,80,0,-30,-16,0,0,100,0,448,32,64,32,0,
0,3,-37,-70,0,1,100,0,448,208,80,80,0,-29,-71,0,0,100,0,0,320,56,80,0,-37,-70,0,1,100,0,448,128,80,80,0,
0,2,-25,-71,0,0,100,0,112,320,56,80,0,-30,-16,0,0,100,0,448,32,64,32,0,
0,2,-29,-69,0,0,100,0,168,320,64,80,0,-30,-16,0,0,100,0,448,32,64,32,0,
0,0,
0,0,
0,0,
0,0,
0,4,-37,-70,0,1,60,0,608,208,80,80,0,-25,-71,0,0,100,0,0,400,56,80,0,-37,-70,0,1,60,0,608,128,80,80,0,-30,-16,0,0,100,0,448,32,64,32,0,
0,4,-37,-70,0,1,30,0,688,208,80,80,0,-25,-71,0,0,100,0,56,400,56,80,0,-37,-70,0,1,30,0,688,128,80,80,0,-30,-16,0,0,100,0,448,32,64,32,0,
0,3,-200,-336,0,1,20,0,992,128,208,368,0,-25,-71,0,0,100,0,112,400,56,80,0,-30,-16,0,0,100,0,448,32,64,32,0,
0,3,-200,-336,0,1,30,0,992,128,208,368,0,-25,-71,0,0,100,0,168,400,56,80,0,-30,-16,0,0,100,0,448,32,64,32,0,
0,3,-200,-336,0,1,50,0,992,128,208,368,0,-25,-71,0,0,100,0,224,400,56,80,0,-30,-16,0,0,100,0,448,32,64,32,0,
0,3,-200,-336,0,1,60,0,992,128,208,368,0,-25,-71,0,0,100,0,280,400,56,80,0,-30,-16,0,0,100,0,448,32,64,32,0,
0,4,-96,-208,0,1,100,0,448,288,56,56,0,-200,-336,0,1,60,0,992,128,208,368,0,-25,-71,0,0,100,0,112,400,56,80,0,-30,-16,0,0,100,0,448,32,64,32,0,
0,5,-104,-184,0,1,100,0,504,288,56,56,0,-98,-200,0,1,50,0,448,288,56,56,0,-200,-336,0,1,60,0,992,128,208,368,0,-25,-71,0,0,100,0,168,400,56,80,0,-30,-16,0,0,100,0,448,32,64,32,0,
0,5,-112,-160,0,1,100,0,560,288,56,56,0,-106,-176,0,1,50,0,504,288,56,56,0,-200,-336,0,1,60,0,992,128,208,368,0,-25,-71,0,0,100,0,224,400,56,80,0,-30,-16,0,0,100,0,448,32,64,32,0,
0,5,-122,-136,0,1,100,0,616,288,56,56,0,-114,-152,0,1,50,0,560,288,56,56,0,-200,-336,0,1,60,0,992,128,208,368,0,-25,-71,0,0,100,0,280,400,56,80,0,-30,-16,0,0,100,0,448,32,64,32,0,
0,5,-132,-112,0,1,100,0,672,288,56,56,0,-124,-128,0,1,50,0,616,288,56,56,0,-200,-336,0,1,60,0,992,128,208,368,0,-25,-71,0,0,100,0,112,400,56,80,0,-30,-16,0,0,100,0,448,32,64,32,0,
0,5,-140,-88,0,1,100,0,448,288,56,56,0,-133,-104,0,1,50,0,672,288,56,56,0,-200,-336,0,1,60,0,992,128,208,368,0,-25,-71,0,0,100,0,168,400,56,80,0,-30,-16,0,0,100,0,448,32,64,32,0,
0,5,-150,-64,0,1,100,0,504,288,56,56,0,-142,-80,0,1,50,0,448,288,56,56,0,-200,-336,0,1,60,0,992,128,208,368,0,-25,-71,0,0,100,0,224,400,56,80,0,-30,-16,0,0,100,0,448,32,64,32,0,
0,10,-138,-20,0,1,100,0,448,96,16,16,0,-138,-20,0,1,100,0,448,96,16,16,0,-138,-20,0,1,100,0,448,96,16,16,0,-138,-20,0,1,100,0,448,96,16,16,0,-158,-40,0,1,100,0,896,288,56,56,0,-158,-40,0,1,100,0,560,288,56,56,0,-152,-56,0,1,50,0,504,288,56,56,0,-200,-336,0,1,60,0,992,128,208,368,0,-25,-71,0,0,100,0,280,400,56,80,0,-30,-16,0,0,100,0,448,32,64,32,0,
0,13,-138,-20,0,1,100,0,448,96,16,16,0,-138,-20,0,1,100,0,448,96,16,16,0,-138,-20,0,1,100,0,448,96,16,16,0,-146,-12,0,1,100,0,448,96,16,16,0,-154,-20,0,1,100,0,448,96,16,16,0,-146,-36,0,1,100,0,448,96,16,16,0,-114,-36,0,1,100,0,448,96,16,16,0,-158,-40,0,1,100,0,840,288,56,56,0,-177,-51,0,1,100,0,768,128,96,80,0,-158,-40,0,1,100,0,616,288,56,56,0,-200,-336,0,1,60,0,992,128,208,368,0,-25,-71,0,0,100,0,112,400,56,80,0,-30,-16,0,0,100,0,448,32,64,32,0,
0,13,-114,-12,0,1,100,0,448,96,16,16,0,-122,-20,0,1,100,0,448,96,16,16,0,-130,-4,0,1,100,0,448,96,16,16,0,-154,-4,0,1,100,0,464,112,16,16,0,-170,-20,0,1,100,0,448,96,16,16,0,-154,-52,0,1,100,0,464,112,16,16,0,-98,-44,0,1,100,0,448,112,16,16,0,-179,-51,0,1,100,0,864,128,96,88,0,-177,-51,0,1,50,0,768,128,96,80,0,-158,-40,0,1,100,0,672,288,56,56,0,-200,-336,0,1,60,0,992,128,208,368,0,-25,-71,0,0,100,0,168,400,56,80,0,-30,-16,0,0,100,0,448,32,64,32,0,
0,14,-90,-4,0,1,100,0,464,112,16,16,0,-106,-20,0,1,100,0,448,96,16,16,0,-122,12,0,1,100,0,448,112,16,16,0,-162,4,0,1,100,0,512,112,16,16,0,-178,-20,0,1,100,0,464,112,16,16,0,-158,-60,0,1,100,0,512,112,16,16,0,-90,-48,0,1,100,0,512,112,16,16,0,-179,-51,0,1,50,0,864,128,96,88,0,-158,-40,0,1,100,0,728,288,56,56,0,-158,-40,0,1,100,0,784,288,56,56,0,-158,-40,0,1,50,0,448,288,56,56,0,-200,-336,0,1,60,0,992,128,208,368,0,-25,-71,0,0,100,0,224,400,56,80,0,-30,-16,0,0,100,0,448,32,64,32,0,
0,10,-78,0,0,1,100,0,512,112,16,16,0,-98,-20,0,1,100,0,464,112,16,16,0,-118,20,0,1,100,0,528,112,16,16,0,-166,8,0,1,50,0,528,112,16,16,0,-182,-20,0,1,100,0,528,112,16,16,0,-158,-40,0,1,25,0,728,288,56,56,0,-158,-40,0,1,25,0,504,288,56,56,0,-200,-336,0,1,60,0,992,128,208,368,0,-25,-71,0,0,100,0,280,400,56,80,0,-30,-16,0,0,100,0,448,32,64,32,0,
0,6,-94,-20,0,1,100,0,512,112,16,16,0,-200,-336,0,1,60,0,992,128,208,368,0,-37,-70,0,1,25,0,448,208,80,80,0,-25,-71,0,0,100,0,112,400,56,80,0,-37,-70,0,1,25,0,448,128,80,80,0,-30,-16,0,0,100,0,448,32,64,32,0,
0,5,-200,-336,0,1,40,0,992,128,208,368,0,-37,-70,0,1,50,0,528,208,80,80,0,-25,-71,0,0,100,0,168,400,56,80,0,-37,-70,0,1,50,0,528,128,80,80,0,-30,-16,0,0,100,0,448,32,64,32,0,
0,5,-200,-336,0,1,20,0,992,128,208,368,0,-37,-70,0,1,75,0,608,208,80,80,0,-25,-71,0,0,100,0,224,400,56,80,0,-37,-70,0,1,75,0,608,128,80,80,0,-30,-16,0,0,100,0,448,32,64,32,0,
0,4,-37,-70,0,1,100,0,688,208,80,80,0,-25,-71,0,0,100,0,56,400,56,80,0,-37,-70,0,1,100,0,688,128,80,80,0,-30,-16,0,0,100,0,448,32,64,32,0,
0,2,-25,-71,0,0,100,0,0,400,56,80,0,-30,-16,0,0,100,0,448,32,64,32,0,
0,0,
0,0,
0,0,
0,0,
0,0,
0,0,
0,0,
0,0,
0,0,
0,0,
0,4,-37,-70,0,1,75,0,448,208,80,80,0,-25,-71,0,0,100,0,0,400,56,80,0,-37,-70,0,1,75,0,448,128,80,80,0,-30,-16,0,0,100,0,448,32,64,32,0,
0,4,-37,-70,0,1,50,0,528,208,80,80,0,-25,-71,0,0,100,0,56,400,56,80,0,-37,-70,0,1,50,0,528,128,80,80,0,-30,-16,0,0,100,0,448,32,64,32,0,
0,5,-64,-96,0,1,100,0,576,0,128,128,0,-37,-70,0,1,25,0,608,208,80,80,0,-25,-71,0,0,100,0,112,400,56,80,0,-37,-70,0,1,25,0,608,128,80,80,0,-30,-16,0,0,100,0,448,32,64,32,0,
0,3,-64,-96,0,1,100,0,704,0,128,128,0,-25,-71,0,0,100,0,168,400,56,80,0,-30,-16,0,0,100,0,448,32,64,32,0,
0,3,-64,-96,0,1,100,0,832,0,128,128,0,-25,-71,0,0,100,0,224,400,56,80,0,-30,-16,0,0,100,0,448,32,64,32,0,
0,3,-64,-96,0,1,100,0,960,0,128,128,0,-25,-71,0,0,100,0,280,400,56,80,0,-30,-16,0,0,100,0,448,32,64,32,0,
0,2,-25,-71,0,0,100,0,0,560,56,80,0,-30,-16,0,0,100,0,448,32,64,32,0,
0,2,-25,-71,0,0,100,0,56,560,56,80,0,-30,-16,0,0,100,0,448,32,64,32,0,
0,2,-25,-71,0,0,100,0,112,560,56,80,0,-30,-16,0,0,100,0,448,32,64,32,0,
0,2,-25,-71,0,0,100,0,112,560,56,80,0,-30,-16,0,0,100,0,448,32,64,32,0,
0,4,-112,-440,0,1,25,0,448,344,192,392,0,-25,-73,0,0,100,0,224,560,56,80,0,-88,-424,0,1,12,0,448,344,192,392,0,-30,-16,0,0,100,0,448,32,64,32,0,
0,4,-112,-440,0,1,50,0,448,344,192,392,0,-25,-75,0,0,100,0,280,560,56,80,0,-88,-423,0,1,25,0,448,344,192,392,0,-30,-16,0,0,100,0,448,32,64,32,0,
0,12,21,-53,0,1,25,0,720,448,80,56,0,-11,-29,0,1,25,0,640,448,80,56,0,-51,-37,0,1,25,0,880,448,80,56,0,-83,-29,0,1,25,0,800,448,80,56,0,8,-138,0,1,25,0,728,344,72,72,0,-24,-146,0,1,25,0,640,344,72,72,0,-40,-130,0,1,25,0,904,344,72,72,0,-88,-146,0,1,25,0,816,344,72,72,0,-112,-439,0,1,70,0,448,344,192,392,0,-25,-77,0,0,100,0,336,560,56,80,0,-88,-422,0,1,35,0,448,344,192,392,0,-30,-16,0,0,100,0,448,64,64,32,0,
0,12,22,-54,0,1,40,0,800,448,80,56,0,-10,-30,0,1,40,0,720,448,80,56,0,-50,-38,0,1,40,0,640,448,80,56,0,-82,-30,0,1,40,0,880,448,80,56,0,8,-137,0,1,50,0,816,344,72,72,0,-24,-145,0,1,50,0,728,344,72,72,0,-40,-129,0,1,50,0,640,344,72,72,0,-88,-145,0,1,50,0,904,344,72,72,0,-112,-439,0,1,80,0,448,344,192,392,0,-25,-79,0,0,100,0,392,560,56,80,0,-88,-421,0,1,40,0,448,344,192,392,0,-30,-16,0,0,100,0,448,64,64,32,0,
0,12,23,-55,0,1,80,0,880,448,80,56,0,-9,-31,0,1,80,0,800,448,80,56,0,-49,-39,0,1,80,0,720,448,80,56,0,-81,-31,0,1,80,0,640,448,80,56,0,8,-136,0,1,60,0,904,344,72,72,0,-24,-144,0,1,60,0,816,344,72,72,0,-40,-128,0,1,60,0,728,344,72,72,0,-88,-144,0,1,60,0,640,344,72,72,0,-112,-438,0,1,80,0,448,344,192,392,0,-25,-81,0,0,100,0,224,560,56,80,0,-88,-420,0,1,40,0,448,344,192,392,0,-30,-16,0,0,100,0,448,64,64,32,0,
0,12,24,-56,0,1,80,0,640,448,80,56,0,-8,-32,0,1,80,0,880,448,80,56,0,-48,-40,0,1,80,0,800,448,80,56,0,-80,-32,0,1,80,0,720,448,80,56,0,8,-135,0,1,60,0,640,344,72,72,0,-24,-143,0,1,60,0,904,344,72,72,0,-40,-127,0,1,60,0,816,344,72,72,0,-88,-143,0,1,60,0,728,344,72,72,0,-112,-438,0,1,80,0,448,344,192,392,0,-25,-83,0,0,100,0,280,560,56,80,0,-88,-419,0,1,40,0,448,344,192,392,0,-30,-16,0,0,100,0,448,64,64,32,0,
0,12,25,-57,0,1,80,0,720,448,80,56,0,-7,-33,0,1,80,0,640,448,80,56,0,-47,-41,0,1,80,0,880,448,80,56,0,-79,-33,0,1,80,0,800,448,80,56,0,8,-134,0,1,60,0,728,344,72,72,0,-24,-142,0,1,60,0,640,344,72,72,0,-40,-126,0,1,60,0,904,344,72,72,0,-88,-142,0,1,60,0,816,344,72,72,0,-112,-437,0,1,80,0,448,344,192,392,0,-25,-85,0,0,100,0,336,560,56,80,0,-88,-418,0,1,40,0,448,344,192,392,0,-30,-16,0,0,100,0,448,64,64,32,0,
0,12,26,-58,0,1,80,0,800,448,80,56,0,-6,-34,0,1,80,0,720,448,80,56,0,-46,-42,0,1,80,0,640,448,80,56,0,-78,-34,0,1,80,0,880,448,80,56,0,8,-133,0,1,60,0,816,344,72,72,0,-24,-141,0,1,60,0,728,344,72,72,0,-40,-125,0,1,60,0,640,344,72,72,0,-88,-141,0,1,60,0,904,344,72,72,0,-112,-437,0,1,80,0,448,344,192,392,0,-25,-87,0,0,100,0,392,560,56,80,0,-88,-417,0,1,40,0,448,344,192,392,0,-30,-16,0,0,100,0,448,64,64,32,0,
0,12,27,-59,0,1,80,0,880,448,80,56,0,-5,-35,0,1,80,0,800,448,80,56,0,-45,-43,0,1,80,0,720,448,80,56,0,-77,-35,0,1,80,0,640,448,80,56,0,8,-132,0,1,60,0,904,344,72,72,0,-24,-140,0,1,60,0,816,344,72,72,0,-40,-124,0,1,60,0,728,344,72,72,0,-88,-140,0,1,60,0,640,344,72,72,0,-112,-436,0,1,80,0,448,344,192,392,0,-25,-89,0,0,100,0,224,560,56,80,0,-88,-416,0,1,40,0,448,344,192,392,0,-30,-16,0,0,100,0,448,64,64,32,0,
0,12,28,-60,0,1,80,0,640,448,80,56,0,-4,-36,0,1,80,0,880,448,80,56,0,-44,-44,0,1,80,0,800,448,80,56,0,-76,-36,0,1,80,0,720,448,80,56,0,8,-131,0,1,60,0,640,344,72,72,0,-24,-139,0,1,60,0,904,344,72,72,0,-40,-123,0,1,60,0,816,344,72,72,0,-88,-139,0,1,60,0,728,344,72,72,0,-112,-436,0,1,80,0,448,344,192,392,0,-25,-91,0,0,100,0,280,560,56,80,0,-88,-415,0,1,40,0,448,344,192,392,0,-30,-16,0,0,100,0,448,64,64,32,0,
0,12,29,-61,0,1,80,0,720,448,80,56,0,-3,-37,0,1,80,0,640,448,80,56,0,-43,-45,0,1,80,0,880,448,80,56,0,-75,-37,0,1,80,0,800,448,80,56,0,8,-130,0,1,60,0,728,344,72,72,0,-24,-138,0,1,60,0,640,344,72,72,0,-40,-122,0,1,60,0,904,344,72,72,0,-88,-138,0,1,60,0,816,344,72,72,0,-112,-435,0,1,80,0,448,344,192,392,0,-25,-93,0,0,100,0,336,560,56,80,0,-88,-414,0,1,40,0,448,344,192,392,0,-30,-16,0,0,100,0,448,64,64,32,0,
0,12,30,-62,0,1,80,0,800,448,80,56,0,-2,-38,0,1,80,0,720,448,80,56,0,-42,-46,0,1,80,0,640,448,80,56,0,-74,-38,0,1,80,0,880,448,80,56,0,8,-129,0,1,60,0,816,344,72,72,0,-24,-137,0,1,60,0,728,344,72,72,0,-40,-121,0,1,60,0,640,344,72,72,0,-88,-137,0,1,60,0,904,344,72,72,0,-112,-435,0,1,80,0,448,344,192,392,0,-25,-95,0,0,100,0,392,560,56,80,0,-88,-413,0,1,40,0,448,344,192,392,0,-30,-16,0,0,100,0,448,64,64,32,0,
0,12,31,-63,0,1,60,0,880,448,80,56,0,-1,-39,0,1,60,0,800,448,80,56,0,-41,-47,0,1,60,0,720,448,80,56,0,-73,-39,0,1,60,0,640,448,80,56,0,8,-128,0,1,60,0,904,344,72,72,0,-24,-136,0,1,60,0,816,344,72,72,0,-40,-120,0,1,60,0,728,344,72,72,0,-88,-136,0,1,60,0,640,344,72,72,0,-112,-434,0,1,70,0,448,344,192,392,0,-25,-97,0,0,100,0,224,560,56,80,0,-88,-412,0,1,25,0,448,344,192,392,0,-30,-16,0,0,100,0,448,64,64,32,0,
0,12,32,-64,0,1,25,0,640,448,80,56,0,0,-40,0,1,25,0,880,448,80,56,0,-40,-48,0,1,25,0,800,448,80,56,0,-72,-40,0,1,25,0,720,448,80,56,0,8,-127,0,1,25,0,640,344,72,72,0,-24,-135,0,1,25,0,904,344,72,72,0,-40,-119,0,1,25,0,816,344,72,72,0,-88,-135,0,1,25,0,728,344,72,72,0,-112,-434,0,1,60,0,448,344,192,392,0,-25,-97,0,0,100,0,280,560,56,80,0,-88,-411,0,1,20,0,448,344,192,392,0,-30,-16,0,0,100,0,448,64,64,32,0,
0,12,33,-65,0,1,10,0,720,448,80,56,0,1,-41,0,1,10,0,640,448,80,56,0,-39,-49,0,1,10,0,880,448,80,56,0,-71,-41,0,1,10,0,800,448,80,56,0,8,-126,0,1,12,0,728,344,72,72,0,-24,-134,0,1,12,0,640,344,72,72,0,-40,-118,0,1,12,0,904,344,72,72,0,-88,-134,0,1,12,0,816,344,72,72,0,-112,-433,0,1,40,0,448,344,192,392,0,-25,-97,0,0,100,0,336,560,56,80,0,-88,-410,0,1,10,0,448,344,192,392,0,-30,-16,0,0,100,0,448,64,64,32,0,
0,4,-112,-433,0,1,25,0,448,344,192,392,0,-25,-96,0,0,100,0,392,560,56,80,0,-88,-417,0,1,10,0,448,344,192,392,0,-30,-16,0,0,100,0,448,64,64,32,0,
0,2,-25,-96,0,0,100,0,0,640,56,80,0,-30,-16,0,0,100,0,448,64,64,32,0,
0,2,-25,-94,0,0,100,0,56,640,56,80,0,-30,-16,0,0,100,0,448,64,64,32,0,
0,2,-25,-88,0,0,100,0,112,640,56,80,0,-30,-16,0,0,100,0,448,64,64,32,0,
0,2,-25,-76,0,0,100,0,168,640,56,80,0,-30,-16,0,0,100,0,448,32,64,32,0,
0,2,-25,-71,0,0,100,0,224,640,56,80,0,-30,-16,0,0,100,0,448,32,64,32,0,
0,4,-37,-70,0,1,25,0,528,208,80,80,0,-25,-71,0,0,100,0,280,640,56,80,0,-37,-70,0,1,25,0,528,128,80,80,0,-30,-16,0,0,100,0,448,32,64,32,0,
0,4,-37,-70,0,1,50,0,608,208,80,80,0,-25,-71,0,0,100,0,336,640,56,80,0,-37,-70,0,1,50,0,608,128,80,80,0,-30,-16,0,0,100,0,448,32,64,32,0,
0,4,-37,-70,0,1,75,0,688,208,80,80,0,-25,-71,0,0,100,0,392,640,56,80,0,-37,-70,0,1,75,0,688,128,80,80,0,-30,-16,0,0,100,0,448,32,64,32,0,
0,0,
0,0,
0,0,
0,0,
0,0,
0,0,
0,0,
0,0,
0,0,
0,0,
0,0,
0,0,
0,0,
0,0,
0,0,
0,0,
0,0,
0,0,
0,0,
0,0,
0,11,-69,-47,1,1,25,-90,656,704,96,96,0,-47,-14,0,1,25,0,656,704,96,96,0,-149,-51,0,1,25,0,760,616,88,80,0,-112,-440,0,1,25,0,448,344,192,392,0,-25,-73,0,1,10,0,224,480,56,80,0,-25,-73,0,0,100,0,224,560,56,80,0,-44,-16,0,1,25,0,992,512,96,32,0,0,0,0,1,25,0,1088,32,32,32,0,-85,-17,0,1,25,0,1088,0,32,32,0,-88,-424,0,1,12,0,448,344,192,392,0,-30,-16,0,0,75,0,448,32,64,32,0,
0,17,-160,-16,0,1,25,0,656,608,96,96,0,-112,0,0,1,25,0,960,608,96,96,0,-52,-76,1,1,60,-180,752,704,96,96,0,-62,-55,1,1,25,-90,656,696,96,96,0,-27,-24,0,1,60,90,752,704,96,96,0,-45,-16,0,1,25,0,656,704,96,96,0,-129,-63,0,1,60,0,864,616,88,80,0,-137,-53,0,1,25,0,760,616,88,80,0,-112,-440,0,1,50,0,448,344,192,392,0,-25,-75,0,1,25,0,280,480,56,80,0,-25,-75,0,0,100,0,280,560,56,80,0,-44,-16,0,1,40,0,992,512,96,32,0,8,-8,0,1,40,0,1088,32,32,32,0,-81,-19,0,1,40,0,1088,0,32,32,0,-88,-423,0,1,25,0,448,344,192,392,0,-72,-16,0,1,50,0,1056,624,152,48,0,-30,-16,0,0,50,0,448,64,64,32,0,
0,28,-120,-32,0,1,60,0,760,704,96,96,0,-152,-20,0,1,25,0,656,608,96,96,0,-59,-32,0,1,60,0,864,608,96,96,0,-108,-2,0,1,25,0,960,608,96,96,0,-46,-85,1,1,60,-180,648,608,96,96,0,-47,-79,1,1,25,-180,752,704,96,96,0,-10,-59,0,1,60,180,648,608,96,96,0,-23,-27,0,1,25,90,752,704,96,96,0,-105,-82,0,1,60,0,864,616,88,80,0,-119,-65,0,1,25,0,864,616,88,80,0,21,-53,0,1,25,0,720,448,80,56,0,-11,-29,0,1,25,0,640,448,80,56,0,-51,-37,0,1,25,0,880,448,80,56,0,-83,-29,0,1,25,0,800,448,80,56,0,8,-138,0,1,25,0,728,344,72,72,0,-24,-146,0,1,25,0,640,344,72,72,0,-40,-130,0,1,25,0,904,344,72,72,0,-88,-146,0,1,25,0,816,344,72,72,0,-112,-439,0,1,70,0,448,344,192,392,0,-25,-77,0,1,40,0,336,480,56,80,0,-25,-77,0,0,100,0,336,560,56,80,0,-44,-16,0,1,60,0,992,512,96,32,0,16,-16,0,1,40,0,1120,32,32,32,0,-77,-21,0,1,40,0,1120,0,32,32,0,-88,-422,0,1,35,0,448,344,192,392,0,-96,-22,0,1,25,0,1008,544,200,64,0,-72,-16,0,1,60,0,1056,624,152,48,0,-30,-16,0,0,25,0,448,64,64,32,0,
0,27,-72,-56,0,1,60,0,656,704,96,96,0,-108,-40,0,1,25,0,760,704,96,96,0,12,-65,0,1,60,0,768,608,96,96,0,-55,-34,0,1,25,0,864,608,96,96,0,-43,-90,1,1,60,-180,648,608,96,96,0,1,-66,0,1,60,180,648,608,96,96,0,-7,-61,0,1,25,180,648,608,96,96,0,-81,-98,0,1,60,0,968,608,88,88,0,-85,-84,0,1,25,0,864,616,88,80,0,22,-54,0,1,40,0,800,448,80,56,0,-10,-30,0,1,40,0,720,448,80,56,0,-50,-38,0,1,40,0,640,448,80,56,0,-82,-30,0,1,40,0,880,448,80,56,0,8,-137,0,1,50,0,816,344,72,72,0,-24,-145,0,1,50,0,728,344,72,72,0,-40,-129,0,1,50,0,640,344,72,72,0,-88,-145,0,1,50,0,904,344,72,72,0,-112,-439,0,1,80,0,448,344,192,392,0,-25,-79,0,1,50,0,392,480,56,80,0,-25,-79,0,0,100,0,392,560,56,80,0,-44,-16,0,1,80,0,992,512,96,32,0,24,-24,0,1,40,0,1152,32,32,32,0,-73,-23,0,1,25,0,1120,0,32,32,0,-88,-421,0,1,40,0,448,344,192,392,0,-96,-24,0,1,25,0,776,216,200,72,0,-96,-22,0,1,50,0,1008,544,200,64,0,-72,-16,0,1,70,0,1056,624,152,48,0,
0,25,-35,-82,0,1,60,90,656,704,96,96,0,-63,-59,0,1,25,0,656,704,96,96,0,43,-85,0,1,60,0,768,608,96,96,0,12,-65,0,1,25,0,768,608,96,96,0,-40,-92,1,1,40,-180,648,608,96,96,0,5,-70,0,1,40,180,648,608,96,96,0,-69,-109,0,1,60,0,968,608,88,88,0,-79,-100,0,1,25,0,968,608,88,88,0,23,-55,0,1,80,0,880,448,80,56,0,-9,-31,0,1,80,0,800,448,80,56,0,-49,-39,0,1,80,0,720,448,80,56,0,-81,-31,0,1,80,0,640,448,80,56,0,8,-136,0,1,60,0,904,344,72,72,0,-24,-144,0,1,60,0,816,344,72,72,0,-40,-128,0,1,60,0,728,344,72,72,0,-88,-144,0,1,60,0,640,344,72,72,0,-112,-438,0,1,80,0,448,344,192,392,0,-25,-81,0,1,60,0,224,480,56,80,0,-25,-81,0,0,100,0,224,560,56,80,0,-44,-16,0,1,85,0,992,512,96,32,0,26,-26,0,1,25,0,1152,32,32,32,0,-88,-420,0,1,40,0,448,344,192,392,0,-96,-24,0,1,40,0,776,216,200,72,0,-96,-22,0,1,60,0,1008,544,200,64,0,-72,-16,0,1,70,0,1056,624,152,48,0,
0,24,-136,-96,0,1,25,0,960,608,96,96,0,-112,-40,0,1,25,0,656,608,96,96,0,-29,-83,0,1,40,90,656,704,96,96,0,51,-89,0,1,40,0,768,608,96,96,0,46,-86,0,1,25,0,768,608,96,96,0,-38,-94,1,1,25,-180,648,608,96,96,0,6,-73,0,1,25,180,648,608,96,96,0,-66,-111,0,1,40,0,968,608,88,88,0,24,-56,0,1,80,0,640,448,80,56,0,-8,-32,0,1,80,0,880,448,80,56,0,-48,-40,0,1,80,0,800,448,80,56,0,-80,-32,0,1,80,0,720,448,80,56,0,8,-135,0,1,60,0,640,344,72,72,0,-24,-143,0,1,60,0,904,344,72,72,0,-40,-127,0,1,60,0,816,344,72,72,0,-88,-143,0,1,60,0,728,344,72,72,0,-112,-438,0,1,80,0,448,344,192,392,0,-25,-83,0,1,65,0,280,480,56,80,0,-25,-83,0,0,100,0,280,560,56,80,0,-44,-16,0,1,80,0,992,512,96,32,0,-88,-419,0,1,40,0,448,344,192,392,0,-96,-24,0,1,50,0,776,216,200,72,0,-96,-22,0,1,60,0,1008,544,200,64,0,-72,-16,0,1,70,0,1056,624,152,48,0,
0,24,-181,-132,0,1,25,-180,656,608,96,96,0,-88,-112,0,1,60,0,864,608,96,96,0,-124,-100,0,1,25,0,960,608,96,96,0,-80,-56,0,1,60,0,656,608,96,96,0,-104,-44,0,1,25,0,656,608,96,96,0,-26,-86,0,1,25,90,656,704,96,96,0,55,-91,0,1,25,0,768,608,96,96,0,-62,-115,0,1,25,0,968,608,88,88,0,25,-57,0,1,80,0,720,448,80,56,0,-7,-33,0,1,80,0,640,448,80,56,0,-47,-41,0,1,80,0,880,448,80,56,0,-79,-33,0,1,80,0,800,448,80,56,0,8,-134,0,1,60,0,728,344,72,72,0,-24,-142,0,1,60,0,640,344,72,72,0,-40,-126,0,1,60,0,904,344,72,72,0,-88,-142,0,1,60,0,816,344,72,72,0,-112,-437,0,1,80,0,448,344,192,392,0,-25,-85,0,1,70,0,336,480,56,80,0,-25,-85,0,0,100,0,336,560,56,80,0,-44,-16,0,1,70,0,992,512,96,32,0,-88,-418,0,1,40,0,448,344,192,392,0,-96,-24,0,1,50,0,776,216,200,72,0,-96,-22,0,1,60,0,1008,544,200,64,0,-72,-16,0,1,70,0,1056,624,152,48,0,
0,22,-149,-148,0,1,60,-180,760,704,96,96,0,-173,-140,0,1,25,-180,656,608,96,96,0,-40,-128,0,1,80,0,768,608,96,96,0,-76,-116,0,1,25,0,864,608,96,96,0,-48,-72,0,1,80,0,760,704,96,96,0,-72,-60,0,1,25,0,656,608,96,96,0,26,-58,0,1,80,0,800,448,80,56,0,-6,-34,0,1,80,0,720,448,80,56,0,-46,-42,0,1,80,0,640,448,80,56,0,-78,-34,0,1,80,0,880,448,80,56,0,8,-133,0,1,60,0,816,344,72,72,0,-24,-141,0,1,60,0,728,344,72,72,0,-40,-125,0,1,60,0,640,344,72,72,0,-88,-141,0,1,60,0,904,344,72,72,0,-112,-437,0,1,80,0,448,344,192,392,0,-25,-87,0,1,80,0,392,480,56,80,0,-25,-87,0,0,100,0,392,560,56,80,0,-44,-16,0,1,70,0,992,512,96,32,0,-88,-417,0,1,40,0,448,344,192,392,0,-96,-24,0,1,50,0,776,216,200,72,0,-96,-22,0,1,60,0,1008,544,200,64,0,-72,-16,0,1,70,0,1056,624,152,48,0,
0,25,-117,-164,0,1,60,-180,656,704,96,96,0,-141,-156,0,1,25,-180,760,704,96,96,0,-8,-136,0,1,80,0,768,608,96,96,0,-32,-130,0,1,25,0,768,608,96,96,0,-16,-88,0,1,80,0,656,704,96,96,0,-40,-76,0,1,25,0,760,704,96,96,0,-69,-47,1,1,25,-90,656,704,96,96,0,-47,-14,0,1,25,0,656,704,96,96,0,-149,-51,0,1,25,0,760,616,88,80,0,27,-59,0,1,80,0,880,448,80,56,0,-5,-35,0,1,80,0,800,448,80,56,0,-45,-43,0,1,90,0,720,448,80,56,0,-77,-35,0,1,80,0,640,448,80,56,0,8,-132,0,1,60,0,904,344,72,72,0,-24,-140,0,1,60,0,816,344,72,72,0,-40,-124,0,1,60,0,728,344,72,72,0,-88,-140,0,1,60,0,640,344,72,72,0,-112,-436,0,1,80,0,448,344,192,392,0,-25,-89,0,1,80,0,224,480,56,80,0,-25,-89,0,0,100,0,224,560,56,80,0,-44,-16,0,1,80,0,992,512,96,32,0,-88,-416,0,1,40,0,448,344,192,392,0,-96,-24,0,1,50,0,776,216,200,72,0,-96,-22,0,1,60,0,1008,544,200,64,0,-72,-16,0,1,70,0,1056,624,152,48,0,
0,30,-48,-120,0,1,25,0,656,704,96,96,0,-85,-180,0,1,60,-180,656,704,96,96,0,-109,-172,0,1,25,-180,656,704,96,96,0,0,-138,0,1,40,0,768,608,96,96,0,10,-98,0,1,60,90,656,704,96,96,0,-8,-92,0,1,25,0,656,704,96,96,0,-160,-16,0,1,25,0,656,608,96,96,0,-112,0,0,1,25,0,960,608,96,96,0,-52,-76,1,1,90,-180,752,704,96,96,0,-62,-55,1,1,25,-90,656,704,96,96,0,-27,-24,0,1,60,90,752,704,96,96,0,-45,-16,0,1,25,0,656,704,96,96,0,-129,-63,0,1,60,0,864,616,88,80,0,-137,-53,0,1,25,0,760,616,88,80,0,28,-60,0,1,80,0,640,448,80,56,0,-4,-36,0,1,80,0,880,448,80,56,0,-44,-44,0,1,80,0,800,448,80,56,0,-76,-36,0,1,80,0,720,448,80,56,0,8,-131,0,1,60,0,640,344,72,72,0,-24,-139,0,1,60,0,904,344,72,72,0,-40,-123,0,1,60,0,816,344,72,72,0,-88,-139,0,1,60,0,728,344,72,72,0,-112,-436,0,1,80,0,448,344,192,392,0,-25,-91,0,1,80,0,280,480,56,80,0,-25,-91,0,0,100,0,280,560,56,80,0,-44,-16,0,1,85,0,992,512,96,32,0,-88,-415,0,1,40,0,448,344,192,392,0,-96,-24,0,1,50,0,776,216,200,72,0,-96,-22,0,1,60,0,1008,544,200,64,0,-72,-16,0,1,70,0,1056,624,152,48,0,
0,32,0,-136,0,1,60,0,760,704,96,96,0,-36,-128,0,1,25,0,656,704,96,96,0,-57,-184,0,1,60,-270,656,704,96,96,0,-77,-184,0,1,25,-180,656,704,96,96,0,4,-139,0,1,25,0,768,608,96,96,0,10,-100,0,1,40,90,760,704,96,96,0,-120,-32,0,1,60,0,760,704,96,96,0,-152,-20,0,1,25,0,656,608,96,96,0,-59,-32,0,1,60,0,864,608,96,96,0,-108,-2,0,1,25,0,960,608,96,96,0,-46,-85,1,1,60,-180,648,608,96,96,0,-47,-79,1,1,25,-180,752,704,96,96,0,-10,-59,0,1,60,180,648,608,96,96,0,-23,-27,0,1,25,90,752,704,96,96,0,-105,-82,0,1,60,0,864,616,88,80,0,-119,-65,0,1,25,0,864,616,88,80,0,29,-61,0,1,80,0,720,448,80,56,0,-3,-37,0,1,80,0,640,448,80,56,0,-43,-45,0,1,80,0,880,448,80,56,0,-75,-37,0,1,80,0,800,448,80,56,0,8,-130,0,1,60,0,728,344,72,72,0,-24,-138,0,1,60,0,640,344,72,72,0,-40,-122,0,1,60,0,904,344,72,72,0,-88,-138,0,1,60,0,816,344,72,72,0,-112,-435,0,1,80,0,448,344,192,392,0,-25,-93,0,1,80,0,336,480,56,80,0,-25,-93,0,0,100,0,336,560,56,80,0,-44,-16,0,1,80,0,992,512,96,32,0,-88,-414,0,1,40,0,448,344,192,392,0,-96,-24,0,1,50,0,776,216,200,72,0,-96,-22,0,1,60,0,1008,544,200,64,0,-72,-16,0,1,70,0,1056,624,152,48,0,
0,29,48,-152,0,1,60,0,656,608,96,96,0,12,-144,0,1,25,0,760,704,96,96,0,-53,-186,0,1,40,-270,656,704,96,96,0,10,-100,0,1,25,90,656,608,96,96,0,-72,-56,0,1,60,0,656,704,96,96,0,-108,-40,0,1,25,0,760,704,96,96,0,12,-65,0,1,60,0,768,608,96,96,0,-55,-34,0,1,25,0,864,608,96,96,0,-43,-90,1,1,60,-180,648,608,96,96,0,1,-66,0,1,60,180,648,608,96,96,0,-7,-61,0,1,25,180,648,608,96,96,0,-81,-98,0,1,60,0,968,608,88,88,0,-85,-84,0,1,25,0,864,616,88,80,0,30,-62,0,1,80,0,800,448,80,56,0,-2,-38,0,1,80,0,720,448,80,56,0,-42,-46,0,1,80,0,640,448,80,56,0,-74,-38,0,1,80,0,880,448,80,56,0,8,-129,0,1,60,0,816,344,72,72,0,-24,-137,0,1,60,0,728,344,72,72,0,-40,-121,0,1,60,0,640,344,72,72,0,-88,-137,0,1,60,0,904,344,72,72,0,-112,-435,0,1,80,0,448,344,192,392,0,-25,-95,0,1,80,0,392,480,56,80,0,-25,-95,0,0,100,0,392,560,56,80,0,-44,-16,0,1,70,0,992,512,96,32,0,-88,-413,0,1,40,0,448,344,192,392,0,-96,-24,0,1,50,0,776,216,200,72,0,-96,-22,0,1,60,0,1008,544,200,64,0,-72,-16,0,1,70,0,1056,624,152,48,0,
0,27,80,-162,0,1,60,90,656,608,96,96,0,56,-154,0,1,25,0,656,608,96,96,0,-51,-187,0,1,25,-270,656,704,96,96,0,-35,-82,0,1,60,90,656,704,96,96,0,-63,-59,0,1,25,0,656,704,96,96,0,43,-85,0,1,60,0,768,608,96,96,0,12,-65,0,1,25,0,768,608,96,96,0,-40,-92,1,1,40,-180,648,608,96,96,0,5,-70,0,1,40,180,648,608,96,96,0,-69,-109,0,1,60,0,968,608,88,88,0,-79,-100,0,1,25,0,968,608,88,88,0,31,-63,0,1,60,0,880,448,80,56,0,-1,-39,0,1,60,0,800,448,80,56,0,-41,-47,0,1,60,0,720,448,80,56,0,-73,-39,0,1,60,0,640,448,80,56,0,8,-128,0,1,60,0,904,344,72,72,0,-24,-136,0,1,60,0,816,344,72,72,0,-40,-120,0,1,60,0,728,344,72,72,0,-88,-136,0,1,60,0,640,344,72,72,0,-112,-434,0,1,70,0,448,344,192,392,0,-25,-97,0,1,80,0,224,480,56,80,0,-25,-97,0,0,100,0,224,560,56,80,0,-44,-16,0,1,60,0,992,512,96,32,0,-88,-412,0,1,25,0,448,344,192,392,0,-96,-24,0,1,50,0,776,216,200,72,0,-96,-22,0,1,60,0,1008,544,200,64,0,-72,-16,0,1,50,0,1056,624,152,48,0,
0,24,84,-163,0,1,40,90,656,608,96,96,0,-29,-83,0,1,40,90,656,704,96,96,0,51,-89,0,1,40,0,768,608,96,96,0,46,-86,0,1,25,0,768,608,96,96,0,-38,-94,1,1,25,-180,648,608,96,96,0,6,-73,0,1,25,180,648,608,96,96,0,-66,-111,0,1,40,0,968,608,88,88,0,32,-64,0,1,25,0,640,448,80,56,0,0,-40,0,1,25,0,880,448,80,56,0,-40,-48,0,1,25,0,800,448,80,56,0,-72,-40,0,1,25,0,720,448,80,56,0,8,-127,0,1,25,0,640,344,72,72,0,-24,-135,0,1,25,0,904,344,72,72,0,-40,-119,0,1,25,0,816,344,72,72,0,-88,-135,0,1,25,0,728,344,72,72,0,-112,-434,0,1,60,0,448,344,192,392,0,-25,-97,0,1,80,0,280,480,56,80,0,-25,-97,0,0,100,0,280,560,56,80,0,-44,-16,0,1,50,0,992,512,96,32,0,-88,-411,0,1,20,0,448,344,192,392,0,-96,-24,0,1,40,0,776,216,200,72,0,-96,-22,0,1,50,0,1008,544,200,64,0,-72,-16,0,1,25,0,1056,624,152,48,0,-30,-16,0,0,25,0,448,64,64,32,0,
0,21,86,-164,0,1,25,90,656,608,96,96,0,-26,-86,0,1,25,90,656,704,96,96,0,55,-91,0,1,25,0,768,608,96,96,0,-62,-115,0,1,25,0,968,608,88,88,0,33,-65,0,1,10,0,720,448,80,56,0,1,-41,0,1,10,0,640,448,80,56,0,-39,-49,0,1,10,0,880,448,80,56,0,-71,-41,0,1,10,0,800,448,80,56,0,8,-126,0,1,12,0,728,344,72,72,0,-24,-134,0,1,12,0,640,344,72,72,0,-40,-118,0,1,12,0,904,344,72,72,0,-88,-134,0,1,12,0,816,344,72,72,0,-112,-433,0,1,40,0,448,344,192,392,0,-25,-97,0,1,50,0,336,480,56,80,0,-25,-97,0,0,100,0,336,560,56,80,0,-44,-16,0,1,25,0,992,512,96,32,0,-88,-410,0,1,10,0,448,344,192,392,0,-96,-24,0,1,20,0,776,216,200,72,0,-96,-22,0,1,25,0,1008,544,200,64,0,-72,-16,0,1,5,0,1056,624,152,48,0,-30,-16,0,0,50,0,448,64,64,32,0,
0,7,-112,-433,0,1,25,0,448,344,192,392,0,-25,-96,0,1,25,0,392,480,56,80,0,-25,-96,0,0,100,0,392,560,56,80,0,-44,-16,0,1,5,0,992,512,96,32,0,-88,-417,0,1,10,0,448,344,192,392,0,-96,-22,0,1,10,0,1008,544,200,64,0,-30,-16,0,0,75,0,448,64,64,32,0,
0,0,
0,0,
0,0,
0,0,
0,0,
0,0,
0,0,
0,0,
0,0,
0,0,
0,0,
0,0,
0,0,
0,0,
0,0,
0,0,
0,4,-37,-70,0,1,100,0,448,208,80,80,0,-25,-71,0,0,100,0,0,160,56,80,0,-37,-70,0,1,100,0,448,128,80,80,0,-30,-16,0,0,100,0,448,32,64,32,0,
0,4,-37,-70,0,1,75,0,528,208,80,80,0,-25,-71,0,0,100,0,56,160,56,80,0,-37,-70,0,1,75,0,528,128,80,80,0,-30,-16,0,0,100,0,448,32,64,32,0,
0,4,-37,-70,0,1,50,0,608,208,80,80,0,-25,-71,0,0,100,0,112,160,56,80,0,-37,-70,0,1,50,0,608,128,80,80,0,-30,-16,0,0,100,0,448,32,64,32,0,
0,4,-37,-70,0,1,25,0,688,208,80,80,0,-29,-71,0,0,100,0,168,160,56,80,0,-37,-70,0,1,25,0,688,128,80,80,0,-30,-16,0,0,100,0,448,32,64,32,0,
0,2,-28,-71,0,0,100,0,224,160,56,80,0,-30,-16,0,0,100,0,448,32,64,32,0,
0,2,-28,-71,0,0,100,0,280,160,56,80,0,-30,-16,0,0,100,0,448,32,64,32,0,
0,2,-25,-71,0,0,100,0,336,160,56,80,0,-30,-16,0,0,100,0,448,32,64,32,0,
0,2,-25,-71,0,0,100,0,392,160,56,80,0,-30,-16,0,0,100,0,448,32,64,32,0,
0,2,-25,-71,0,0,100,0,0,240,56,80,0,-30,-16,0,0,100,0,448,32,64,32,0,
0,0,
0,2,-25,-71,0,0,100,0,224,240,56,80,0,-30,-16,0,0,100,0,448,32,64,32,0,
0,2,-25,-71,0,0,100,0,280,240,56,80,0,-30,-16,0,0,100,0,448,32,64,32,0,
0,2,-25,-71,0,0,100,0,336,240,56,80,0,-30,-16,0,0,100,0,448,32,64,32,0,
0,2,-25,-71,0,0,100,0,392,240,56,80,0,-30,-16,0,0,100,0,448,32,64,32,0,
0,0,
0,0,
0,0,
0,0,
0,0,
0,0,
0,0,
0,1,0,0,0,0,100,0,224,480,56,80,0,
0,1,0,0,0,0,100,0,280,480,56,80,0,
0,1,0,0,0,0,100,0,336,480,56,80,0,
0,1,0,0,0,0,100,0,392,480,56,80,0,
