68,0,0,4,
69,0,0,4,
70,0,0,4,
71,0,0,4,
72,0,0,4,
73,0,0,4,
74,0,0,4,
75,0,0,4,
76,0,0,4,
77,0,0,4,
78,0,0,4,
79,0,0,4,
80,0,0,6,
81,0,0,6,
82,0,0,6,
83,0,0,6,
84,0,0,4,
85,0,0,4,
86,0,0,4,
87,0,0,2,
88,0,0,4,
89,0,0,4,
90,0,0,4,
91,0,0,2,
92,0,0,4,
93,0,0,4,
94,0,0,4,
95,0,0,4,
96,0,0,4,
97,0,0,4,
98,0,0,4,
99,0,0,4,
100,0,0,4,
101,0,0,4,
102,0,0,5,
103,0,0,5,
104,0,0,4,
105,0,0,2,
106,0,0,4,
107,0,0,2,
108,0,0,4,
109,0,0,2,
110,0,0,4,
111,0,0,4,
112,0,0,4,
113,0,0,12,
63,0,0,4,
64,0,0,4,
65,0,0,4,
