109,0,0,4,
110,0,0,5,
111,0,0,6,
112,0,0,5,
113,0,0,4,
114,0,0,3,
115,0,0,4,
116,0,0,3,
117,0,0,3,
118,0,0,4,
109,0,0,4,
110,0,0,5,
111,0,0,6,
112,0,0,5,
113,0,0,4,
114,0,0,3,
115,0,0,4,
116,0,0,3,
117,0,0,3,
118,0,0,4,
119,0,0,4,
120,0,0,6,
121,0,0,8,
122,0,0,6,
123,0,0,5,
124,0,0,4,
115,0,0,8,
116,0,0,5,
117,0,0,5,
118,0,0,10,
109,0,0,4,
110,0,0,5,
111,0,0,6,
112,0,0,5,
113,0,0,4,
114,0,0,3,
115,0,0,4,
116,0,0,3,
117,0,0,3,
118,0,0,4,
109,0,0,4,
110,0,0,5,
111,0,0,6,
112,0,0,5,
113,0,0,4,
114,0,0,3,
115,0,0,4,
116,0,0,3,
117,0,0,3,
118,0,0,4,
119,0,0,4,
120,0,0,6,
121,0,0,8,
122,0,0,6,
123,0,0,5,
124,0,0,4,
115,0,0,8,
116,0,0,5,
117,0,0,5,
118,0,0,10,
109,0,0,4,
110,0,0,5,
111,0,0,6,
112,0,0,5,
113,0,0,4,
114,0,0,3,
115,0,0,4,
116,0,0,3,
117,0,0,3,
118,0,0,4,
109,0,0,4,
110,0,0,5,
111,0,0,6,
112,0,0,5,
113,0,0,4,
114,0,0,3,
115,0,0,4,
116,0,0,3,
117,0,0,3,
118,0,0,4,
119,0,0,4,
120,0,0,6,
121,0,0,8,
122,0,0,6,
123,0,0,5,
124,0,0,4,
115,0,0,8,
116,0,0,5,
117,0,0,5,
118,0,0,10,
