157,0,0,4,
158,0,0,3,
159,0,0,3,
160,0,0,3,
161,0,0,3,
162,0,0,3,
163,0,0,3,
164,0,0,3,
165,0,0,3,
166,0,0,3,
167,0,0,3,
168,0,0,3,
174,0,0,3,
175,0,0,3,
176,0,0,3,
177,0,0,3,
178,0,0,3,
179,0,0,3,
180,0,0,3,
181,0,0,3,
182,0,0,3,
183,0,0,3,
184,0,0,3,
185,0,0,3,
186,0,0,3,
187,0,0,3,
188,0,0,3,
189,0,0,3,
190,0,0,3,
191,0,0,3,
192,0,0,3,
193,0,0,5,
194,0,0,5,
195,0,0,6,
196,0,0,6,
197,0,0,7,
198,0,0,3,
199,0,0,4,
200,0,0,4,
201,0,0,4,
202,0,0,4,
203,0,0,4,
204,0,0,4,
205,0,0,4,
206,0,0,4,
207,0,0,4,
208,0,0,4,
209,0,0,4,
210,0,0,4,
211,0,0,4,
212,0,0,4,
213,0,0,4,
214,0,0,4,
215,0,0,4,
216,0,0,4,
217,0,0,4,
218,0,0,4,
219,0,0,4,
220,0,0,4,
221,0,0,4,
222,0,0,4,
223,0,0,4,
224,0,0,4,
225,0,0,4,
226,0,0,4,
227,0,0,4,
228,0,0,6,
