0,7,-40,-81,0,1,100,0,680,256,88,96,0,-21,-47,0,0,100,0,0,216,32,32,0,-28,-67,0,0,100,0,0,0,72,72,0,-12,-30,0,0,100,0,32,216,16,16,0,-43,-77,0,1,100,0,680,352,88,88,0,-28,-64,0,1,100,0,360,0,72,72,0,-44,-16,0,0,100,0,680,0,88,32,0,
0,7,-40,-81,0,1,100,0,768,256,88,96,0,-21,-47,0,0,100,0,0,216,32,32,0,-28,-67,0,0,100,0,72,0,72,72,0,-12,-30,0,0,100,0,32,216,16,16,0,-43,-77,0,1,100,0,768,352,88,88,0,-28,-64,0,1,80,0,360,0,72,72,0,-44,-16,0,0,100,0,680,0,88,32,0,
0,7,-40,-81,0,1,100,0,856,256,88,96,0,-21,-47,0,0,100,0,0,216,32,32,0,-28,-67,0,0,100,0,144,0,72,72,0,-12,-30,0,0,100,0,32,216,16,16,0,-43,-77,0,1,100,0,856,352,88,88,0,-28,-64,0,1,60,0,360,0,72,72,0,-44,-16,0,0,100,0,680,0,88,32,0,
0,7,-40,-81,0,1,100,0,944,256,88,96,0,-21,-47,0,0,100,0,0,216,32,32,0,-28,-67,0,0,100,0,216,0,72,72,0,-12,-30,0,0,100,0,32,216,16,16,0,-43,-77,0,1,100,0,944,352,88,88,0,-28,-64,0,1,80,0,360,0,72,72,0,-44,-16,0,0,100,0,680,0,88,32,0,
0,15,-40,-81,0,1,100,0,680,256,88,96,0,-14,-37,0,0,100,0,160,136,8,16,0,-11,-36,0,0,100,0,144,152,16,16,0,-2,-36,0,0,100,0,320,168,16,16,0,-15,-24,2,0,100,0,304,168,16,16,0,-28,-43,0,0,100,0,0,216,32,32,0,-19,-53,0,0,100,0,0,104,32,32,0,-43,-51,1,0,100,0,432,72,72,72,0,-43,-51,1,1,100,0,504,72,72,72,0,-24,-43,0,0,100,0,0,168,48,48,0,-19,-26,0,0,100,0,32,216,16,16,0,-7,-45,0,0,100,0,0,248,48,48,0,-2,-27,1,0,100,0,48,216,32,32,0,-43,-77,0,1,100,0,680,352,88,88,0,-44,-16,0,0,100,0,680,0,88,32,0,
0,15,-40,-81,0,1,100,0,768,256,88,96,0,-14,-36,0,0,100,0,168,136,8,16,0,-11,-35,0,0,100,0,160,152,16,16,0,-1,-34,0,0,100,0,336,168,16,16,0,-14,-22,2,0,100,0,304,168,16,16,0,-28,-42,0,0,100,0,0,216,32,32,0,-19,-52,0,0,100,0,32,104,32,32,0,-42,-49,1,0,100,0,432,72,72,72,0,-42,-49,1,1,80,0,504,72,72,72,0,-24,-43,0,0,100,0,48,168,48,48,0,-19,-25,0,0,100,0,32,216,16,16,0,-7,-44,0,0,100,0,48,248,48,48,0,-2,-26,1,0,100,0,80,216,32,32,0,-43,-77,0,1,100,0,768,352,88,88,0,-44,-16,0,0,100,0,680,0,88,32,0,
0,15,-40,-81,0,1,100,0,856,256,88,96,0,-14,-37,0,0,100,0,168,136,8,16,0,-11,-36,0,0,100,0,144,152,16,16,0,-2,-36,0,0,100,0,320,168,16,16,0,-15,-24,2,0,100,0,304,168,16,16,0,-28,-43,0,0,100,0,0,216,32,32,0,-19,-53,0,0,100,0,0,104,32,32,0,-43,-51,1,0,100,0,432,72,72,72,0,-43,-51,1,1,60,0,504,72,72,72,0,-24,-43,0,0,100,0,0,168,48,48,0,-19,-26,0,0,100,0,32,216,16,16,0,-7,-45,0,0,100,0,96,248,48,48,0,-2,-27,1,0,100,0,112,216,32,32,0,-43,-77,0,1,100,0,856,352,88,88,0,-44,-16,0,0,100,0,680,0,88,32,0,
0,15,-40,-81,0,1,100,0,944,256,88,96,0,-14,-38,0,0,100,0,160,136,8,16,0,-11,-37,0,0,100,0,176,152,16,16,0,-3,-37,0,0,100,0,320,168,16,16,0,-16,-25,2,0,100,0,304,168,16,16,0,-28,-44,0,0,100,0,0,216,32,32,0,-19,-54,0,0,100,0,64,104,32,32,0,-44,-52,1,0,100,0,432,72,72,72,0,-44,-52,1,1,80,0,504,72,72,72,0,-24,-43,0,0,100,0,96,168,48,48,0,-19,-27,0,0,100,0,32,216,16,16,0,-7,-46,0,0,100,0,144,248,48,48,0,-2,-28,1,0,100,0,144,216,32,32,0,-43,-77,0,1,100,0,944,352,88,88,0,-44,-16,0,0,100,0,680,0,88,32,0,
0,14,-40,-81,0,1,100,0,680,256,88,96,0,-10,-53,0,1,100,0,632,32,32,32,0,-8,-38,0,0,100,0,96,136,16,16,0,-25,-46,0,0,100,0,240,216,32,32,0,2,-38,0,0,100,0,96,136,16,16,0,-21,-43,0,0,100,0,144,168,48,48,0,-17,-56,0,0,100,0,0,136,32,32,0,-29,-60,1,0,100,90,288,0,72,72,0,-29,-60,1,1,100,90,360,0,72,72,0,-14,-29,0,0,100,0,32,216,16,16,0,-30,-26,0,0,100,0,48,216,32,32,0,-3,-47,0,0,100,0,0,248,48,48,0,-43,-77,0,1,100,0,680,352,88,88,0,-44,-16,0,0,100,0,680,0,88,32,0,
0,14,-40,-81,0,1,100,0,768,256,88,96,0,-10,-53,0,1,100,0,664,32,32,32,0,-8,-38,0,0,100,0,112,136,16,16,0,-25,-46,0,0,100,0,240,216,32,32,0,2,-38,0,0,100,0,112,136,16,16,0,-21,-43,0,0,100,0,144,168,48,48,0,-17,-56,0,0,100,0,32,136,32,32,0,-29,-60,1,0,100,90,288,0,72,72,0,-29,-60,1,1,80,90,360,0,72,72,0,-14,-29,0,0,100,0,32,216,16,16,0,-30,-26,0,0,100,0,80,216,32,32,0,-3,-47,0,0,100,0,48,248,48,48,0,-43,-77,0,1,100,0,768,352,88,88,0,-44,-16,0,0,100,0,680,0,88,32,0,
0,14,-40,-81,0,1,100,0,856,256,88,96,0,-10,-53,0,1,100,0,696,32,40,40,0,-8,-38,0,0,100,0,128,136,16,16,0,-25,-46,0,0,100,0,240,216,32,32,0,2,-38,0,0,100,0,128,136,16,16,0,-21,-43,0,0,100,0,144,168,48,48,0,-17,-56,0,0,100,0,0,136,32,32,0,-29,-60,1,0,100,90,288,0,72,72,0,-29,-60,1,1,60,90,360,0,72,72,0,-14,-29,0,0,100,0,32,216,16,16,0,-30,-26,0,0,100,0,112,216,32,32,0,-3,-47,0,0,100,0,96,248,48,48,0,-43,-77,0,1,100,0,856,352,88,88,0,-44,-16,0,0,100,0,680,0,88,32,0,
0,14,-40,-81,0,1,100,0,944,256,88,96,0,-10,-53,0,1,100,0,736,32,32,32,0,-8,-38,0,0,100,0,144,136,16,16,0,-25,-46,0,0,100,0,240,216,32,32,0,2,-38,0,0,100,0,144,136,16,16,0,-21,-43,0,0,100,0,144,168,48,48,0,-17,-56,0,0,100,0,64,136,32,32,0,-29,-60,1,0,100,90,288,0,72,72,0,-29,-60,1,1,80,90,360,0,72,72,0,-14,-29,0,0,100,0,32,216,16,16,0,-30,-26,0,0,100,0,144,216,32,32,0,-3,-47,0,0,100,0,144,248,48,48,0,-43,-77,0,1,100,0,944,352,88,88,0,-44,-16,0,0,100,0,680,0,88,32,0,
0,14,-40,-81,0,1,100,0,680,256,88,96,0,-40,-47,0,1,100,0,664,32,32,32,0,-4,-40,0,0,100,0,96,136,16,16,0,4,-41,0,0,100,0,96,136,16,16,0,-22,-49,0,0,100,0,208,216,32,32,0,-11,-57,0,0,100,0,0,72,32,32,0,-20,-43,0,0,100,0,192,168,48,48,0,-12,-32,0,0,100,0,32,216,16,16,0,-21,-56,1,0,100,90,432,72,72,72,0,-1,-36,0,0,100,0,272,216,32,32,0,2,-49,0,0,100,0,0,248,48,48,0,-21,-56,1,1,100,90,504,72,72,72,0,-43,-77,0,1,100,0,680,352,88,88,0,-44,-16,0,0,100,0,680,0,88,32,0,
0,14,-40,-81,0,1,100,0,768,256,88,96,0,-40,-47,0,1,100,0,736,32,32,32,0,-4,-40,0,0,100,0,112,136,16,16,0,4,-41,0,0,100,0,112,136,16,16,0,-22,-49,0,0,100,0,208,216,32,32,0,-11,-57,0,0,100,0,32,72,32,32,0,-20,-43,0,0,100,0,192,168,48,48,0,-12,-32,0,0,100,0,32,216,16,16,0,-21,-56,1,0,100,90,432,72,72,72,0,-1,-33,0,0,100,0,304,216,32,32,0,2,-49,0,0,100,0,48,248,48,48,0,-21,-56,1,1,80,90,504,72,72,72,0,-43,-77,0,1,100,0,768,352,88,88,0,-44,-16,0,0,100,0,680,0,88,32,0,
0,14,-40,-81,0,1,100,0,856,256,88,96,0,-40,-47,0,1,100,0,696,32,40,40,0,-4,-40,0,0,100,0,128,136,16,16,0,4,-41,0,0,100,0,128,136,16,16,0,-22,-49,0,0,100,0,208,216,32,32,0,-11,-57,0,0,100,0,0,72,32,32,0,-20,-43,0,0,100,0,192,168,48,48,0,-12,-32,0,0,100,0,32,216,16,16,0,-21,-56,1,0,100,90,432,72,72,72,0,-1,-36,0,0,100,0,336,216,32,32,0,2,-49,0,0,100,0,96,248,48,48,0,-21,-56,1,1,60,90,504,72,72,72,0,-43,-77,0,1,100,0,856,352,88,88,0,-44,-16,0,0,100,0,680,0,88,32,0,
0,14,-40,-81,0,1,100,0,944,256,88,96,0,-40,-47,0,1,100,0,632,72,32,32,0,-4,-40,0,0,100,0,144,136,16,16,0,4,-41,0,0,100,0,144,136,16,16,0,-22,-49,0,0,100,0,208,216,32,32,0,-11,-57,0,0,100,0,64,72,32,32,0,-20,-43,0,0,100,0,192,168,48,48,0,-12,-32,0,0,100,0,32,216,16,16,0,-21,-56,1,0,100,90,432,72,72,72,0,-1,-36,0,0,100,0,368,216,32,32,0,2,-50,0,0,100,0,144,248,48,48,0,-21,-56,1,1,80,90,504,72,72,72,0,-43,-77,0,1,100,0,944,352,88,88,0,-44,-16,0,0,100,0,680,0,88,32,0,
0,9,-19,-34,0,0,100,0,96,152,16,16,0,-31,-49,0,0,100,0,288,72,32,32,0,-43,-51,0,0,100,0,504,496,72,56,0,-37,-45,0,0,100,0,176,216,32,32,0,-34,-69,1,0,100,90,288,0,72,72,0,-34,-69,1,1,100,90,360,0,72,72,0,-20,-51,0,0,100,0,192,296,48,48,0,-10,-38,0,0,100,0,272,216,32,32,0,-44,-16,0,0,100,0,680,0,88,32,0,
0,8,-19,-34,0,0,100,0,96,152,16,16,0,-31,-49,0,0,100,0,288,72,32,32,0,-43,-51,0,0,100,0,504,496,72,56,0,-37,-45,0,0,100,0,176,216,32,32,0,-34,-69,1,0,100,90,288,0,72,72,0,-34,-69,1,1,100,90,360,0,72,72,0,-20,-51,0,0,100,0,192,296,48,48,0,-10,-38,0,0,100,0,272,216,32,32,0,
0,4,-40,-51,0,0,100,0,696,160,72,64,0,-29,-28,0,0,100,90,208,216,32,32,0,-29,-26,0,0,100,0,432,144,72,72,0,-44,-16,0,0,100,0,680,0,88,32,0,
0,3,-29,-26,0,0,100,0,432,144,72,72,0,-50,-39,0,0,100,0,680,104,88,56,0,-51,-16,0,0,100,0,680,0,88,32,0,
0,2,-52,-83,0,0,100,0,8,1160,104,87,0,-44,-16,0,0,100,0,680,0,88,32,0,
0,2,-31,-83,0,0,100,0,113,1160,64,87,0,-45,-16,0,0,100,0,680,0,88,32,0,
0,3,-45,-97,0,1,100,0,280,1448,88,104,0,-32,-83,0,0,100,0,176,1160,65,88,0,-71,-31,0,1,100,0,480,1552,136,56,0,
0,3,-40,-96,0,1,100,0,376,1448,88,104,0,-31,-83,0,0,100,0,241,1160,64,87,0,-69,-25,0,1,100,0,616,1560,136,56,0,
0,4,-41,-94,0,1,100,0,464,1448,96,104,0,-31,-83,0,0,100,0,305,1160,64,87,0,-32,-88,0,1,100,0,576,1168,64,96,0,-65,-25,0,1,100,0,752,1560,136,56,0,
0,4,-41,-94,0,1,100,0,560,1448,96,104,0,-31,-75,0,0,100,0,369,1168,64,87,0,-32,-81,0,1,100,0,640,1176,64,88,0,-72,-27,0,1,100,0,880,1560,136,56,0,
0,4,-45,-95,0,1,100,0,648,1448,96,104,0,-31,-83,0,0,100,0,433,1160,64,87,0,-32,-81,0,1,100,0,640,1176,64,88,0,-72,-32,0,1,100,0,480,1616,136,56,0,
0,3,-37,-80,0,1,100,0,744,1448,96,104,0,-44,-72,0,1,100,0,520,1264,88,80,0,-69,-32,0,1,100,0,616,1616,136,56,0,
0,4,-41,-96,0,1,100,0,832,1440,88,112,0,-48,-73,0,0,100,0,321,1328,95,80,0,-41,-64,0,1,100,0,608,1272,96,72,0,-66,-31,0,1,100,0,752,1616,128,56,0,
0,4,-38,-96,0,1,100,0,928,1440,88,112,0,-41,-73,0,0,100,0,417,1328,87,80,0,-35,-70,0,1,100,0,520,1344,88,80,0,-70,-29,0,1,100,0,880,1616,136,56,0,
0,3,-16,-80,0,1,100,0,912,1224,104,72,0,-19,-66,0,0,100,0,152,1256,64,72,0,-38,-16,0,0,100,0,680,0,88,32,0,
0,3,-22,-81,0,1,100,0,912,1296,104,72,0,-17,-74,0,0,100,0,216,1248,64,80,0,-38,-16,0,0,100,0,680,0,88,32,0,
0,3,-32,-75,0,1,100,0,912,1368,104,72,0,-15,-74,0,0,100,0,280,1248,64,80,0,-38,-16,0,0,100,0,680,0,88,32,0,
0,2,-13,-66,0,0,100,0,344,1256,56,72,0,-38,-16,0,0,100,0,680,0,88,32,0,
0,12,-44,-81,0,1,100,0,680,256,96,96,0,-28,-67,0,0,100,0,0,0,72,72,0,-43,-77,0,1,100,0,680,352,88,88,0,-28,-64,0,0,100,0,288,0,72,72,0,-28,-64,0,1,100,0,360,0,72,72,0,-44,-16,0,0,100,0,680,0,88,32,0,-116,-67,0,0,100,0,0,0,72,72,0,-131,-77,0,1,100,0,680,440,88,88,0,-116,-64,0,0,100,0,288,0,72,72,0,-116,-64,0,1,100,0,432,0,72,72,0,-204,-67,0,0,100,0,0,0,72,72,0,-204,-64,0,0,100,0,288,0,72,72,0,
0,15,-40,-81,0,1,100,0,680,256,88,96,0,-40,-47,0,1,50,0,632,72,32,32,0,-40,-47,0,1,100,0,664,72,32,32,0,-4,-40,0,0,100,0,96,136,16,16,0,4,-41,0,0,100,0,96,136,16,16,0,-22,-49,0,0,100,0,208,216,32,32,0,-11,-57,0,0,100,0,0,72,32,32,0,-20,-43,0,0,100,0,192,168,48,48,0,-12,-32,0,0,100,0,32,216,16,16,0,-21,-56,1,0,100,90,432,72,72,72,0,-1,-36,0,0,100,0,272,216,32,32,0,2,-49,0,0,100,0,0,248,48,48,0,-21,-56,1,1,100,90,504,72,72,72,0,-43,-77,0,1,100,0,680,352,88,88,0,-44,-16,0,0,100,0,680,0,88,32,0,
0,14,-40,-81,0,1,100,0,768,256,88,96,0,-40,-47,0,1,100,0,696,72,32,32,0,-4,-40,0,0,100,0,112,136,16,16,0,4,-41,0,0,100,0,112,136,16,16,0,-22,-49,0,0,100,0,208,216,32,32,0,-11,-57,0,0,100,0,32,72,32,32,0,-20,-43,0,0,100,0,192,168,48,48,0,-12,-32,0,0,100,0,32,216,16,16,0,-21,-56,1,0,100,90,432,72,72,72,0,-1,-33,0,0,100,0,304,216,32,32,0,2,-49,0,0,100,0,48,248,48,48,0,-21,-56,1,1,80,90,504,72,72,72,0,-43,-77,0,1,100,0,768,352,88,88,0,-44,-16,0,0,100,0,680,0,88,32,0,
0,14,-40,-81,0,1,100,0,856,256,88,96,0,-40,-47,0,1,100,0,728,72,32,32,0,-4,-40,0,0,100,0,128,136,16,16,0,4,-41,0,0,100,0,128,136,16,16,0,-22,-49,0,0,100,0,208,216,32,32,0,-11,-57,0,0,100,0,0,72,32,32,0,-20,-43,0,0,100,0,192,168,48,48,0,-12,-32,0,0,100,0,32,216,16,16,0,-21,-56,1,0,100,90,432,72,72,72,0,-1,-36,0,0,100,0,336,216,32,32,0,2,-49,0,0,100,0,96,248,48,48,0,-21,-56,1,1,60,90,504,72,72,72,0,-43,-77,0,1,100,0,856,352,88,88,0,-44,-16,0,0,100,0,680,0,88,32,0,
0,14,-40,-81,0,1,100,0,944,256,88,96,0,-40,-47,0,1,50,0,728,72,32,32,0,-4,-40,0,0,100,0,144,136,16,16,0,4,-41,0,0,100,0,144,136,16,16,0,-22,-49,0,0,100,0,208,216,32,32,0,-11,-57,0,0,100,0,64,72,32,32,0,-20,-43,0,0,100,0,192,168,48,48,0,-12,-32,0,0,100,0,32,216,16,16,0,-21,-56,1,0,100,90,432,72,72,72,0,-1,-36,0,0,100,0,368,216,32,32,0,2,-49,0,0,100,0,144,248,48,48,0,-21,-56,1,1,80,90,504,72,72,72,0,-43,-77,0,1,100,0,944,352,88,88,0,-44,-16,0,0,100,0,680,0,88,32,0,
0,0,
0,13,-40,-81,0,1,100,0,680,256,88,96,0,-16,-40,1,0,100,0,144,136,16,16,0,2,-43,0,0,100,0,112,136,16,16,0,-15,-59,0,0,100,0,96,104,32,32,0,-39,-59,0,0,100,0,0,736,72,64,0,2,-27,1,0,100,0,144,216,32,32,0,-24,-49,0,0,100,0,176,216,32,32,0,-13,-31,0,0,100,0,32,216,16,16,0,0,-51,0,0,100,0,144,248,48,48,0,-25,-81,2,0,100,90,288,0,72,72,0,-25,-81,2,1,100,90,360,0,72,72,0,-43,-77,0,1,100,0,680,352,88,88,0,-44,-16,0,0,100,0,680,0,88,32,0,
0,11,-40,-81,0,1,100,0,768,256,88,96,0,-23,-58,0,0,100,0,288,104,32,32,0,-40,-59,0,0,100,0,72,736,72,64,0,0,-29,1,0,100,0,48,216,32,32,0,-27,-45,0,0,100,0,176,216,32,32,0,-14,-29,0,0,100,0,32,216,16,16,0,-8,-50,0,0,100,0,0,248,48,48,0,-35,-84,2,0,100,90,288,0,72,72,0,-35,-84,2,1,60,90,360,0,72,72,0,-43,-77,0,1,100,0,768,352,88,88,0,-45,-16,0,0,100,0,680,0,88,32,0,
0,11,-40,-81,0,1,60,0,856,256,88,96,0,-24,-57,0,0,100,0,288,104,32,32,0,-40,-59,0,0,100,0,144,736,72,64,0,-2,-29,1,0,100,0,80,216,32,32,0,-28,-44,0,0,100,0,176,216,32,32,0,-15,-28,0,0,100,0,32,216,16,16,0,-9,-49,0,0,100,0,48,248,48,48,0,-45,-71,0,1,100,0,576,104,88,40,0,-37,-83,2,0,100,90,288,0,72,72,0,-43,-77,0,1,60,0,856,352,88,88,0,-46,-16,0,0,100,0,680,0,88,32,0,
0,10,-40,-81,0,1,40,0,944,256,88,96,0,-24,-57,0,0,100,0,288,104,32,32,0,-40,-59,0,0,100,0,144,736,72,64,0,-2,-30,1,0,100,0,80,216,32,32,0,-28,-44,0,0,100,0,176,216,32,32,0,-15,-28,0,0,100,0,32,216,16,16,0,-9,-50,0,0,100,0,48,248,48,48,0,-53,-84,0,1,100,0,576,144,104,56,0,-43,-77,0,1,40,0,944,352,88,88,0,-46,-16,0,0,100,0,680,0,88,32,0,
0,10,-48,-59,3,1,100,0,480,216,96,48,0,-48,-91,0,1,100,0,480,216,96,48,0,-24,-57,0,0,100,0,288,104,32,32,0,-40,-59,0,0,100,0,144,736,72,64,0,-2,-29,1,0,100,0,80,216,32,32,0,-28,-44,0,0,100,0,176,216,32,32,0,-15,-28,0,0,100,0,32,216,16,16,0,-9,-49,0,0,100,0,48,248,48,48,0,-53,-84,0,1,100,0,576,200,104,56,0,-46,-16,0,0,100,0,680,0,88,32,0,
0,10,-48,-59,3,1,100,0,480,264,96,48,0,-48,-91,0,1,100,0,480,264,96,48,0,-24,-57,0,0,100,0,288,104,32,32,0,-40,-59,0,0,100,0,144,736,72,64,0,-3,-28,1,0,100,0,112,216,32,32,0,-28,-44,0,0,100,0,176,216,32,32,0,-15,-28,0,0,100,0,32,216,16,16,0,-9,-49,0,0,100,0,96,248,48,48,0,-53,-80,0,1,100,0,576,256,104,56,0,-46,-16,0,0,100,0,680,0,88,32,0,
0,9,-48,-59,3,1,40,0,480,264,96,48,0,-48,-91,0,1,40,0,480,264,96,48,0,-24,-57,0,0,100,0,288,104,32,32,0,-40,-59,0,0,100,0,144,736,72,64,0,-2,-26,1,0,100,0,144,216,32,32,0,-28,-44,0,0,100,0,176,216,32,32,0,-15,-28,0,0,100,0,32,216,16,16,0,-9,-49,0,0,100,0,144,248,48,48,0,-46,-16,0,0,100,0,680,0,88,32,0,
0,7,-4,-27,0,0,100,0,144,136,16,16,0,-21,-43,0,0,100,0,96,104,32,32,0,-21,-27,1,0,100,0,144,136,16,16,0,-35,-59,0,0,100,0,216,736,72,64,0,-25,-34,0,0,100,0,176,216,32,32,0,-12,-17,0,0,100,0,32,216,16,16,0,-44,-16,0,0,100,0,680,0,88,32,0,
0,7,-5,-25,0,0,100,0,96,136,16,16,0,-22,-41,0,0,100,0,128,104,32,32,0,-22,-25,1,0,100,0,144,136,16,16,0,-35,-59,0,0,100,0,288,736,72,64,0,-26,-32,0,0,100,0,176,216,32,32,0,-13,-15,0,0,100,0,32,216,16,16,0,-44,-16,0,0,100,0,680,0,88,32,0,
0,7,-6,-24,0,0,100,0,112,136,16,16,0,-23,-40,0,0,100,0,128,104,32,32,0,-23,-24,1,0,100,0,144,136,16,16,0,-35,-59,0,0,100,0,360,736,72,64,0,-27,-31,0,0,100,0,176,216,32,32,0,-14,-14,0,0,100,0,32,216,16,16,0,-44,-16,0,0,100,0,680,0,88,32,0,
0,7,-21,-77,0,0,100,0,288,104,32,32,0,-22,-77,0,0,100,0,432,736,56,64,0,-25,-64,0,0,100,0,176,216,32,32,0,-12,-47,0,0,100,0,32,216,16,16,0,0,-43,1,0,100,0,144,216,32,32,0,-14,-73,0,0,100,0,0,296,48,48,0,-44,-16,0,0,100,0,680,0,88,32,0,
0,7,-21,-86,0,0,100,0,288,104,32,32,0,-22,-86,0,0,100,0,488,736,56,64,0,-25,-73,0,0,100,0,176,216,32,32,0,-12,-56,0,0,100,0,32,216,16,16,0,0,-55,1,0,100,0,48,216,32,32,0,-14,-83,0,0,100,0,0,296,48,48,0,-44,-16,0,0,100,0,680,0,88,32,0,
0,7,-21,-88,0,0,100,0,320,104,32,32,0,-22,-88,0,0,100,0,544,736,56,64,0,-25,-75,0,0,100,0,176,216,32,32,0,-12,-58,0,0,100,0,32,216,16,16,0,-3,-72,0,0,100,0,272,216,32,32,0,-9,-88,0,0,100,0,48,296,48,48,0,-44,-16,0,0,100,0,680,0,88,32,0,
0,7,-21,-86,0,0,100,0,352,104,32,32,0,-22,-86,0,0,100,0,488,736,56,64,0,-25,-73,0,0,100,0,176,216,32,32,0,-12,-56,0,0,100,0,32,216,16,16,0,-5,-69,0,0,100,0,304,216,32,32,0,-14,-85,0,0,100,0,96,296,48,48,0,-44,-16,0,0,100,0,680,0,88,32,0,
0,9,-19,-58,1,0,100,0,144,136,16,16,0,-1,-61,0,0,100,0,112,136,16,16,0,-21,-77,0,0,100,0,320,104,32,32,0,-22,-77,0,0,100,0,600,736,56,64,0,-25,-64,0,0,100,0,176,216,32,32,0,-12,-47,0,0,100,0,32,216,16,16,0,-2,-66,1,0,100,90,112,216,32,32,0,-16,-80,0,0,100,0,144,296,48,48,0,-44,-16,0,0,100,0,680,0,88,32,0,
0,5,-29,-59,0,0,100,0,0,800,56,64,0,-26,-47,0,0,100,0,0,216,32,32,0,-17,-30,0,0,100,0,32,216,16,16,0,-7,-26,1,0,100,0,112,216,32,32,0,-46,-16,0,0,100,0,680,0,88,32,0,
0,0,
0,6,-29,-59,0,0,100,0,392,800,56,64,0,-25,-50,0,0,100,0,0,216,32,32,0,-19,-34,0,0,100,0,32,216,16,16,0,-5,-27,0,0,100,0,304,184,32,32,0,-11,-50,0,0,100,0,192,248,48,48,0,-46,-16,0,0,100,0,680,0,88,32,0,
0,6,-29,-59,0,0,100,0,112,800,56,64,0,-24,-49,0,0,100,0,0,216,32,32,0,-18,-33,0,0,100,0,32,216,16,16,0,-5,-27,0,0,100,0,400,184,32,32,0,-11,-49,0,0,100,0,192,248,48,48,0,-46,-16,0,0,100,0,680,0,88,32,0,
0,6,-29,-59,0,0,100,0,168,800,56,64,0,-24,-48,0,0,100,0,0,216,32,32,0,-18,-32,0,0,100,0,32,216,16,16,0,-5,-27,0,0,100,0,272,184,32,32,0,-11,-48,0,0,100,0,192,248,48,48,0,-46,-16,0,0,100,0,680,0,88,32,0,
0,6,-29,-59,0,0,100,0,224,800,56,64,0,-24,-48,0,0,100,0,0,216,32,32,0,-18,-32,0,0,100,0,32,216,16,16,0,-5,-27,0,0,100,0,400,184,32,32,0,-11,-48,0,0,100,0,192,248,48,48,0,-46,-16,0,0,100,0,680,0,88,32,0,
0,6,-29,-59,0,0,100,0,280,800,56,64,0,-24,-49,0,0,100,0,0,216,32,32,0,-18,-33,0,0,100,0,32,216,16,16,0,-5,-27,0,0,100,0,304,184,32,32,0,-11,-49,0,0,100,0,192,248,48,48,0,-46,-16,0,0,100,0,680,0,88,32,0,
0,6,-29,-59,0,0,100,0,336,800,56,64,0,-24,-50,0,0,100,0,0,216,32,32,0,-18,-34,0,0,100,0,32,216,16,16,0,-5,-27,0,0,100,0,304,184,32,32,0,-12,-50,0,0,100,0,192,248,48,48,0,-46,-16,0,0,100,0,680,0,88,32,0,
0,7,-17,-59,0,0,100,0,288,136,32,32,0,-29,-59,0,0,100,0,56,800,56,64,0,-26,-49,0,0,100,0,0,216,32,32,0,-20,-33,0,0,100,0,32,216,16,16,0,-5,-27,0,0,100,0,368,184,32,32,0,-11,-49,0,0,100,0,336,248,48,48,0,-46,-16,0,0,100,0,680,0,88,32,0,
0,7,-17,-59,0,0,100,0,320,136,32,32,0,-29,-59,0,0,100,0,56,800,56,64,0,-26,-49,0,0,100,0,0,216,32,32,0,-20,-33,0,0,100,0,32,216,16,16,0,-5,-27,0,0,100,0,368,184,32,32,0,-11,-49,0,0,100,0,336,248,48,48,0,-46,-16,0,0,100,0,680,0,88,32,0,
0,7,-17,-59,0,0,100,0,288,136,32,32,0,-29,-59,0,0,100,0,56,800,56,64,0,-26,-49,0,0,100,0,0,216,32,32,0,-20,-33,0,0,100,0,32,216,16,16,0,-5,-27,0,0,100,0,272,184,32,32,0,-11,-49,0,0,100,0,192,248,48,48,0,-46,-16,0,0,100,0,680,0,88,32,0,
0,7,-17,-59,0,0,100,0,224,136,32,32,0,-29,-59,0,0,100,0,56,800,56,64,0,-26,-49,0,0,100,0,0,216,32,32,0,-20,-33,0,0,100,0,32,216,16,16,0,-5,-27,0,0,100,0,272,184,32,32,0,-11,-49,0,0,100,0,192,248,48,48,0,-46,-16,0,0,100,0,680,0,88,32,0,
0,7,-17,-59,0,0,100,0,224,136,32,32,0,-29,-59,0,0,100,0,56,800,56,64,0,-26,-49,0,0,100,0,0,216,32,32,0,-20,-33,0,0,100,0,32,216,16,16,0,-5,-27,0,0,100,0,304,184,32,32,0,-11,-49,0,0,100,0,240,248,48,48,0,-46,-16,0,0,100,0,680,0,88,32,0,
0,7,-17,-59,0,0,100,0,192,136,32,32,0,-29,-59,0,0,100,0,56,800,56,64,0,-26,-49,0,0,100,0,0,216,32,32,0,-20,-33,0,0,100,0,32,216,16,16,0,-5,-27,0,0,100,0,336,184,32,32,0,-11,-49,0,0,100,0,288,248,48,48,0,-46,-16,0,0,100,0,680,0,88,32,0,
0,7,-17,-59,0,0,100,0,256,136,32,32,0,-29,-59,0,0,100,0,56,800,56,64,0,-26,-49,0,0,100,0,0,216,32,32,0,-20,-33,0,0,100,0,32,216,16,16,0,-5,-27,0,0,100,0,368,184,32,32,0,-11,-49,0,0,100,0,336,248,48,48,0,-46,-16,0,0,100,0,680,0,88,32,0,
0,7,-17,-59,0,0,100,0,192,136,32,32,0,-29,-59,0,0,100,0,56,800,56,64,0,-26,-49,0,0,100,0,0,216,32,32,0,-20,-33,0,0,100,0,32,216,16,16,0,-5,-27,0,0,100,0,272,184,32,32,0,-11,-49,0,0,100,0,192,248,48,48,0,-46,-16,0,0,100,0,680,0,88,32,0,
0,13,-40,-81,0,1,100,0,680,256,88,96,0,-25,-45,0,0,100,0,0,216,32,32,0,-10,-37,1,0,100,0,96,136,16,16,0,-17,-37,1,0,100,0,96,152,16,16,0,-15,-54,0,0,100,0,64,104,32,32,0,-27,-51,0,0,100,0,216,368,72,56,0,-16,-28,0,0,100,0,32,216,16,16,0,-30,-72,1,0,100,90,288,0,72,72,0,-30,-72,1,1,100,90,360,0,72,72,0,-11,-45,0,0,100,0,0,248,48,48,0,-31,-26,0,0,100,0,144,216,32,32,0,-43,-77,0,1,100,0,680,352,88,88,0,-44,-16,0,0,100,0,680,0,88,32,0,
0,13,-40,-81,0,1,60,0,768,256,88,96,0,-14,-40,0,0,100,0,0,216,32,32,0,1,-32,1,0,100,0,96,136,16,16,0,-6,-32,1,0,100,0,96,152,16,16,0,-4,-49,0,0,100,0,0,104,32,32,0,-27,-51,0,0,100,0,288,368,72,56,0,-5,-23,0,0,100,0,32,216,16,16,0,-20,-65,1,0,100,90,288,0,72,72,0,-20,-65,1,1,100,90,360,0,72,72,0,-31,-40,1,0,100,0,0,248,48,48,0,-24,-22,0,0,100,0,48,216,32,32,0,-43,-77,0,1,60,0,768,352,88,88,0,-35,-16,0,0,100,0,680,0,88,32,0,
0,13,-40,-81,0,1,40,0,856,256,88,96,0,-11,-39,0,0,100,0,0,216,32,32,0,4,-31,1,0,100,0,96,136,16,16,0,-3,-31,1,0,100,0,96,152,16,16,0,-1,-48,0,0,100,0,32,104,32,32,0,-25,-51,0,0,100,0,360,368,72,56,0,-2,-22,0,0,100,0,32,216,16,16,0,-17,-64,1,0,100,90,288,0,72,72,0,-17,-64,1,1,100,90,360,0,72,72,0,-28,-39,1,0,100,0,48,248,48,48,0,-21,-23,0,0,100,0,80,216,32,32,0,-43,-77,0,1,40,0,856,352,88,88,0,-31,-16,0,0,100,0,680,0,88,32,0,
0,11,-105,-37,0,1,100,0,0,552,144,32,0,-28,-28,0,0,100,0,240,168,32,16,0,-60,-56,1,0,100,0,432,144,72,72,0,-60,-56,1,1,100,0,504,144,72,72,0,-20,-34,0,0,100,0,144,152,16,16,0,-27,-48,0,0,100,0,320,72,32,32,0,-41,-51,0,0,100,0,216,496,72,56,0,-36,-40,0,0,100,0,208,216,32,32,0,-24,-25,0,0,100,0,32,216,16,16,0,-9,-33,0,0,100,0,272,216,32,32,0,-48,-16,0,0,100,0,680,0,88,32,0,
0,11,-109,-37,0,1,40,0,0,552,144,32,0,-36,-30,0,0,100,0,240,168,32,16,0,-73,-58,1,0,100,0,432,144,72,72,0,-73,-58,1,1,100,0,504,144,72,72,0,-23,-35,0,0,100,0,144,152,16,16,0,-30,-49,0,0,100,0,320,72,32,32,0,-47,-51,0,0,100,0,288,496,72,56,0,-39,-41,0,0,100,0,208,216,32,32,0,-27,-26,0,0,100,0,32,216,16,16,0,-13,-34,0,0,100,0,304,216,32,32,0,-50,-16,0,0,100,0,680,0,88,32,0,
0,11,-113,-37,0,1,20,0,0,552,144,32,0,-37,-30,0,0,100,0,240,168,32,16,0,-74,-58,1,0,100,0,432,144,72,72,0,-74,-58,1,1,100,0,504,144,72,72,0,-24,-35,0,0,100,0,144,152,16,16,0,-31,-49,0,0,100,0,288,72,32,32,0,-49,-51,0,0,100,0,360,496,72,56,0,-40,-41,0,0,100,0,208,216,32,32,0,-28,-26,0,0,100,0,32,216,16,16,0,-14,-34,0,0,100,0,336,216,32,32,0,-50,-16,0,0,100,0,680,0,88,32,0,
0,10,-37,-30,0,0,100,0,240,168,32,16,0,-74,-58,1,0,100,0,432,144,72,72,0,-74,-58,1,1,100,0,504,144,72,72,0,-24,-35,0,0,100,0,144,152,16,16,0,-31,-49,0,0,100,0,288,72,32,32,0,-49,-51,0,0,100,0,360,496,72,56,0,-40,-41,0,0,100,0,208,216,32,32,0,-28,-26,0,0,100,0,32,216,16,16,0,-14,-34,0,0,100,0,336,216,32,32,0,-50,-16,0,0,100,0,680,0,88,32,0,
0,11,0,-35,0,0,100,0,96,136,16,16,0,7,-35,0,0,100,0,96,152,16,16,0,-18,-44,0,0,100,0,0,216,32,32,0,-11,-52,0,0,100,0,96,72,32,32,0,-21,-67,0,0,100,0,360,424,72,72,0,-9,-27,0,0,100,0,32,216,16,16,0,-22,-57,1,0,100,0,432,144,72,72,0,-22,-57,1,1,100,0,504,144,72,72,0,-36,-40,1,0,100,0,0,248,48,48,0,-22,-25,0,0,100,0,48,216,32,32,0,-36,-16,0,0,100,0,680,0,88,32,0,
0,11,4,-35,0,0,100,0,96,136,16,16,0,11,-35,0,0,100,0,96,152,16,16,0,-14,-44,0,0,100,0,0,216,32,32,0,-7,-52,0,0,100,0,128,72,32,32,0,-20,-67,0,0,100,0,432,424,72,72,0,-5,-27,0,0,100,0,32,216,16,16,0,-23,-61,0,0,100,-90,288,0,72,72,0,-23,-61,0,1,100,-90,360,0,72,72,0,-36,-40,1,0,100,0,48,248,48,48,0,-22,-24,0,0,100,0,80,216,32,32,0,-36,-16,0,0,100,0,680,0,88,32,0,
0,9,-9,-28,0,0,100,0,96,152,16,16,0,-21,-46,0,0,100,0,224,72,32,32,0,-35,-49,0,0,100,0,360,552,72,72,0,-35,-51,0,0,100,0,72,368,72,56,0,-28,-41,0,0,100,0,176,216,32,32,0,-15,-24,0,0,100,0,32,216,16,16,0,-10,-44,0,0,100,0,48,248,48,48,0,0,-34,0,0,100,0,272,216,32,32,0,-41,-16,0,0,100,0,680,0,88,32,0,
0,8,-126,-73,0,1,100,0,448,624,96,96,0,-72,-67,0,1,100,0,224,624,112,96,0,-24,-39,0,0,100,0,144,152,16,16,0,-47,-51,0,0,100,0,0,496,72,56,0,-31,-53,0,0,100,0,224,72,32,32,0,-62,-56,0,0,100,90,288,0,72,72,0,-62,-56,0,1,100,90,360,0,72,72,0,-58,-16,0,0,100,0,680,0,88,32,0,
0,8,-126,-73,0,1,100,0,544,624,96,96,0,-72,-43,0,1,100,0,336,624,112,56,0,-27,-42,0,0,100,0,144,152,16,16,0,-49,-51,0,0,100,0,72,496,72,56,0,-34,-56,0,0,100,0,224,72,32,32,0,-60,-66,0,0,100,0,432,144,72,72,0,-60,-66,0,1,100,0,504,144,72,72,0,-61,-16,0,0,100,0,680,0,88,32,0,
0,8,-126,-73,0,1,40,0,544,624,96,96,0,-74,-43,0,1,40,0,336,680,112,48,0,-29,-43,0,0,100,0,144,152,16,16,0,-50,-51,0,0,100,0,144,496,72,56,0,-36,-57,0,0,100,0,192,72,32,32,0,-62,-68,0,0,100,0,432,144,72,72,0,-62,-68,0,1,100,0,504,144,72,72,0,-63,-16,0,0,100,0,680,0,88,32,0,
0,7,-31,-43,0,0,100,0,144,152,16,16,0,-52,-67,0,0,100,0,0,424,72,72,0,-34,-58,0,0,100,0,192,104,32,32,0,-16,-48,0,0,100,0,272,168,16,16,0,-45,-74,3,0,100,-90,288,0,72,72,0,-45,-74,3,1,100,-90,360,0,72,72,0,-64,-16,0,0,100,0,680,0,88,32,0,
0,7,-29,-43,0,0,100,0,144,152,16,16,0,-51,-67,0,0,100,0,72,424,72,72,0,-32,-59,0,0,100,0,224,104,32,32,0,-21,-57,0,0,100,0,272,168,16,16,0,-49,-86,2,0,100,0,432,72,72,72,0,-49,-86,2,1,100,0,504,72,72,72,0,-63,-16,0,0,100,0,680,0,88,32,0,
0,7,-27,-43,0,0,100,0,144,152,16,16,0,-50,-67,0,0,100,0,144,424,72,72,0,-30,-59,0,0,100,0,256,104,32,32,0,-22,-59,0,0,100,0,272,168,16,16,0,-50,-88,2,0,100,0,432,72,72,72,0,-50,-88,2,1,100,0,504,72,72,72,0,-63,-16,0,0,100,0,680,0,88,32,0,
0,11,-70,-89,0,1,100,0,0,624,112,112,0,-8,-39,0,0,100,0,96,136,16,16,0,-25,-53,0,0,100,0,96,104,32,32,0,-30,-45,0,0,100,0,176,216,32,32,0,-33,-67,0,0,100,0,216,424,72,72,0,-17,-29,0,0,100,0,32,216,16,16,0,-29,-55,0,0,100,0,288,0,72,72,0,-29,-55,0,1,100,0,360,0,72,72,0,-20,-73,0,0,100,90,0,248,48,48,0,-1,-48,1,0,100,90,48,216,32,32,0,-47,-16,0,0,100,0,680,0,88,32,0,
0,11,-71,-89,0,1,100,0,112,624,112,112,0,-5,-35,0,0,100,0,96,136,16,16,0,-22,-49,0,0,100,0,96,104,32,32,0,-27,-41,0,0,100,0,176,216,32,32,0,-30,-67,0,0,100,0,288,424,72,72,0,-14,-25,0,0,100,0,32,216,16,16,0,-25,-52,0,0,100,0,288,0,72,72,0,-25,-52,0,1,100,0,360,0,72,72,0,-18,-72,0,0,100,90,48,248,48,48,0,1,-54,1,0,100,90,48,216,32,32,0,-45,-16,0,0,100,0,680,0,88,32,0,
0,11,-73,-89,0,1,40,0,112,624,112,112,0,-3,-34,0,0,100,0,96,136,16,16,0,-20,-48,0,0,100,0,96,104,32,32,0,-25,-40,0,0,100,0,176,216,32,32,0,-28,-67,0,0,100,0,288,424,72,72,0,-12,-24,0,0,100,0,32,216,16,16,0,-23,-51,0,0,100,0,288,0,72,72,0,-23,-51,0,1,100,0,360,0,72,72,0,-20,-73,0,0,100,90,48,248,48,48,0,3,-52,1,0,100,90,80,216,32,32,0,-44,-16,0,0,100,0,680,0,88,32,0,
0,12,-40,-81,0,1,40,0,856,256,88,96,0,-3,-34,0,0,100,0,96,136,16,16,0,-20,-48,0,0,100,0,96,104,32,32,0,-25,-40,0,0,100,0,176,216,32,32,0,-28,-67,0,0,100,0,288,424,72,72,0,-12,-24,0,0,100,0,32,216,16,16,0,-23,-51,0,0,100,0,288,0,72,72,0,-23,-51,0,1,100,0,360,0,72,72,0,-20,-73,0,0,100,90,96,248,48,48,0,7,-46,1,0,100,90,112,216,32,32,0,-43,-77,0,1,40,0,856,352,88,88,0,-44,-16,0,0,100,0,680,0,88,32,0,
0,13,-40,-81,0,1,60,0,944,256,88,96,0,-23,-46,0,0,100,0,176,216,32,32,0,-4,-37,0,0,100,0,128,136,16,16,0,4,-40,0,0,100,0,112,136,16,16,0,-17,-56,0,0,100,0,96,72,32,32,0,-30,-51,0,0,100,0,432,368,72,56,0,-12,-29,0,0,100,0,32,216,16,16,0,-27,-62,0,0,100,0,288,0,72,72,0,-27,-62,0,1,100,0,360,0,72,72,0,-2,-53,0,0,100,0,96,248,48,48,0,-22,-32,1,0,100,0,368,216,32,32,0,-43,-77,0,1,60,0,944,352,88,88,0,-44,-16,0,0,100,0,680,0,88,32,0,
0,0,
0,0,
0,0,
0,14,-40,-81,0,1,100,0,680,256,88,96,0,-48,-88,0,1,100,0,768,0,128,128,0,-18,-45,0,0,100,0,0,216,32,32,0,-3,-37,1,0,100,0,96,136,16,16,0,-10,-37,1,0,100,0,96,152,16,16,0,-8,-54,0,0,100,0,64,104,32,32,0,-20,-51,0,0,100,0,216,368,72,56,0,-9,-28,0,0,100,0,32,216,16,16,0,-23,-72,1,0,100,90,288,0,72,72,0,-23,-72,1,1,100,90,360,0,72,72,0,-4,-45,0,0,100,0,0,248,48,48,0,-24,-26,0,0,100,0,144,216,32,32,0,-43,-77,0,1,100,0,680,352,88,88,0,-36,-16,0,0,100,0,680,0,88,32,0,
0,14,-40,-81,0,1,100,0,768,256,88,96,0,-48,-88,0,1,100,0,896,0,128,128,0,-10,-40,0,0,100,0,0,216,32,32,0,5,-32,1,0,100,0,96,136,16,16,0,-2,-32,1,0,100,0,96,152,16,16,0,0,-49,0,0,100,0,0,104,32,32,0,-23,-51,0,0,100,0,288,368,72,56,0,-1,-23,0,0,100,0,32,216,16,16,0,-16,-65,1,0,100,90,288,0,72,72,0,-16,-65,1,1,100,90,360,0,72,72,0,-27,-40,1,0,100,0,0,248,48,48,0,-20,-22,0,0,100,0,48,216,32,32,0,-43,-77,0,1,100,0,768,352,88,88,0,-28,-16,0,0,100,0,680,0,88,32,0,
0,12,-48,-88,0,1,100,0,768,128,128,128,0,-7,-39,0,0,100,0,0,216,32,32,0,8,-31,1,0,100,0,96,136,16,16,0,1,-31,1,0,100,0,96,152,16,16,0,3,-48,0,0,100,0,32,104,32,32,0,-21,-51,0,0,100,0,360,368,72,56,0,2,-22,0,0,100,0,32,216,16,16,0,-13,-64,1,0,100,90,288,0,72,72,0,-13,-64,1,1,100,90,360,0,72,72,0,-24,-39,1,0,100,0,48,248,48,48,0,-17,-23,0,0,100,0,80,216,32,32,0,-27,-16,0,0,100,0,680,0,88,32,0,
0,13,-48,-88,0,1,40,0,768,128,128,128,0,-48,-88,0,1,100,0,896,128,128,128,0,-7,-39,0,0,100,0,0,216,32,32,0,8,-31,1,0,100,0,96,136,16,16,0,1,-31,1,0,100,0,96,152,16,16,0,3,-48,0,0,100,0,32,104,32,32,0,-21,-51,0,0,100,0,360,368,72,56,0,2,-22,0,0,100,0,32,216,16,16,0,-13,-64,1,0,100,90,288,0,72,72,0,-13,-64,1,1,100,90,360,0,72,72,0,-24,-39,1,0,100,0,48,248,48,48,0,-17,-23,0,0,100,0,80,216,32,32,0,-27,-16,0,0,100,0,680,0,88,32,0,
0,12,-48,-88,0,1,40,0,896,128,128,128,0,-7,-39,0,0,100,0,0,216,32,32,0,8,-31,1,0,100,0,96,136,16,16,0,1,-31,1,0,100,0,96,152,16,16,0,3,-48,0,0,100,0,32,104,32,32,0,-21,-51,0,0,100,0,360,368,72,56,0,2,-22,0,0,100,0,32,216,16,16,0,-13,-64,1,0,100,90,288,0,72,72,0,-13,-64,1,1,100,90,360,0,72,72,0,-24,-39,1,0,100,0,48,248,48,48,0,-17,-23,0,0,100,0,80,216,32,32,0,-27,-16,0,0,100,0,680,0,88,32,0,
0,11,-7,-39,0,0,100,0,0,216,32,32,0,8,-31,1,0,100,0,96,136,16,16,0,1,-31,1,0,100,0,96,152,16,16,0,3,-48,0,0,100,0,32,104,32,32,0,-21,-51,0,0,100,0,360,368,72,56,0,2,-22,0,0,100,0,32,216,16,16,0,-13,-64,1,0,100,90,288,0,72,72,0,-13,-64,1,1,100,90,360,0,72,72,0,-24,-39,1,0,100,0,48,248,48,48,0,-17,-23,0,0,100,0,80,216,32,32,0,-27,-16,0,0,100,0,680,0,88,32,0,
0,10,-17,-45,0,0,100,0,0,216,32,32,0,-2,-37,1,0,100,0,96,136,16,16,0,-9,-37,1,0,100,0,96,152,16,16,0,-7,-54,0,0,100,0,0,104,32,32,0,-19,-51,0,0,100,0,216,368,72,56,0,-8,-28,0,0,100,0,32,216,16,16,0,-22,-72,1,0,100,90,288,0,72,72,0,-22,-72,1,1,100,90,360,0,72,72,0,-33,-47,1,0,100,0,144,248,48,48,0,-35,-16,0,0,100,0,680,0,88,32,0,
0,7,-11,-43,0,0,100,0,144,152,16,16,0,-32,-67,0,0,100,0,0,424,72,72,0,-14,-58,0,0,100,0,192,104,32,32,0,4,-48,0,0,100,0,272,168,16,16,0,-25,-74,3,0,100,-90,288,0,72,72,0,-25,-74,3,1,100,-90,360,0,72,72,0,-44,-16,0,0,100,0,680,0,88,32,0,
0,7,-10,-43,0,0,100,0,144,152,16,16,0,-32,-67,0,0,100,0,72,424,72,72,0,-13,-59,0,0,100,0,224,104,32,32,0,-2,-57,0,0,100,0,272,168,16,16,0,-30,-86,2,0,100,0,432,72,72,72,0,-30,-86,2,1,100,0,504,72,72,72,0,-44,-16,0,0,100,0,680,0,88,32,0,
0,11,-54,-89,0,1,100,0,0,624,112,112,0,8,-39,0,0,100,0,96,136,16,16,0,-9,-53,0,0,100,0,96,104,32,32,0,-14,-45,0,0,100,0,176,216,32,32,0,-17,-67,0,0,100,0,216,424,72,72,0,-1,-29,0,0,100,0,32,216,16,16,0,-13,-55,0,0,100,0,288,0,72,72,0,-13,-55,0,1,100,0,360,0,72,72,0,-4,-73,0,0,100,90,0,248,48,48,0,15,-48,1,0,100,90,48,216,32,32,0,-31,-16,0,0,100,0,680,0,88,32,0,
0,11,-55,-89,0,1,100,0,112,624,112,112,0,11,-35,0,0,100,0,96,136,16,16,0,-6,-49,0,0,100,0,96,104,32,32,0,-11,-41,0,0,100,0,176,216,32,32,0,-14,-67,0,0,100,0,288,424,72,72,0,2,-25,0,0,100,0,32,216,16,16,0,-9,-52,0,0,100,0,288,0,72,72,0,-9,-52,0,1,100,0,360,0,72,72,0,-2,-72,0,0,100,90,48,248,48,48,0,17,-54,1,0,100,90,48,216,32,32,0,-29,-16,0,0,100,0,680,0,88,32,0,
0,11,16,-35,0,0,100,0,96,136,16,16,0,23,-35,0,0,100,0,96,152,16,16,0,-2,-44,0,0,100,0,0,216,32,32,0,5,-52,0,0,100,0,96,72,32,32,0,-5,-67,0,0,100,0,360,424,72,72,0,7,-27,0,0,100,0,32,216,16,16,0,-6,-57,1,0,100,0,432,144,72,72,0,-6,-57,1,1,100,0,504,144,72,72,0,-20,-40,1,0,100,0,0,248,48,48,0,-6,-25,0,0,100,0,48,216,32,32,0,-20,-16,0,0,100,0,680,0,88,32,0,
0,11,20,-35,0,0,100,0,96,136,16,16,0,27,-35,0,0,100,0,96,152,16,16,0,2,-44,0,0,100,0,0,216,32,32,0,9,-52,0,0,100,0,128,72,32,32,0,-4,-67,0,0,100,0,432,424,72,72,0,11,-27,0,0,100,0,32,216,16,16,0,-7,-61,0,0,100,-90,288,0,72,72,0,-7,-61,0,1,100,-90,360,0,72,72,0,-20,-40,1,0,100,0,48,248,48,48,0,-6,-24,0,0,100,0,80,216,32,32,0,-20,-16,0,0,100,0,680,0,88,32,0,
0,0,
0,9,7,-28,0,0,100,0,96,152,16,16,0,-5,-46,0,0,100,0,224,72,32,32,0,-19,-49,0,0,100,0,360,552,72,72,0,-19,-51,0,0,100,0,72,368,72,56,0,-12,-41,0,0,100,0,176,216,32,32,0,1,-24,0,0,100,0,32,216,16,16,0,6,-44,0,0,100,0,48,248,48,48,0,16,-34,0,0,100,0,272,216,32,32,0,-25,-16,0,0,100,0,680,0,88,32,0,
0,8,-110,-73,0,1,100,0,448,624,96,96,0,-56,-67,0,1,100,0,224,624,112,96,0,-8,-39,0,0,100,0,144,152,16,16,0,-31,-51,0,0,100,0,0,496,72,56,0,-15,-53,0,0,100,0,224,72,32,32,0,-46,-56,0,0,100,90,288,0,72,72,0,-46,-56,0,1,100,90,360,0,72,72,0,-42,-16,0,0,100,0,680,0,88,32,0,
0,8,-110,-73,0,1,100,0,544,624,96,96,0,-56,-43,0,1,100,0,336,624,112,56,0,-11,-42,0,0,100,0,144,152,16,16,0,-33,-51,0,0,100,0,72,496,72,56,0,-18,-56,0,0,100,0,224,72,32,32,0,-44,-66,0,0,100,0,432,144,72,72,0,-44,-66,0,1,100,0,504,144,72,72,0,-45,-16,0,0,100,0,680,0,88,32,0,
0,8,-110,-73,0,1,40,0,544,624,96,96,0,-58,-43,0,1,40,0,336,680,112,48,0,-13,-43,0,0,100,0,144,152,16,16,0,-34,-51,0,0,100,0,144,496,72,56,0,-20,-57,0,0,100,0,192,72,32,32,0,-46,-68,0,0,100,0,432,144,72,72,0,-46,-68,0,1,100,0,504,144,72,72,0,-47,-16,0,0,100,0,680,0,88,32,0,
0,6,-13,-43,0,0,100,0,144,152,16,16,0,-34,-51,0,0,100,0,144,496,72,56,0,-20,-57,0,0,100,0,192,72,32,32,0,-46,-68,0,0,100,0,432,144,72,72,0,-46,-68,0,1,100,0,504,144,72,72,0,-47,-16,0,0,100,0,680,0,88,32,0,
0,11,-25,-45,0,0,100,0,0,216,32,32,0,-10,-37,1,0,100,0,96,136,16,16,0,-17,-37,1,0,100,0,96,152,16,16,0,-15,-54,0,0,100,0,64,104,32,32,0,-27,-51,0,0,100,0,216,368,72,56,0,-16,-28,0,0,100,0,32,216,16,16,0,-30,-72,1,0,100,90,288,0,72,72,0,-30,-72,1,1,100,90,360,0,72,72,0,-11,-45,0,0,100,0,0,248,48,48,0,-31,-26,0,0,100,0,144,216,32,32,0,-43,-16,0,0,100,0,680,0,88,32,0,
0,11,-14,-40,0,0,100,0,0,216,32,32,0,1,-32,1,0,100,0,96,136,16,16,0,-6,-32,1,0,100,0,96,152,16,16,0,-4,-49,0,0,100,0,0,104,32,32,0,-27,-51,0,0,100,0,288,368,72,56,0,-5,-23,0,0,100,0,32,216,16,16,0,-20,-65,1,0,100,90,288,0,72,72,0,-20,-65,1,1,100,90,360,0,72,72,0,-31,-40,1,0,100,0,0,248,48,48,0,-24,-22,0,0,100,0,48,216,32,32,0,-35,-16,0,0,100,0,680,0,88,32,0,
0,11,-11,-39,0,0,100,0,0,216,32,32,0,4,-31,1,0,100,0,96,136,16,16,0,-3,-31,1,0,100,0,96,152,16,16,0,-1,-48,0,0,100,0,32,104,32,32,0,-25,-51,0,0,100,0,360,368,72,56,0,-2,-22,0,0,100,0,32,216,16,16,0,-17,-64,1,0,100,90,288,0,72,72,0,-17,-64,1,1,100,90,360,0,72,72,0,-28,-39,1,0,100,0,48,248,48,48,0,-21,-23,0,0,100,0,80,216,32,32,0,-31,-16,0,0,100,0,680,0,88,32,0,
0,11,-28,-45,0,0,100,0,0,216,32,32,0,-13,-37,1,0,100,0,96,136,16,16,0,-20,-37,1,0,100,0,96,152,16,16,0,-18,-54,0,0,100,0,64,104,32,32,0,-30,-51,0,0,100,0,216,368,72,56,0,-19,-28,0,0,100,0,32,216,16,16,0,-33,-72,1,0,100,90,288,0,72,72,0,-33,-72,1,1,100,90,360,0,72,72,0,-14,-45,0,0,100,0,0,248,48,48,0,-34,-26,0,0,100,0,144,216,32,32,0,-46,-16,0,0,100,0,680,0,88,32,0,
0,19,-71,-21,0,0,100,0,288,552,72,32,0,-80,-50,0,0,100,0,288,552,72,32,0,-62,-37,0,0,100,0,288,552,72,32,0,-94,-58,2,1,40,0,144,584,144,40,0,-114,-82,2,1,100,0,144,584,144,40,0,-117,-31,0,1,100,0,0,552,144,32,0,-132,-4,0,1,100,0,0,584,144,40,0,-101,-18,0,1,100,0,144,584,144,40,0,-28,-28,0,0,100,0,240,168,32,16,0,-60,-56,1,0,100,0,432,144,72,72,0,-60,-56,1,1,100,0,504,144,72,72,0,-20,-34,0,0,100,0,144,152,16,16,0,-27,-48,0,0,100,0,320,72,32,32,0,-41,-51,0,0,100,0,216,496,72,56,0,-36,-40,0,0,100,0,208,216,32,32,0,-24,-25,0,0,100,0,32,216,16,16,0,-9,-33,0,0,100,0,272,216,32,32,0,-83,-41,1,0,100,0,432,144,72,72,0,-48,-16,0,0,100,0,680,0,88,32,0,
0,18,-134,-58,2,1,40,0,144,584,144,40,0,-116,-22,0,1,40,0,144,584,144,40,0,-154,-82,2,1,100,0,144,584,144,40,0,-90,-69,2,1,100,0,0,584,144,40,0,-139,-44,0,1,100,0,144,552,144,32,0,-157,-31,0,1,100,0,0,552,144,32,0,-156,-4,0,1,100,0,144,584,144,40,0,-141,-18,0,1,100,0,144,584,144,40,0,-36,-30,0,0,100,0,240,168,32,16,0,-73,-58,1,0,100,0,432,144,72,72,0,-73,-58,1,1,100,0,504,144,72,72,0,-23,-35,0,0,100,0,144,152,16,16,0,-30,-49,0,0,100,0,320,72,32,32,0,-47,-51,0,0,100,0,288,496,72,56,0,-39,-41,0,0,100,0,208,216,32,32,0,-27,-26,0,0,100,0,32,216,16,16,0,-13,-34,0,0,100,0,304,216,32,32,0,-50,-16,0,0,100,0,680,0,88,32,0,
0,20,-75,-69,0,0,100,0,288,552,72,32,0,-127,-51,0,0,100,0,288,552,72,32,0,-104,-28,0,0,100,0,288,552,72,32,0,-130,-69,2,1,100,0,0,584,144,40,0,-179,-44,0,1,100,0,144,552,144,32,0,-142,-58,2,1,40,0,144,584,144,40,0,-156,-22,0,1,40,0,144,584,144,40,0,-162,-82,2,1,100,0,144,584,144,40,0,-165,-31,0,1,100,0,0,552,144,32,0,-149,-18,0,1,100,0,144,584,144,40,0,-37,-30,0,0,100,0,240,168,32,16,0,-74,-58,1,0,100,0,432,144,72,72,0,-74,-58,1,1,100,0,504,144,72,72,0,-24,-35,0,0,100,0,144,152,16,16,0,-31,-49,0,0,100,0,288,72,32,32,0,-49,-51,0,0,100,0,360,496,72,56,0,-40,-41,0,0,100,0,208,216,32,32,0,-28,-26,0,0,100,0,32,216,16,16,0,-14,-34,0,0,100,0,336,216,32,32,0,-50,-16,0,0,100,0,680,0,88,32,0,
0,14,-164,-22,0,1,40,0,144,584,144,40,0,-138,-69,2,1,100,0,0,584,144,40,0,-187,-44,0,1,100,0,144,552,144,32,0,-92,-4,0,1,100,0,0,584,144,40,0,-18,-27,0,0,100,0,240,184,32,16,0,-22,-34,0,0,100,0,144,152,16,16,0,-29,-48,0,0,100,0,288,72,32,32,0,-48,-55,1,0,100,0,432,144,72,72,0,-48,-55,1,1,100,0,504,144,72,72,0,-45,-51,0,0,100,0,432,496,72,56,0,-12,-34,0,0,100,0,368,216,32,32,0,-35,-41,0,0,100,0,208,216,32,32,0,-23,-26,0,0,100,0,32,216,16,16,0,-48,-16,0,0,100,0,680,0,88,32,0,
0,15,-166,-22,0,1,20,0,144,584,144,40,0,-156,-69,2,1,40,0,144,584,144,40,0,-189,-44,0,1,40,0,144,552,144,32,0,-108,-4,0,1,100,0,0,584,144,40,0,-60,-67,0,0,100,0,680,568,88,88,0,-60,-67,0,1,100,0,504,312,88,88,0,0,-35,0,0,100,0,96,136,16,16,0,7,-35,0,0,100,0,96,152,16,16,0,-17,-43,0,0,100,0,240,216,32,32,0,-11,-52,0,0,100,0,96,72,32,32,0,-22,-67,0,0,100,0,360,424,72,72,0,-8,-26,0,0,100,0,32,216,16,16,0,-38,-41,1,0,100,0,48,248,48,48,0,-26,-25,0,0,100,0,80,216,32,32,0,-38,-16,0,0,100,0,680,0,88,32,0,
0,12,-126,-4,0,1,40,0,144,584,144,40,0,-52,-63,0,0,100,0,768,568,88,88,0,-52,-63,0,1,100,0,592,312,88,88,0,5,-35,0,0,100,0,96,136,16,16,0,12,-35,0,0,100,0,96,152,16,16,0,-12,-43,0,0,100,0,240,216,32,32,0,-6,-52,0,0,100,0,96,72,32,32,0,-17,-67,0,0,100,0,360,424,72,72,0,-3,-26,0,0,100,0,32,216,16,16,0,-33,-40,1,0,100,0,48,248,48,48,0,-21,-24,0,0,100,0,80,216,32,32,0,-32,-16,0,0,100,0,680,0,88,32,0,
0,11,-41,-63,0,0,100,90,680,568,88,88,0,-41,-63,0,1,100,90,504,312,88,88,0,15,-35,0,0,100,0,96,136,16,16,0,22,-35,0,0,100,0,96,152,16,16,0,-2,-43,0,0,100,0,240,216,32,32,0,4,-52,0,0,100,0,96,72,32,32,0,-7,-67,0,0,100,0,360,424,72,72,0,7,-26,0,0,100,0,32,216,16,16,0,-23,-40,1,0,100,0,48,248,48,48,0,-11,-24,0,0,100,0,80,216,32,32,0,-23,-16,0,0,100,0,680,0,88,32,0,
0,11,20,-35,0,0,100,0,96,136,16,16,0,27,-35,0,0,100,0,96,152,16,16,0,3,-43,0,0,100,0,240,216,32,32,0,9,-52,0,0,100,0,96,72,32,32,0,-4,-67,0,0,100,0,432,424,72,72,0,12,-26,0,0,100,0,32,216,16,16,0,-17,-41,1,0,100,0,48,248,48,48,0,-5,-25,0,0,100,0,80,216,32,32,0,-6,-76,0,0,100,0,944,440,88,88,0,-6,-76,0,1,100,0,944,656,88,88,0,-19,-16,0,0,100,0,680,0,88,32,0,
0,11,23,-36,0,0,100,0,96,136,16,16,0,30,-36,0,0,100,0,96,152,16,16,0,6,-44,0,0,100,0,240,216,32,32,0,12,-53,0,0,100,0,96,72,32,32,0,-2,-67,0,0,100,0,504,424,72,72,0,15,-27,0,0,100,0,32,216,16,16,0,-16,-44,1,0,100,0,48,248,48,48,0,-4,-28,0,0,100,0,80,216,32,32,0,-4,-80,0,0,100,0,680,440,88,88,0,-4,-80,0,1,100,0,680,656,88,88,0,-18,-16,0,0,100,0,680,0,88,32,0,
0,11,23,-36,0,0,100,0,96,136,16,16,0,30,-36,0,0,100,0,96,152,16,16,0,6,-44,0,0,100,0,240,216,32,32,0,12,-53,0,0,100,0,96,72,32,32,0,-2,-67,0,0,100,0,504,424,72,72,0,15,-27,0,0,100,0,32,216,16,16,0,-16,-44,1,0,100,0,48,248,48,48,0,-4,-28,0,0,100,0,80,216,32,32,0,-4,-80,0,0,100,0,768,440,88,88,0,-4,-80,0,1,100,0,768,656,88,88,0,-18,-16,0,0,100,0,680,0,88,32,0,
0,11,23,-36,0,0,100,0,96,136,16,16,0,30,-36,0,0,100,0,96,152,16,16,0,6,-44,0,0,100,0,240,216,32,32,0,12,-53,0,0,100,0,96,72,32,32,0,-2,-67,0,0,100,0,504,424,72,72,0,15,-27,0,0,100,0,32,216,16,16,0,-16,-44,1,0,100,0,48,248,48,48,0,-4,-28,0,0,100,0,80,216,32,32,0,-4,-80,0,0,100,0,856,440,88,88,0,-4,-80,0,1,100,0,856,656,88,88,0,-18,-16,0,0,100,0,680,0,88,32,0,
0,11,23,-36,0,0,100,0,96,136,16,16,0,30,-36,0,0,100,0,96,152,16,16,0,6,-44,0,0,100,0,240,216,32,32,0,12,-53,0,0,100,0,96,72,32,32,0,-2,-67,0,0,100,0,504,424,72,72,0,15,-27,0,0,100,0,32,216,16,16,0,-16,-44,1,0,100,0,48,248,48,48,0,-4,-28,0,0,100,0,80,216,32,32,0,-4,-80,0,0,100,0,944,440,88,88,0,-4,-80,0,1,100,0,944,656,88,88,0,-18,-16,0,0,100,0,680,0,88,32,0,
0,11,23,-36,0,0,100,0,96,136,16,16,0,30,-36,0,0,100,0,96,152,16,16,0,6,-44,0,0,100,0,240,216,32,32,0,12,-53,0,0,100,0,96,72,32,32,0,-2,-67,0,0,100,0,504,424,72,72,0,15,-27,0,0,100,0,32,216,16,16,0,-16,-44,1,0,100,0,48,248,48,48,0,-4,-28,0,0,100,0,80,216,32,32,0,-4,-80,0,0,100,0,680,440,88,88,0,-4,-80,0,1,100,0,680,656,88,88,0,-18,-16,0,0,100,0,680,0,88,32,0,
0,11,20,-35,0,0,100,0,96,136,16,16,0,27,-35,0,0,100,0,96,152,16,16,0,3,-43,0,0,100,0,240,216,32,32,0,9,-52,0,0,100,0,96,72,32,32,0,-4,-67,0,0,100,0,432,424,72,72,0,12,-26,0,0,100,0,32,216,16,16,0,3,-69,1,0,100,90,288,0,72,72,0,3,-69,1,1,100,90,360,0,72,72,0,-19,-43,1,0,100,0,48,248,48,48,0,-7,-27,0,0,100,0,80,216,32,32,0,-20,-16,0,0,100,0,680,0,88,32,0,
0,9,-4,-34,0,0,100,0,96,152,16,16,0,-16,-49,0,0,100,0,288,72,32,32,0,-28,-51,0,0,100,0,504,496,72,56,0,-22,-45,0,0,100,0,176,216,32,32,0,-19,-69,1,0,100,90,288,0,72,72,0,-19,-69,1,1,100,90,360,0,72,72,0,-5,-51,0,0,100,0,192,296,48,48,0,5,-38,0,0,100,0,272,216,32,32,0,-29,-16,0,0,100,0,680,0,88,32,0,
0,14,-164,-179,1,1,100,0,264,864,320,320,0,-128,-147,0,1,40,0,0,864,264,264,0,-136,-147,1,1,60,0,0,864,264,264,0,-83,-45,0,1,100,0,648,528,208,40,0,-147,-45,0,1,100,0,648,528,208,40,0,-118,-33,0,0,100,0,96,152,16,16,0,-119,-50,0,0,100,0,240,296,48,48,0,-137,-51,0,0,100,0,432,568,72,56,0,-130,-48,0,0,100,0,288,72,32,32,0,-155,-54,1,0,100,0,432,144,72,72,0,-155,-54,1,1,100,0,504,144,72,72,0,-103,-37,0,0,100,0,304,216,32,32,0,-125,-46,1,0,100,0,176,216,32,32,0,-139,-16,0,0,100,0,680,0,88,32,0,
0,12,-128,-147,0,1,40,0,0,864,264,264,0,-164,-179,1,1,100,0,584,864,320,320,0,-163,-45,0,1,100,0,648,528,208,40,0,-135,-33,0,0,100,0,96,152,16,16,0,-136,-50,0,0,100,0,288,296,48,48,0,-154,-51,0,0,100,0,432,568,72,56,0,-147,-48,0,0,100,0,288,72,32,32,0,-172,-54,1,0,100,0,432,144,72,72,0,-172,-54,1,1,100,0,504,144,72,72,0,-120,-37,0,0,100,0,336,216,32,32,0,-142,-46,1,0,100,0,176,216,32,32,0,-156,-16,0,0,100,0,680,0,88,32,0,
0,12,-164,-179,1,1,40,0,584,864,320,320,0,-152,-131,0,1,30,180,680,656,200,208,0,-171,-45,0,1,50,0,856,528,176,40,0,-147,-33,0,0,100,0,96,152,16,16,0,-148,-50,0,0,100,0,336,296,48,48,0,-166,-51,0,0,100,0,432,568,72,56,0,-159,-48,0,0,100,0,288,72,32,32,0,-184,-54,1,0,100,0,432,144,72,72,0,-184,-54,1,1,100,0,504,144,72,72,0,-132,-37,0,0,100,0,368,216,32,32,0,-154,-46,1,0,100,0,176,216,32,32,0,-168,-16,0,0,100,0,680,0,88,32,0,
0,11,-164,-179,1,1,20,0,584,864,320,320,0,-195,-45,0,1,20,0,856,528,176,40,0,-152,-33,0,0,100,0,96,152,16,16,0,-153,-50,0,0,100,0,192,296,48,48,0,-171,-51,0,0,100,0,432,568,72,56,0,-164,-48,0,0,100,0,288,72,32,32,0,-189,-54,1,0,100,0,432,144,72,72,0,-189,-54,1,1,100,0,504,144,72,72,0,-137,-37,0,0,100,0,272,216,32,32,0,-159,-46,1,0,100,0,176,216,32,32,0,-173,-16,0,0,100,0,680,0,88,32,0,
0,9,-155,-33,0,0,100,0,96,152,16,16,0,-156,-50,0,0,100,0,240,296,48,48,0,-174,-51,0,0,100,0,432,568,72,56,0,-167,-48,0,0,100,0,288,72,32,32,0,-192,-54,1,0,100,0,432,144,72,72,0,-192,-54,1,1,100,0,504,144,72,72,0,-140,-37,0,0,100,0,304,216,32,32,0,-162,-46,1,0,100,0,176,216,32,32,0,-176,-16,0,0,100,0,680,0,88,32,0,
0,13,-160,-29,0,0,100,0,96,136,16,16,0,-152,-33,0,0,100,0,96,136,16,16,0,-157,-21,2,0,100,0,304,168,16,16,0,-145,-34,0,0,100,0,352,168,16,16,0,-169,-47,0,0,100,0,96,104,32,32,0,-184,-50,1,0,100,0,432,72,72,72,0,-184,-50,1,1,100,0,504,72,72,72,0,-181,-51,0,0,100,0,72,368,72,56,0,-173,-38,0,0,100,0,176,216,32,32,0,-162,-22,0,0,100,0,32,216,16,16,0,-146,-37,0,0,100,0,336,216,32,32,0,-158,-49,0,0,100,0,48,296,48,48,0,-181,-16,0,0,100,0,680,0,88,32,0,
0,13,-166,-27,0,0,100,0,96,136,16,16,0,-158,-31,0,0,100,0,96,136,16,16,0,-164,-19,2,0,100,0,304,168,16,16,0,-152,-32,0,0,100,0,352,168,16,16,0,-175,-45,0,0,100,0,96,104,32,32,0,-190,-48,1,0,100,0,432,72,72,72,0,-190,-48,1,1,100,0,504,72,72,72,0,-188,-51,0,0,100,0,144,368,72,56,0,-180,-37,0,0,100,0,176,216,32,32,0,-169,-21,0,0,100,0,32,216,16,16,0,-154,-32,0,0,100,0,368,216,32,32,0,-164,-43,0,0,100,0,48,296,48,48,0,-188,-16,0,0,100,0,680,0,88,32,0,
0,13,-168,-27,0,0,100,0,96,136,16,16,0,-160,-31,0,0,100,0,96,136,16,16,0,-166,-19,2,0,100,0,304,168,16,16,0,-154,-32,0,0,100,0,352,168,16,16,0,-177,-45,0,0,100,0,96,104,32,32,0,-192,-48,1,0,100,0,432,72,72,72,0,-192,-48,1,1,100,0,504,72,72,72,0,-190,-51,0,0,100,0,144,368,72,56,0,-182,-37,0,0,100,0,176,216,32,32,0,-171,-21,0,0,100,0,32,216,16,16,0,-158,-31,0,0,100,0,368,216,32,32,0,-169,-43,0,0,100,0,0,296,48,48,0,-190,-16,0,0,100,0,680,0,88,32,0,
0,12,-116,-58,1,0,100,0,96,152,16,16,0,-132,-50,2,0,100,0,288,168,16,16,0,-102,-58,0,0,100,0,288,168,16,16,0,-154,-82,0,0,100,270,288,0,72,72,0,-154,-82,0,1,100,270,360,0,72,72,0,-121,-75,0,0,100,0,288,72,32,32,0,-122,-60,1,0,100,0,96,152,16,16,0,-131,-71,0,0,100,0,0,216,32,32,0,-150,-69,0,0,100,0,576,496,72,56,0,-147,-72,1,0,100,0,0,296,48,48,0,-144,-48,0,0,100,0,48,216,32,32,0,-158,-16,0,0,100,0,680,0,88,32,0,
0,12,-65,-64,1,0,100,0,96,152,16,16,0,-81,-56,2,0,100,0,288,168,16,16,0,-51,-64,0,0,100,0,288,168,16,16,0,-103,-88,0,0,100,270,288,0,72,72,0,-103,-88,0,1,100,270,360,0,72,72,0,-70,-81,0,0,100,0,288,72,32,32,0,-71,-66,1,0,100,0,96,152,16,16,0,-80,-77,0,0,100,0,0,216,32,32,0,-99,-75,0,0,100,0,576,496,72,56,0,-96,-78,1,0,100,0,0,296,48,48,0,-93,-54,0,0,100,0,48,216,32,32,0,-107,-16,0,0,100,0,680,0,88,32,0,
0,12,-47,-57,1,0,100,0,96,152,16,16,0,-63,-49,2,0,100,0,288,168,16,16,0,-33,-57,0,0,100,0,288,168,16,16,0,-85,-81,0,0,100,270,288,0,72,72,0,-85,-81,0,1,100,270,360,0,72,72,0,-52,-74,0,0,100,0,288,72,32,32,0,-53,-59,1,0,100,0,96,152,16,16,0,-62,-70,0,0,100,0,0,216,32,32,0,-81,-68,0,0,100,0,576,496,72,56,0,-78,-71,1,0,100,0,0,296,48,48,0,-75,-47,0,0,100,0,48,216,32,32,0,-89,-16,0,0,100,0,680,0,88,32,0,
0,15,-40,-81,0,1,40,0,856,256,88,96,0,-14,-37,0,0,100,0,168,136,8,16,0,-11,-36,0,0,100,0,144,152,16,16,0,-2,-36,0,0,100,0,320,168,16,16,0,-15,-24,2,0,100,0,304,168,16,16,0,-28,-43,0,0,100,0,0,216,32,32,0,-19,-53,0,0,100,0,0,104,32,32,0,-43,-51,1,0,100,0,432,72,72,72,0,-43,-51,1,1,100,0,504,72,72,72,0,-24,-43,0,0,100,0,0,168,48,48,0,-19,-26,0,0,100,0,32,216,16,16,0,-7,-45,0,0,100,0,96,248,48,48,0,-2,-27,1,0,100,0,112,216,32,32,0,-43,-77,0,1,40,0,856,352,88,88,0,-44,-16,0,0,100,0,680,0,88,32,0,
0,15,-40,-81,0,1,60,0,944,256,88,96,0,-14,-38,0,0,100,0,160,136,8,16,0,-11,-37,0,0,100,0,176,152,16,16,0,-3,-37,0,0,100,0,320,168,16,16,0,-16,-25,2,0,100,0,304,168,16,16,0,-28,-44,0,0,100,0,0,216,32,32,0,-19,-54,0,0,100,0,64,104,32,32,0,-44,-52,1,0,100,0,432,72,72,72,0,-44,-52,1,1,100,0,504,72,72,72,0,-24,-43,0,0,100,0,96,168,48,48,0,-19,-27,0,0,100,0,32,216,16,16,0,-7,-46,0,0,100,0,144,248,48,48,0,-2,-28,1,0,100,0,144,216,32,32,0,-43,-77,0,1,60,0,944,352,88,88,0,-44,-16,0,0,100,0,680,0,88,32,0,
