182,0,0,4,
183,0,0,4,
184,0,0,4,
185,0,0,4,
186,0,0,4,
187,0,0,4,
188,0,0,4,
189,0,0,5,
190,0,0,5,
191,0,0,5,
192,0,0,3,
193,0,0,6,
194,0,0,16,
195,0,0,6,
196,0,0,6,
197,0,0,6,
198,0,0,6,
199,0,0,7,
200,0,0,8,
201,0,0,8,
202,0,0,6,
203,0,0,6,
204,0,0,6,
205,0,0,8,
206,0,0,8,
207,0,0,8,
208,0,0,8,
209,0,0,6,
210,0,0,6,
211,0,0,6,
212,0,0,6,
213,0,0,8,
214,0,0,8,
215,0,0,7,
216,0,0,16,
217,0,0,12,
218,0,0,6,
219,0,0,6,
220,0,0,6,
221,0,0,6,
222,0,0,4,
223,0,0,4,
224,0,0,6,
225,0,0,3,
226,0,0,3,
227,0,0,3,
228,0,0,4,
229,0,0,4,
230,0,0,4,
231,0,0,5,
232,0,0,5,
233,0,0,5,
234,0,0,6,
235,0,0,6,
236,0,0,10,
237,0,0,6,
238,0,0,12,
239,0,0,4,
240,0,0,3,
241,0,0,3,
242,0,0,3,
243,0,0,4,
244,0,0,25,
245,0,0,4,
246,0,0,4,
247,0,0,4,
248,0,0,4,
249,0,0,4,
250,0,0,4,
251,0,0,4,
252,0,0,15,
253,0,0,5,
254,0,0,6,
255,0,0,7,
256,0,0,7,
