0,0,
0,2,-46,-90,0,0,100,0,808,0,96,176,0,-46,-90,0,0,100,0,712,0,96,176,0,
0,0,
0,7,-46,-90,0,0,100,0,808,0,96,176,0,-35,-40,0,0,100,0,0,0,64,64,0,-1,-40,0,0,100,0,0,64,64,64,0,-24,-65,0,0,100,0,0,128,72,72,0,6,-74,0,0,100,0,0,200,80,80,0,-51,-73,0,0,100,0,0,280,80,80,0,-46,-90,0,0,100,0,712,0,96,176,0,
0,7,-46,-90,0,0,100,0,808,0,96,176,0,-36,-40,0,0,100,0,64,0,64,64,0,-2,-40,0,0,100,0,64,64,64,64,0,-25,-65,0,0,100,0,72,128,72,72,0,5,-74,0,0,100,0,80,200,80,80,0,-52,-73,0,0,100,0,80,280,80,80,0,-46,-90,0,0,100,0,712,0,96,176,0,
0,7,-46,-90,0,0,100,0,808,0,96,176,0,-37,-40,0,0,100,0,0,0,64,64,0,-3,-40,0,0,100,0,0,64,64,64,0,-26,-65,0,0,100,0,0,128,72,72,0,4,-74,0,0,100,0,0,200,80,80,0,-53,-73,0,0,100,0,0,280,80,80,0,-46,-90,0,0,100,0,712,0,96,176,0,
0,7,-46,-90,0,0,100,0,808,0,96,176,0,-38,-40,0,0,100,0,64,0,64,64,0,-4,-40,0,0,100,0,64,64,64,64,0,-27,-65,0,0,100,0,72,128,72,72,0,3,-74,0,0,100,0,80,200,80,80,0,-54,-73,0,0,100,0,80,280,80,80,0,-46,-90,0,0,100,0,712,0,96,176,0,
0,7,-46,-90,0,0,100,0,808,0,96,176,0,-43,-40,0,0,100,0,128,0,64,64,0,-9,-40,0,0,100,0,128,64,64,64,0,-32,-65,0,0,100,0,144,128,72,72,0,6,-74,0,0,100,0,160,200,80,80,0,-59,-73,0,0,100,0,160,280,80,80,0,-46,-90,0,0,100,0,712,0,96,176,0,
0,7,-46,-90,0,0,100,0,808,0,96,176,0,-44,-40,0,0,100,0,192,0,64,64,0,-10,-40,0,0,100,0,192,64,64,64,0,-33,-65,0,0,100,0,216,128,72,72,0,5,-74,0,0,100,0,240,200,80,80,0,-60,-73,0,0,100,0,240,280,80,80,0,-46,-90,0,0,100,0,712,0,96,176,0,
0,7,-46,-90,0,0,100,0,808,0,96,176,0,-45,-40,0,0,100,0,128,0,64,64,0,-11,-40,0,0,100,0,128,64,64,64,0,-34,-65,0,0,100,0,144,128,72,72,0,4,-74,0,0,100,0,160,200,80,80,0,-61,-73,0,0,100,0,160,280,80,80,0,-46,-90,0,0,100,0,712,0,96,176,0,
0,7,-46,-90,0,0,100,0,808,0,96,176,0,-46,-40,0,0,100,0,192,0,64,64,0,-12,-40,0,0,100,0,192,64,64,64,0,-35,-65,0,0,100,0,216,128,72,72,0,3,-74,0,0,100,0,240,200,80,80,0,-62,-73,0,0,100,0,240,280,80,80,0,-46,-90,0,0,100,0,712,0,96,176,0,
0,7,-46,-90,0,0,100,0,808,0,96,176,0,-52,-41,0,0,100,0,256,0,64,64,0,-15,-41,0,0,100,0,256,64,64,64,0,-34,-65,0,0,100,0,288,128,72,72,0,0,-73,0,0,100,0,320,200,80,80,0,-69,-69,0,0,100,0,320,280,80,80,0,-46,-90,0,0,100,0,712,0,96,176,0,
0,7,-46,-90,0,0,100,0,808,0,96,176,0,-52,-41,0,0,100,0,320,0,64,64,0,-15,-41,0,0,100,0,320,64,64,64,0,-34,-65,0,0,100,0,360,128,72,72,0,0,-73,0,0,100,0,400,200,80,80,0,-69,-69,0,0,100,0,400,280,80,80,0,-46,-90,0,0,100,0,712,0,96,176,0,
0,0,
0,0,
0,3,-46,-90,0,0,100,0,808,0,96,176,0,-57,-91,0,0,100,0,512,0,120,120,0,-46,-90,0,0,100,0,712,0,96,176,0,
0,0,
0,0,
0,0,
0,6,-46,-90,0,0,100,0,808,0,96,176,0,-58,-19,0,0,100,0,504,176,128,48,0,7,-75,0,0,100,0,576,120,56,56,0,-57,-75,0,0,100,0,512,120,56,48,0,-57,-91,0,0,100,0,384,0,120,120,0,-46,-90,0,0,100,0,712,0,96,176,0,
0,6,-46,-90,0,0,100,0,808,0,96,176,0,-58,-19,0,0,100,0,504,176,128,48,0,8,-75,0,0,100,0,576,120,56,56,0,-58,-75,0,0,100,0,512,120,56,48,0,-57,-91,0,0,100,0,384,0,120,120,0,-46,-90,0,0,100,0,712,0,96,176,0,
0,6,-46,-90,0,0,100,0,808,0,96,176,0,-57,-19,0,0,60,0,504,176,128,48,0,9,-75,0,0,60,0,576,120,56,56,0,-59,-75,0,0,60,0,512,120,56,48,0,-57,-91,0,0,60,0,384,0,120,120,0,-46,-90,0,0,100,0,712,0,96,176,0,
0,6,-46,-90,0,0,100,0,808,0,96,176,0,-57,-19,0,0,40,0,504,176,128,48,0,10,-75,0,0,40,0,576,120,56,56,0,-60,-75,0,0,40,0,512,120,56,48,0,-57,-91,0,0,40,0,384,0,120,120,0,-46,-90,0,0,100,0,712,0,96,176,0,
