123,0,0,5,
124,0,0,8,
125,0,0,5,
126,0,0,8,
127,0,0,5,
128,0,0,8,
129,0,0,5,
130,0,0,5,
131,0,0,5,
132,0,0,4,
133,0,0,3,
134,0,0,3,
135,0,0,3,
136,0,0,4,
137,0,0,3,
138,0,0,3,
139,0,0,3,
140,0,0,3,
141,0,0,3,
142,0,0,3,
143,0,0,3,
144,0,0,3,
145,0,0,3,
146,0,0,3,
147,0,0,3,
148,0,0,3,
149,0,0,3,
150,0,0,3,
151,0,0,3,
152,0,0,3,
153,0,0,3,
154,0,0,3,
155,0,0,3,
156,0,0,3,
157,0,0,3,
158,0,0,3,
159,0,0,3,
160,0,0,3,
161,0,0,3,
162,0,0,4,
163,0,0,4,
164,0,0,3,
165,0,0,3,
166,0,0,3,
167,0,0,3,
168,0,0,3,
169,0,0,3,
170,0,0,3,
171,0,0,3,
172,0,0,3,
173,0,0,3,
174,0,0,4,
175,0,0,4,
176,0,0,4,
177,0,0,4,
178,0,0,5,
179,0,0,5,
180,0,0,6,
181,0,0,6,
182,0,0,6,
183,0,0,6,
184,0,0,6,
185,0,0,8,
186,0,0,10,
