0,0,0,3,
1,0,0,3,
2,0,0,3,
3,0,0,3,
4,0,0,3,
5,0,0,3,
6,0,0,3,
7,0,0,3,
8,0,0,3,
9,0,0,3,
10,0,0,3,
11,0,0,3,
12,0,0,3,
13,0,0,3,
14,0,0,3,
15,0,0,3,
16,0,0,12,
17,0,0,12,
18,0,0,12,
19,0,0,12,
16,0,0,12,
17,0,0,12,
18,0,0,12,
19,0,0,12,
20,0,0,7,
21,0,0,8,
22,0,0,9,
23,0,0,10,
24,0,0,12,
25,0,0,12,
26,0,0,12,
27,0,0,12,
28,0,0,3,
29,0,0,3,
30,0,0,3,
31,0,0,3,
32,0,0,3,
33,0,0,3,
34,0,0,3,
35,0,0,3,
36,0,0,3,
37,0,0,3,
38,0,0,3,
39,0,0,3,
40,0,0,3,
41,0,0,3,
42,0,0,3,
43,0,0,3,
44,0,0,6,
45,0,0,6,
46,0,0,6,
47,0,0,6,
48,0,0,6,
49,0,0,6,
50,0,0,6,
51,0,0,6,
52,0,0,7,
53,0,0,8,
54,0,0,9,
55,0,0,10,
16,0,0,12,
17,0,0,12,
18,0,0,12,
19,0,0,12,
0,0,0,3,
1,0,0,3,
2,0,0,3,
3,0,0,3,
4,0,0,3,
5,0,0,3,
6,0,0,3,
7,0,0,3,
8,0,0,3,
9,0,0,3,
10,0,0,3,
11,0,0,3,
12,0,0,3,
13,0,0,3,
14,0,0,3,
15,0,0,3,
