0,6,-52,-40,0,0,100,0,168,16,56,32,0,-3,-40,0,0,100,0,80,8,64,32,0,-54,-81,0,0,100,0,640,160,48,48,0,1,-74,0,0,100,0,736,160,48,48,0,-9,-44,0,0,100,0,56,128,64,40,0,-53,-44,0,0,100,0,0,128,56,40,0,
0,6,-45,-98,0,0,100,0,640,64,48,48,0,-9,-86,0,0,100,0,688,64,48,48,0,-51,-40,0,0,100,0,168,16,56,32,0,-4,-40,0,0,100,0,80,8,64,32,0,-10,-44,0,0,100,0,56,168,64,40,0,-52,-44,0,0,100,0,0,168,56,40,0,
0,5,-9,-85,0,0,100,0,688,160,48,48,0,-29,-91,0,0,100,0,640,112,48,48,0,-50,-40,0,0,100,0,168,16,56,32,0,-5,-40,0,0,100,0,80,8,64,32,0,-51,-44,0,0,100,0,0,88,104,40,0,
0,8,-32,-87,1,0,100,0,688,112,48,48,0,-24,-91,1,0,100,0,640,112,48,48,0,-50,-59,0,0,100,0,168,16,56,32,0,-5,-59,0,0,100,0,80,8,64,32,0,-51,-63,0,0,100,0,104,88,104,40,0,-29,-68,0,0,40,0,0,256,64,80,0,-17,-40,0,0,40,0,128,208,64,48,0,-25,-3,0,0,40,0,640,32,48,16,0,
0,9,-24,-92,0,1,100,0,736,208,48,48,0,-24,-92,0,0,100,0,736,64,48,48,0,-32,-100,0,1,100,0,784,168,64,64,0,-29,-68,0,0,100,0,0,256,64,80,0,-17,-40,0,0,100,0,0,208,64,48,0,-50,-82,0,0,40,0,168,16,56,32,0,-5,-82,0,0,40,0,80,8,64,32,0,-51,-86,0,0,20,0,0,88,104,40,0,-25,-3,0,0,40,0,640,32,48,16,0,
0,5,-24,-92,0,0,100,0,736,64,48,48,0,-32,-100,0,1,100,90,784,168,64,64,0,-29,-68,0,0,100,0,0,256,64,80,0,-17,-40,0,0,100,0,64,208,64,48,0,-25,-3,0,0,40,0,640,32,48,16,0,
0,5,-24,-92,0,0,100,0,736,64,48,48,0,-32,-100,0,1,100,180,784,168,64,64,0,-29,-68,0,0,100,0,0,256,64,80,0,-17,-40,0,0,100,0,128,208,64,48,0,-25,-3,0,0,40,0,640,32,48,16,0,
0,5,-24,-92,0,0,100,0,736,64,48,48,0,-32,-100,0,1,100,270,784,168,64,64,0,-29,-68,0,0,100,0,0,256,64,80,0,-17,-40,0,0,100,0,192,208,64,48,0,-25,-3,0,0,40,0,640,32,48,16,0,
0,5,-24,-92,0,0,100,0,736,64,48,48,0,-32,-100,0,1,100,0,784,168,64,64,0,-29,-68,0,0,100,0,0,256,64,80,0,-17,-40,0,0,100,0,0,208,64,48,0,-25,-3,0,0,40,0,640,32,48,16,0,
0,0,
0,1,-24,-92,0,0,100,0,736,112,48,48,0,
0,6,-55,-40,0,0,100,0,168,16,56,32,0,0,-40,0,0,100,0,80,8,64,32,0,-6,-44,0,0,100,0,56,128,64,40,0,-56,-44,0,0,100,0,0,128,56,40,0,8,-59,0,0,100,0,736,160,48,48,0,-50,-64,0,0,100,0,640,160,48,48,0,
0,6,-53,-40,0,0,100,0,168,16,56,32,0,-2,-40,0,0,100,0,80,8,64,32,0,-8,-44,0,0,100,0,56,168,64,40,0,-54,-44,0,0,100,0,0,168,56,40,0,-52,-66,0,0,100,0,640,160,48,48,0,4,-62,0,0,100,0,736,160,48,48,0,
0,0,
0,4,-24,-92,0,0,100,0,736,64,48,48,0,-49,-121,0,1,100,90,784,64,104,104,0,-29,-68,0,0,100,0,0,256,64,80,0,-25,-3,0,0,40,0,640,32,48,16,0,
0,0,
0,9,-24,-91,0,1,100,0,640,208,48,48,0,-24,-91,0,0,100,0,736,64,48,48,0,-32,-99,0,1,100,180,784,168,64,64,0,-50,-79,0,0,100,0,168,16,56,32,0,-5,-79,0,0,100,0,80,8,64,32,0,-51,-82,0,0,80,0,0,88,104,40,0,-29,-68,0,0,100,0,0,256,64,80,0,-17,-40,0,0,100,0,192,208,64,48,0,-25,-3,0,0,40,0,640,32,48,16,0,
0,10,-24,-91,0,1,100,0,688,208,48,48,0,-24,-91,0,0,100,0,736,64,48,48,0,-32,-100,0,1,100,0,784,168,64,64,0,-46,-112,0,1,100,180,792,72,88,88,0,-50,-80,0,0,80,0,168,16,56,32,0,-5,-80,0,0,80,0,80,8,64,32,0,-51,-83,0,0,40,0,104,88,104,40,0,-29,-68,0,0,100,0,0,256,64,80,0,-17,-40,0,0,100,0,192,208,64,48,0,-25,-3,0,0,40,0,640,32,48,16,0,
0,0,
0,0,
0,5,-24,-84,0,0,100,0,736,64,48,48,0,-32,-91,0,1,100,0,784,168,64,64,0,-29,-68,0,0,100,0,0,256,64,80,0,-17,-40,0,0,100,0,0,208,64,48,0,-25,-3,0,0,40,0,640,32,48,16,0,
0,7,-20,-125,0,1,100,0,600,0,40,88,0,-24,-62,0,0,100,0,736,64,48,48,0,-32,-71,0,1,100,90,784,168,64,64,0,-46,-144,0,1,25,0,792,240,96,168,0,-29,-68,0,0,100,0,0,256,64,80,0,-17,-40,0,0,100,0,64,208,64,48,0,-25,-3,0,0,40,0,640,32,48,16,0,
0,8,-20,-121,0,1,100,0,600,0,40,88,0,-21,-121,0,1,100,0,600,0,40,88,0,-24,-58,0,0,100,0,736,64,48,48,0,-32,-66,0,1,100,180,784,168,64,64,0,-46,-144,0,1,70,0,792,240,96,168,0,-29,-68,0,0,100,0,0,256,64,80,0,-17,-40,0,0,100,0,128,208,64,48,0,-25,-3,0,0,40,0,640,32,48,16,0,
0,8,-46,-144,0,1,100,0,792,240,96,168,0,-19,-121,0,1,100,0,600,0,40,88,0,-21,-121,0,1,100,0,600,0,40,88,0,-24,-56,0,0,100,0,736,64,48,48,0,-32,-62,0,1,100,90,784,168,64,64,0,-29,-68,0,0,100,0,0,256,64,80,0,-17,-40,0,0,100,0,0,208,64,48,0,-25,-3,0,0,40,0,640,32,48,16,0,
0,8,-46,-144,0,1,100,0,792,240,96,168,0,-19,-119,0,1,100,0,600,0,40,88,0,-21,-119,0,1,100,0,600,0,40,88,0,-24,-54,0,0,100,0,736,64,48,48,0,-32,-61,0,1,100,180,784,168,64,64,0,-29,-68,0,0,50,0,0,256,64,80,0,-17,-40,0,0,50,0,64,208,64,48,0,-25,-3,0,0,50,0,640,32,48,16,0,
0,8,-46,-144,0,1,50,0,792,240,96,168,0,-19,-119,0,1,50,0,600,0,40,88,0,-21,-119,0,1,50,0,600,0,40,88,0,-24,-54,0,0,50,0,736,64,48,48,0,-32,-61,0,1,50,270,784,168,64,64,0,-29,-68,0,0,25,0,0,256,64,80,0,-17,-40,0,0,25,0,64,208,64,48,0,-25,-3,0,0,52,0,640,32,48,16,0,
0,5,-46,-144,0,1,25,0,792,240,96,168,0,-19,-119,0,1,52,0,600,0,40,88,0,-21,-119,0,1,52,0,600,0,40,88,0,-24,-54,0,0,52,0,736,64,48,48,0,-32,-61,0,1,25,270,784,168,64,64,0,
0,0,
0,6,-56,-40,0,0,40,0,168,16,56,32,0,1,-40,0,0,40,0,80,8,64,32,0,-5,-44,0,0,40,0,56,128,64,40,0,-57,-44,0,0,40,0,0,128,56,40,0,8,-58,0,0,40,0,736,160,48,48,0,-51,-63,0,0,40,0,640,160,48,48,0,
