106,0,0,4,
107,0,0,4,
108,0,0,5,
109,0,0,5,
110,0,0,5,
111,0,0,5,
112,0,0,4,
113,0,0,3,
114,0,0,3,
115,0,0,3,
168,0,0,6,
116,0,0,3,
117,0,0,3,
118,0,0,3,
119,0,0,3,
120,0,0,3,
121,0,0,3,
122,0,0,3,
123,0,0,3,
124,0,0,3,
125,0,0,3,
126,0,0,3,
127,0,0,3,
128,0,0,3,
129,0,0,3,
130,0,0,3,
131,0,0,3,
132,0,0,3,
133,0,0,3,
134,0,0,3,
135,0,0,3,
136,0,0,3,
137,0,0,3,
138,0,0,3,
139,0,0,3,
140,0,0,3,
141,0,0,3,
142,0,0,3,
143,0,0,3,
144,0,0,3,
145,0,0,3,
146,0,0,3,
147,0,0,5,
148,0,0,5,
149,0,0,5,
150,0,0,5,
151,0,0,5,
152,0,0,5,
153,0,0,5,
154,0,0,5,
155,0,0,5,
156,0,0,5,
157,0,0,5,
158,0,0,5,
159,0,0,5,
160,0,0,5,
161,0,0,4,
162,0,0,4,
163,0,0,4,
164,0,0,6,
165,0,0,6,
166,0,0,5,
167,0,0,5,
