0,14,-49,-83,0,1,25,0,0,928,96,96,0,-49,-83,0,1,75,0,0,928,96,96,0,-34,-39,0,1,100,0,0,432,48,32,0,-32,-57,0,0,100,0,0,272,64,64,0,-39,-45,0,0,100,0,0,224,48,48,0,-19,-63,0,0,100,0,0,0,48,48,0,-21,-37,0,0,100,0,0,48,48,48,0,-14,-43,0,0,100,0,0,96,32,32,0,-7,-45,0,0,100,0,0,192,32,32,0,-22,-46,0,0,100,0,0,128,32,32,0,-7,-45,0,0,100,0,0,160,32,32,0,-28,-43,0,0,100,0,0,336,80,48,0,-48,-83,0,1,100,0,0,560,96,96,0,-32,-16,0,0,100,0,304,0,64,32,0,
0,14,-49,-83,0,1,50,0,96,928,96,96,0,-49,-83,0,1,75,0,96,928,96,96,0,-33,-39,0,1,100,0,48,432,48,32,0,-31,-57,0,0,100,0,0,272,64,64,0,-39,-45,0,0,100,0,0,224,48,48,0,-19,-62,0,0,100,0,48,0,48,48,0,-21,-37,0,0,100,0,48,48,48,48,0,-14,-42,0,0,100,0,0,96,32,32,0,-6,-45,0,0,100,0,0,192,32,32,0,-22,-46,0,0,100,0,0,128,32,32,0,-7,-45,0,0,100,0,0,160,32,32,0,-28,-43,0,0,100,0,80,336,80,48,0,-48,-83,0,1,100,0,96,560,96,96,0,-32,-16,0,0,100,0,304,0,64,32,0,
0,14,-49,-83,0,1,25,0,192,928,96,96,0,-49,-83,0,1,75,0,192,928,96,96,0,-32,-40,0,1,100,0,96,432,48,32,0,-30,-58,0,0,100,0,0,272,64,64,0,-39,-46,0,0,100,0,0,224,48,48,0,-19,-61,0,0,100,0,96,0,48,48,0,-21,-37,0,0,100,0,96,48,48,48,0,-14,-41,0,0,100,0,0,96,32,32,0,-5,-46,0,0,100,0,0,192,32,32,0,-22,-45,0,0,100,0,0,128,32,32,0,-7,-44,0,0,100,0,0,160,32,32,0,-28,-43,0,0,100,0,160,336,80,48,0,-48,-83,0,1,100,0,192,560,96,96,0,-32,-16,0,0,100,0,304,0,64,32,0,
0,14,-49,-83,0,1,10,0,288,928,96,96,0,-49,-83,0,1,75,0,288,928,96,96,0,-33,-39,0,1,100,0,144,432,48,32,0,-31,-57,0,0,100,0,0,272,64,64,0,-39,-45,0,0,100,0,0,224,48,48,0,-19,-62,0,0,100,0,144,0,48,48,0,-21,-37,0,0,100,0,144,48,48,48,0,-14,-42,0,0,100,0,0,96,32,32,0,-6,-45,0,0,100,0,0,192,32,32,0,-22,-45,0,0,100,0,0,128,32,32,0,-7,-44,0,0,100,0,0,160,32,32,0,-28,-43,0,0,100,0,240,336,80,48,0,-48,-83,0,1,100,0,288,560,96,96,0,-32,-16,0,0,100,0,304,0,64,32,0,
0,14,-49,-83,0,1,25,0,0,928,96,96,0,-49,-83,0,1,75,0,0,928,96,96,0,3,-66,2,1,100,-90,0,432,48,32,0,-34,-44,0,0,100,0,0,224,48,48,0,-19,-59,0,0,100,0,0,0,48,48,0,-24,-35,0,0,100,0,192,48,48,48,0,-15,-40,0,0,100,0,0,96,32,32,0,-4,-39,0,0,100,0,32,192,32,32,0,-15,-64,0,0,100,0,64,272,64,64,0,-23,-43,0,0,100,0,0,128,32,32,0,-9,-40,0,0,100,0,0,160,32,32,0,-31,-43,0,0,100,0,0,336,80,48,0,-48,-83,0,1,100,0,0,560,96,96,0,-32,-16,0,0,100,0,304,0,64,32,0,
0,14,-49,-83,0,1,50,0,96,928,96,96,0,-49,-83,0,1,75,0,96,928,96,96,0,2,-65,2,1,100,-90,48,432,48,32,0,-34,-43,0,0,100,0,0,224,48,48,0,-19,-58,0,0,100,0,48,0,48,48,0,-24,-35,0,0,100,0,240,48,48,48,0,-15,-39,0,0,100,0,0,96,32,32,0,-5,-38,0,0,100,0,32,192,32,32,0,-16,-63,0,0,100,0,64,272,64,64,0,-23,-43,0,0,100,0,0,128,32,32,0,-7,-41,0,0,100,0,32,160,32,32,0,-31,-43,0,0,100,0,80,336,80,48,0,-48,-83,0,1,100,0,96,560,96,96,0,-32,-16,0,0,100,0,304,0,64,32,0,
0,14,-49,-83,0,1,25,0,192,928,96,96,0,-49,-83,0,1,75,0,192,928,96,96,0,1,-64,2,1,100,-90,96,432,48,32,0,-33,-42,0,0,100,0,0,224,48,48,0,-19,-57,0,0,100,0,96,0,48,48,0,-24,-35,0,0,100,0,288,48,48,48,0,-15,-38,0,0,100,0,0,96,32,32,0,-6,-37,0,0,100,0,32,192,32,32,0,-17,-62,0,0,100,0,64,272,64,64,0,-23,-42,0,0,100,0,0,128,32,32,0,-8,-40,0,0,100,0,32,160,32,32,0,-31,-43,0,0,100,0,160,336,80,48,0,-48,-83,0,1,100,0,192,560,96,96,0,-32,-16,0,0,100,0,304,0,64,32,0,
0,14,-49,-83,0,1,10,0,288,928,96,96,0,-49,-83,0,1,75,0,288,928,96,96,0,2,-65,2,1,100,-90,144,432,48,32,0,-34,-43,0,0,100,0,0,224,48,48,0,-19,-58,0,0,100,0,144,0,48,48,0,-24,-35,0,0,100,0,240,48,48,48,0,-15,-39,0,0,100,0,0,96,32,32,0,-5,-38,0,0,100,0,32,192,32,32,0,-16,-63,0,0,100,0,64,272,64,64,0,-23,-43,0,0,100,0,0,128,32,32,0,-7,-41,0,0,100,0,32,160,32,32,0,-31,-43,0,0,100,0,240,336,80,48,0,-48,-83,0,1,100,0,288,560,96,96,0,-32,-16,0,0,100,0,304,0,64,32,0,
0,14,-49,-83,0,1,25,0,0,928,96,96,0,-49,-83,0,1,75,0,0,928,96,96,0,-1,-65,2,1,100,-90,0,432,48,32,0,-43,-43,0,0,100,0,0,224,48,48,0,-25,-57,0,0,100,0,0,0,48,48,0,-26,-36,0,0,100,0,496,0,48,48,0,-21,-39,1,0,100,0,0,96,32,32,0,-8,-38,0,0,100,0,32,192,32,32,0,-19,-63,0,0,100,0,64,272,64,64,0,-27,-42,0,0,100,0,0,128,32,32,0,-12,-39,0,0,100,0,0,160,32,32,0,-30,-43,0,0,100,0,0,336,80,48,0,-48,-83,0,1,100,0,0,560,96,96,0,-32,-16,0,0,100,0,304,0,64,32,0,
0,11,-1,-65,2,1,100,-90,0,432,48,32,0,-43,-43,0,0,100,0,0,224,48,48,0,-25,-57,0,0,100,0,0,0,48,48,0,-26,-36,0,0,100,0,496,0,48,48,0,-21,-39,1,0,100,0,0,96,32,32,0,-8,-38,0,0,100,0,32,192,32,32,0,-19,-63,0,0,100,0,64,272,64,64,0,-27,-42,0,0,100,0,0,128,32,32,0,-12,-39,0,0,100,0,0,160,32,32,0,-30,-43,0,0,100,0,0,336,80,48,0,-48,-83,0,1,100,0,0,560,96,96,0,
0,16,-49,-83,0,1,25,0,0,928,96,96,0,-49,-83,0,1,75,0,0,928,96,96,0,-25,-45,0,1,100,0,368,0,32,32,0,-1,-67,2,1,100,-90,0,432,48,32,0,-32,-46,0,0,100,0,0,224,48,48,0,-19,-65,0,0,100,0,64,272,64,64,0,-8,-44,0,0,100,0,288,0,16,16,0,-20,-63,0,0,100,0,0,0,48,48,0,-22,-37,0,0,100,0,544,0,48,48,0,-15,-44,0,0,100,0,0,96,32,32,0,-8,-40,0,0,100,0,32,192,32,32,0,-23,-47,0,0,100,0,0,128,32,32,0,-9,-44,0,0,100,0,32,160,32,32,0,-52,-45,1,0,100,0,0,336,80,48,0,-48,-83,0,1,100,0,0,560,96,96,0,-32,-16,0,0,100,0,304,0,64,32,0,
0,16,-49,-83,0,1,50,0,96,928,96,96,0,-49,-83,0,1,75,0,96,928,96,96,0,-25,-45,0,1,100,0,400,0,32,32,0,-32,-46,0,0,100,0,0,224,48,48,0,-1,-67,2,1,100,-90,48,432,48,32,0,-19,-65,0,0,100,0,64,272,64,64,0,-8,-44,0,0,100,0,288,0,16,16,0,-20,-63,0,0,100,0,48,0,48,48,0,-22,-37,0,0,100,0,592,0,48,48,0,-15,-44,0,0,100,0,0,96,32,32,0,-8,-40,0,0,100,0,32,192,32,32,0,-23,-47,0,0,100,0,0,128,32,32,0,-9,-44,0,0,100,0,32,160,32,32,0,-52,-45,1,0,100,0,80,336,80,48,0,-48,-83,0,1,100,0,96,560,96,96,0,-32,-16,0,0,100,0,304,0,64,32,0,
0,16,-49,-83,0,1,25,0,192,928,96,96,0,-49,-83,0,1,75,0,192,928,96,96,0,-25,-45,0,1,100,0,432,0,32,32,0,-32,-46,0,0,100,0,0,224,48,48,0,-1,-67,2,1,100,-90,96,432,48,32,0,-19,-65,0,0,100,0,64,272,64,64,0,-8,-44,0,0,100,0,288,0,16,16,0,-20,-63,0,0,100,0,96,0,48,48,0,-22,-37,0,0,100,0,640,0,48,48,0,-15,-44,0,0,100,0,0,96,32,32,0,-8,-40,0,0,100,0,32,192,32,32,0,-23,-47,0,0,100,0,0,128,32,32,0,-9,-44,0,0,100,0,32,160,32,32,0,-52,-45,1,0,100,0,160,336,80,48,0,-48,-83,0,1,100,0,192,560,96,96,0,-32,-16,0,0,100,0,304,0,64,32,0,
0,16,-49,-83,0,1,10,0,288,928,96,96,0,-49,-83,0,1,75,0,288,928,96,96,0,-25,-45,0,1,100,0,464,0,32,32,0,-32,-46,0,0,100,0,0,224,48,48,0,-1,-67,2,1,100,-90,144,432,48,32,0,-19,-65,0,0,100,0,64,272,64,64,0,-8,-44,0,0,100,0,288,0,16,16,0,-20,-63,0,0,100,0,144,0,48,48,0,-22,-37,0,0,100,0,592,0,48,48,0,-15,-44,0,0,100,0,0,96,32,32,0,-8,-40,0,0,100,0,32,192,32,32,0,-23,-47,0,0,100,0,0,128,32,32,0,-9,-44,0,0,100,0,32,160,32,32,0,-52,-45,1,0,100,0,240,336,80,48,0,-48,-83,0,1,100,0,288,560,96,96,0,-32,-16,0,0,100,0,304,0,64,32,0,
0,14,-51,-83,0,1,25,0,0,928,96,96,0,-51,-83,0,1,75,0,0,928,96,96,0,-41,-48,0,1,100,0,464,0,32,32,0,3,-55,0,1,100,0,0,464,48,48,0,-44,-49,0,0,100,0,48,224,48,48,0,-23,-59,0,0,100,0,0,0,48,48,0,-9,-37,0,0,100,0,64,160,32,32,0,-24,-35,0,0,100,0,688,0,48,48,0,-18,-40,0,0,100,0,32,96,32,32,0,-29,-43,0,0,100,0,32,128,32,32,0,-15,-54,0,0,100,0,128,272,64,64,0,-28,-42,0,0,100,0,0,336,80,48,0,-48,-83,0,1,100,0,0,560,96,96,0,-34,-16,0,0,100,0,304,0,64,32,0,
0,14,-51,-83,0,1,50,0,96,928,96,96,0,-51,-83,0,1,75,0,96,928,96,96,0,-41,-48,0,1,100,0,432,0,32,32,0,3,-55,0,1,100,0,144,464,48,48,0,-44,-49,0,0,100,0,48,224,48,48,0,-23,-59,0,0,100,0,48,0,48,48,0,-9,-37,0,0,100,0,64,160,32,32,0,-24,-35,0,0,100,0,688,0,48,48,0,-18,-40,0,0,100,0,32,96,32,32,0,-29,-43,0,0,100,0,32,128,32,32,0,-15,-54,0,0,100,0,128,272,64,64,0,-28,-42,0,0,100,0,80,336,80,48,0,-48,-83,0,1,100,0,96,560,96,96,0,-34,-16,0,0,100,0,304,0,64,32,0,
0,14,-51,-83,0,1,25,0,192,928,96,96,0,-51,-83,0,1,75,0,192,928,96,96,0,-41,-48,0,1,100,0,400,0,32,32,0,3,-55,0,1,100,0,96,464,48,48,0,-44,-49,0,0,100,0,48,224,48,48,0,-23,-59,0,0,100,0,96,0,48,48,0,-9,-37,0,0,100,0,64,160,32,32,0,-24,-35,0,0,100,0,688,0,48,48,0,-18,-40,0,0,100,0,32,96,32,32,0,-29,-43,0,0,100,0,32,128,32,32,0,-15,-54,0,0,100,0,128,272,64,64,0,-28,-42,0,0,100,0,160,336,80,48,0,-48,-83,0,1,100,0,192,560,96,96,0,-34,-16,0,0,100,0,304,0,64,32,0,
0,14,-51,-83,0,1,10,0,288,928,96,96,0,-51,-83,0,1,75,0,288,928,96,96,0,-41,-48,0,1,100,0,368,0,32,32,0,3,-55,0,1,100,0,48,464,48,48,0,-44,-49,0,0,100,0,48,224,48,48,0,-23,-59,0,0,100,0,144,0,48,48,0,-9,-37,0,0,100,0,64,160,32,32,0,-24,-35,0,0,100,0,688,0,48,48,0,-18,-40,0,0,100,0,32,96,32,32,0,-29,-43,0,0,100,0,32,128,32,32,0,-15,-54,0,0,100,0,128,272,64,64,0,-28,-42,0,0,100,0,240,336,80,48,0,-48,-83,0,1,100,0,288,560,96,96,0,-34,-16,0,0,100,0,304,0,64,32,0,
0,9,-19,-44,0,0,100,0,192,272,64,64,0,-8,-32,0,0,100,0,64,192,32,32,0,3,-31,0,0,100,0,352,176,16,16,0,-36,-33,0,0,100,0,0,224,48,48,0,-8,-31,0,0,100,0,288,16,16,16,0,-20,-50,0,0,100,0,0,0,48,48,0,-10,-35,0,0,100,0,96,160,32,32,0,-50,-56,0,0,100,0,400,288,96,80,0,-32,-16,0,0,100,0,304,0,64,32,0,
0,6,3,-31,0,0,100,0,352,176,16,16,0,-19,-44,0,0,100,0,192,272,64,64,0,-42,-22,0,0,100,0,96,224,48,48,0,-14,-31,1,0,100,0,192,0,48,48,0,-47,-56,0,0,100,0,400,368,96,80,0,-32,-16,0,0,100,0,304,0,64,32,0,
0,0,
0,14,-49,-83,0,1,25,0,0,928,96,96,0,-49,-83,0,1,75,0,0,928,96,96,0,2,-65,2,1,100,-90,0,432,48,32,0,-36,-43,0,0,100,0,0,224,48,48,0,-20,-58,0,0,100,0,0,0,48,48,0,-24,-35,0,0,100,0,288,48,48,48,0,-16,-40,0,0,100,0,32,96,32,32,0,-5,-38,0,0,100,0,32,192,32,32,0,-16,-63,0,0,100,0,64,272,64,64,0,-23,-43,0,0,100,0,0,128,32,32,0,-11,-40,0,0,100,0,0,160,32,32,0,-30,-41,0,0,100,0,0,336,80,48,0,-48,-83,0,1,100,0,0,560,96,96,0,-32,-16,0,0,100,0,304,0,64,32,0,
0,14,-49,-83,0,1,50,0,96,928,96,96,0,-49,-83,0,1,50,0,96,928,96,96,0,4,-54,0,1,100,0,0,464,48,48,0,-45,-42,0,0,100,0,0,224,48,48,0,-25,-56,0,0,100,0,0,0,48,48,0,-25,-36,0,0,100,0,496,48,48,48,0,-20,-38,0,0,100,0,32,96,32,32,0,-14,-53,0,0,100,0,128,272,64,64,0,-7,-33,0,0,100,0,96,192,32,32,0,-27,-41,0,0,100,0,0,128,32,32,0,-13,-38,0,0,100,0,0,160,32,32,0,-33,-41,0,0,100,0,80,336,80,48,0,-48,-83,0,1,100,0,96,560,96,96,0,-32,-16,0,0,100,0,304,0,64,32,0,
0,13,-88,-84,0,1,100,0,0,752,128,112,0,-56,-83,0,1,25,0,192,928,96,96,0,-56,-83,0,1,50,0,192,928,96,96,0,-67,-81,0,0,100,0,288,656,80,96,0,-59,-57,0,0,100,0,496,240,96,80,0,-48,-40,0,0,100,0,48,224,48,48,0,-32,-52,0,0,100,0,496,192,48,48,0,-25,-36,0,0,100,0,544,48,48,48,0,-22,-38,0,0,100,0,32,96,32,32,0,-27,-41,0,0,100,0,0,128,32,32,0,-38,-38,0,0,100,0,160,336,80,48,0,-54,-83,0,1,100,0,192,560,96,96,0,-38,-16,0,0,100,0,304,0,64,32,0,
0,15,-88,-84,0,1,100,0,128,752,128,112,0,-59,-83,0,1,10,0,288,928,96,96,0,-59,-83,0,1,25,0,288,928,96,96,0,-67,-81,0,0,100,0,368,656,80,96,0,-25,-77,2,1,100,-90,0,432,48,32,0,-32,-47,0,0,100,0,128,160,32,32,0,-43,-50,0,0,100,0,0,384,80,48,0,-27,-44,0,0,100,0,64,96,32,32,0,-37,-38,0,0,100,0,592,48,48,48,0,-29,-61,0,0,100,0,544,192,48,48,0,-43,-75,0,0,100,0,64,272,64,64,0,-22,-40,0,0,100,0,64,128,32,32,0,-26,-44,0,0,100,0,144,224,48,48,0,-59,-83,0,1,100,0,288,560,96,96,0,-43,-16,0,0,100,0,304,0,64,32,0,
0,13,-88,-84,0,1,100,0,256,752,128,112,0,-67,-81,0,0,100,0,448,656,80,96,0,-24,-76,2,1,100,-90,144,432,48,32,0,-31,-46,0,0,100,0,128,160,32,32,0,-42,-49,0,0,100,0,80,384,80,48,0,-27,-43,0,0,100,0,64,96,32,32,0,-37,-38,0,0,100,0,592,48,48,48,0,-29,-60,0,0,100,0,592,192,48,48,0,-42,-74,0,0,100,0,64,272,64,64,0,-22,-39,0,0,100,0,64,128,32,32,0,-25,-43,0,0,100,0,144,224,48,48,0,-59,-83,0,1,100,0,384,560,96,96,0,-43,-16,0,0,100,0,304,0,64,32,0,
0,13,-88,-84,0,1,100,0,384,752,128,112,0,-67,-81,0,0,100,0,528,656,80,96,0,-32,-45,0,0,100,0,160,160,32,32,0,-43,-48,0,0,100,0,160,384,80,48,0,-37,-38,0,0,100,0,640,48,48,48,0,-28,-42,0,0,100,0,64,96,32,32,0,-31,-59,0,0,100,0,640,192,48,48,0,-40,-65,0,0,100,0,128,272,64,64,0,-22,-66,0,1,100,0,0,464,48,48,0,-23,-38,0,0,100,0,64,128,32,32,0,-26,-42,0,0,100,0,144,224,48,48,0,-59,-83,0,1,100,0,480,560,96,96,0,-43,-16,0,0,100,0,304,0,64,32,0,
0,12,-96,-60,0,1,100,0,608,656,144,80,0,-83,-65,0,0,100,0,320,480,128,80,0,-88,-84,0,1,25,0,384,752,128,112,0,-67,-81,0,0,25,0,528,656,80,96,0,-65,-59,0,0,100,0,592,240,96,80,0,-49,-42,0,0,100,0,48,224,48,48,0,-35,-37,0,0,100,0,736,48,48,48,0,-27,-41,0,0,100,0,32,96,32,32,0,-33,-60,0,0,100,0,0,0,48,48,0,-37,-45,0,0,100,0,0,336,80,48,0,-59,-83,0,1,100,0,576,560,96,96,0,-43,-16,0,0,100,0,304,0,64,32,0,
0,14,-96,-60,0,1,100,0,752,656,144,80,0,-83,-65,0,0,100,0,448,480,128,80,0,-88,-84,0,1,15,0,384,752,128,112,0,-67,-81,0,0,15,0,528,656,80,96,0,-39,-42,0,0,100,0,0,224,48,48,0,-35,-37,0,0,100,0,688,48,48,48,0,-26,-43,0,0,100,0,96,96,32,32,0,-30,-62,0,0,100,0,48,0,48,48,0,-20,-42,0,0,100,0,192,160,32,32,0,-23,-52,0,0,100,-90,64,272,64,64,0,-5,-34,2,1,100,-180,144,432,48,32,0,-39,-46,0,0,100,0,80,336,80,48,0,-59,-83,0,1,100,0,576,464,96,96,0,-43,-16,0,0,100,0,304,0,64,32,0,
0,13,-96,-60,0,1,100,0,608,736,144,80,0,-83,-65,0,0,100,0,672,576,128,80,0,-36,-42,0,0,100,0,0,224,48,48,0,-35,-37,0,0,100,0,688,48,48,48,0,-26,-44,0,0,100,0,96,96,32,32,0,-29,-63,0,0,100,0,96,0,48,48,0,-11,-37,0,0,100,0,96,192,32,32,0,-19,-44,0,0,100,0,0,160,32,32,0,-18,-56,0,0,100,0,128,272,64,64,0,0,-57,0,1,100,0,0,464,48,48,0,-37,-46,0,0,100,0,160,336,80,48,0,-59,-83,0,1,100,0,0,560,96,96,0,-43,-16,0,0,100,0,304,0,64,32,0,
0,15,-96,-60,0,1,100,0,752,736,144,80,0,-83,-65,0,0,100,0,800,576,128,80,0,-32,-47,0,1,50,0,0,224,48,48,0,-32,-47,0,0,100,0,0,224,48,48,0,-35,-37,0,0,100,0,736,48,48,48,0,-26,-44,0,0,100,0,96,96,32,32,0,-31,-40,0,0,100,0,96,128,32,32,0,-32,-62,0,0,100,0,144,0,48,48,0,-13,-40,0,0,100,0,96,192,32,32,0,-19,-45,0,0,100,0,0,160,32,32,0,-20,-59,0,0,100,0,128,272,64,64,0,-2,-60,0,1,100,0,48,464,48,48,0,-38,-47,0,0,100,0,240,336,80,48,0,-59,-83,0,1,100,0,96,560,96,96,0,-43,-16,0,0,100,0,304,0,64,32,0,
0,15,-96,-60,0,1,25,0,752,736,144,80,0,-83,-65,0,0,25,0,800,576,128,80,0,-34,-45,0,1,100,0,0,224,48,48,0,-34,-45,0,0,100,0,0,224,48,48,0,-35,-37,0,0,100,0,736,48,48,48,0,-26,-44,0,0,100,0,96,96,32,32,0,-33,-38,0,0,100,0,96,128,32,32,0,-32,-61,0,0,100,0,0,0,48,48,0,-15,-42,0,0,100,0,96,192,32,32,0,-19,-45,0,0,100,0,0,160,32,32,0,-22,-61,0,0,100,0,128,272,64,64,0,-4,-62,0,1,100,0,96,464,48,48,0,-38,-47,0,0,100,0,0,336,80,48,0,-59,-83,0,1,100,0,192,560,96,96,0,-43,-16,0,0,100,0,304,0,64,32,0,
0,18,-172,-122,0,1,100,0,976,0,208,208,0,-67,-19,3,1,100,0,96,688,64,64,0,-130,-82,0,1,100,0,96,688,64,64,0,-107,-66,0,1,100,0,384,928,80,96,0,-131,-82,0,1,75,0,192,432,128,128,0,-109,-67,0,1,75,0,0,656,96,96,0,-67,-61,0,1,100,0,688,240,96,80,0,-67,-61,0,0,100,0,688,240,96,80,0,-49,-54,0,0,100,0,496,192,48,48,0,-46,-36,0,0,100,0,544,48,48,48,0,-28,-31,0,0,100,0,96,192,32,32,0,-34,-36,0,0,100,0,0,160,32,32,0,-35,-52,0,0,100,0,128,272,64,64,0,-17,-53,0,1,100,0,144,464,48,48,0,-44,-34,0,0,100,0,128,96,32,32,0,-55,-41,0,0,100,0,80,336,80,48,0,-69,-83,0,1,100,0,288,560,96,96,0,-53,-16,0,0,100,0,304,0,64,32,0,
0,29,-172,-122,0,1,100,0,976,208,208,208,0,-61,-13,3,1,25,0,96,688,64,64,0,-136,-88,0,1,25,0,96,688,64,64,0,-79,-23,1,1,100,0,384,336,16,16,0,-71,-25,0,1,100,0,384,304,16,16,0,-72,-30,0,1,100,90,384,320,16,16,0,-75,-24,0,1,100,0,384,288,16,16,0,-78,-31,0,1,100,0,384,288,16,16,0,-109,-67,0,1,25,0,0,656,96,96,0,-131,-82,0,1,25,0,192,432,128,128,0,-100,-51,0,1,100,0,224,688,64,64,0,-100,-51,0,1,100,0,160,688,64,64,0,-107,-66,0,1,100,0,464,928,80,96,0,-107,-66,0,1,50,0,384,928,80,96,0,-67,-61,0,0,100,0,688,240,96,80,0,-42,-56,0,0,100,0,496,192,48,48,0,-31,-27,0,0,100,0,128,192,32,32,0,-37,-36,0,0,100,0,224,160,32,32,0,-37,-38,1,0,100,0,0,272,64,64,0,-19,-20,1,1,100,0,0,432,48,32,0,-46,-36,0,0,100,0,496,48,48,48,0,-22,-41,0,0,100,0,192,336,48,48,0,-38,-38,0,0,100,0,160,96,32,32,0,-36,-43,0,0,100,0,128,128,32,32,0,-42,-55,0,1,100,0,192,224,48,48,0,-42,-55,0,0,100,0,192,224,48,48,0,-67,-61,0,0,100,0,784,240,96,80,0,-69,-83,0,1,100,0,384,560,96,96,0,-53,-16,0,0,100,0,304,0,64,32,0,
0,33,-172,-122,0,1,100,0,976,416,208,208,0,-57,-9,3,1,10,0,96,688,64,64,0,-140,-92,0,1,10,0,96,688,64,64,0,-51,-41,0,1,100,90,368,288,16,16,0,-89,-6,0,1,100,0,384,336,16,16,0,-64,-6,0,1,100,0,368,304,16,16,0,-95,-35,0,1,100,0,368,304,16,16,0,-70,-49,0,1,100,0,368,288,16,16,0,-93,-17,1,1,100,0,384,320,16,16,0,-61,-22,0,1,100,0,384,288,16,16,0,-64,-37,0,1,100,90,384,336,16,16,0,-75,-9,0,1,100,0,384,304,16,16,0,-82,-35,0,1,100,0,384,304,16,16,0,-100,-51,0,1,50,0,224,688,64,64,0,-100,-51,0,1,50,0,160,688,64,64,0,-109,-67,0,1,10,0,0,656,96,96,0,-107,-66,0,1,100,0,544,928,80,96,0,-107,-66,0,1,25,0,464,928,80,96,0,-67,-61,0,0,60,0,688,240,96,80,0,-41,-56,0,0,100,0,496,192,48,48,0,-30,-28,0,0,100,0,128,192,32,32,0,-35,-37,0,0,100,0,224,160,32,32,0,-36,-39,1,0,100,0,0,272,64,64,0,-18,-21,1,1,100,0,48,432,48,32,0,-46,-36,0,0,100,0,496,48,48,48,0,-22,-41,0,0,100,0,32,336,48,48,0,-38,-38,0,0,100,0,160,96,32,32,0,-34,-43,0,0,100,0,128,128,32,32,0,-40,-55,0,1,75,0,192,224,48,48,0,-40,-55,0,0,100,0,192,224,48,48,0,-67,-61,0,0,75,0,784,240,96,80,0,-69,-83,0,1,100,0,480,560,96,96,0,-53,-16,0,0,100,0,304,0,64,32,0,
0,39,-172,-122,0,1,100,0,976,624,208,208,0,-45,-28,0,1,100,0,432,464,16,16,0,-49,-6,0,1,100,0,416,464,16,16,0,-62,14,0,1,100,0,400,464,16,16,0,-82,0,0,1,100,0,432,448,16,16,0,-105,-6,0,1,100,0,416,448,16,16,0,-102,-22,0,1,100,0,400,448,16,16,0,-116,-38,0,1,100,0,432,464,16,16,0,-45,-68,0,1,100,0,416,464,16,16,0,-49,-43,0,1,100,90,368,288,16,16,0,-91,-4,1,1,100,0,384,336,16,16,0,-39,-56,0,1,100,0,400,464,16,16,0,-58,-66,0,1,100,0,432,448,16,16,0,-85,-76,0,1,100,0,416,448,16,16,0,-103,-66,0,1,100,0,400,448,16,16,0,-63,-4,0,1,100,0,368,304,16,16,0,-98,-37,0,1,100,0,368,304,16,16,0,-69,-53,0,1,100,90,368,288,16,16,0,-96,-16,0,1,100,0,384,336,16,16,0,-58,-22,1,1,100,0,384,304,16,16,0,-62,-39,0,1,100,0,384,320,16,16,0,-75,-6,0,1,100,90,384,288,16,16,0,-84,-37,0,1,100,90,384,288,16,16,0,-107,-66,0,1,100,0,624,928,80,96,0,-107,-66,0,1,25,0,544,928,80,96,0,-42,-56,0,0,100,0,544,192,48,48,0,-29,-28,0,0,100,0,128,192,32,32,0,-35,-37,0,0,100,0,224,160,32,32,0,-35,-39,1,0,100,0,0,272,64,64,0,-18,-21,1,1,100,0,96,432,48,32,0,-46,-36,0,0,100,0,496,48,48,48,0,-22,-41,0,0,100,0,112,336,48,48,0,-37,-38,0,0,100,0,160,96,32,32,0,-34,-43,0,0,100,0,128,128,32,32,0,-39,-55,0,1,75,0,192,224,48,48,0,-39,-55,0,0,100,0,192,224,48,48,0,-67,-61,0,0,40,0,784,240,96,80,0,-69,-83,0,1,100,0,576,560,96,96,0,-53,-16,0,0,100,0,304,0,64,32,0,
0,38,-172,-122,0,1,100,0,976,832,208,208,0,-40,-28,0,1,80,90,432,464,16,16,0,-45,-3,0,1,50,0,416,464,16,16,0,-60,17,0,1,75,0,400,464,16,16,0,-83,3,0,1,75,0,432,448,16,16,0,-108,-3,0,1,50,0,416,448,16,16,0,-107,-21,0,1,75,-90,400,448,16,16,0,-120,-40,0,1,80,90,432,464,16,16,0,-43,-70,0,1,50,0,416,464,16,16,0,-47,-45,0,1,100,90,368,288,16,16,0,-93,-2,0,1,100,0,384,336,16,16,0,-36,-59,0,1,75,0,400,464,16,16,0,-57,-68,0,1,50,90,432,448,16,16,0,-86,-78,0,1,75,0,416,448,16,16,0,-105,-68,0,1,50,0,400,448,16,16,0,-62,-2,0,1,100,0,368,304,16,16,0,-100,-38,0,1,50,0,368,304,16,16,0,-69,-56,0,1,50,180,368,288,16,16,0,-97,-15,0,1,25,90,384,320,16,16,0,-57,-20,0,1,25,90,384,288,16,16,0,-62,-41,0,1,25,0,384,336,16,16,0,-75,-5,0,1,25,90,384,304,16,16,0,-86,-40,0,1,25,0,384,304,16,16,0,-107,-66,0,1,25,0,624,928,80,96,0,-107,-66,0,1,15,0,544,928,80,96,0,-42,-56,0,0,100,0,592,192,48,48,0,-30,-28,0,0,100,0,128,192,32,32,0,-35,-37,0,0,100,0,224,160,32,32,0,-36,-39,1,0,100,0,0,272,64,64,0,-18,-21,1,1,100,0,144,432,48,32,0,-46,-36,0,0,100,0,496,48,48,48,0,-22,-41,0,0,100,0,192,336,48,48,0,-38,-38,0,0,100,0,160,96,32,32,0,-34,-43,0,0,100,0,128,128,32,32,0,-40,-55,0,1,25,0,192,224,48,48,0,-40,-55,0,0,100,0,192,224,48,48,0,-69,-83,0,1,100,0,576,464,96,96,0,-53,-16,0,0,100,0,304,0,64,32,0,
0,38,-172,-122,0,1,100,0,768,832,208,208,0,-36,-28,0,1,30,180,432,464,16,16,0,-43,-1,0,1,25,-90,416,448,16,16,0,-58,19,0,1,25,90,400,464,16,16,0,-83,6,0,1,25,0,432,448,16,16,0,-110,-1,0,1,25,0,416,448,16,16,0,-112,-21,0,1,30,-180,400,448,16,16,0,-122,-40,0,1,40,180,432,464,16,16,0,-42,-74,0,1,25,-90,416,464,16,16,0,-45,-47,0,1,50,90,368,288,16,16,0,-95,0,1,1,50,0,384,336,16,16,0,-33,-62,0,1,25,0,400,464,16,16,0,-56,-70,0,1,25,180,432,448,16,16,0,-87,-80,0,1,25,0,416,448,16,16,0,-107,-70,0,1,25,0,400,448,16,16,0,-61,-1,0,1,50,0,368,304,16,16,0,-102,-39,0,1,25,0,368,304,16,16,0,-67,-59,0,1,25,270,368,288,16,16,0,-54,-22,0,1,25,0,384,304,16,16,0,-75,-4,0,1,15,0,384,288,16,16,0,-61,-42,0,1,15,90,384,320,16,16,0,-99,-13,0,1,15,90,384,336,16,16,0,-88,-41,0,1,15,0,384,288,16,16,0,-107,-66,0,1,15,0,624,928,80,96,0,-69,-83,0,1,10,0,0,928,96,96,0,-69,-83,0,1,20,0,0,928,96,96,0,-42,-56,0,0,100,0,640,192,48,48,0,-30,-28,0,0,100,0,128,192,32,32,0,-35,-37,0,0,100,0,224,160,32,32,0,-36,-39,1,0,100,0,0,272,64,64,0,-18,-21,1,1,100,0,0,432,48,32,0,-46,-36,0,0,100,0,496,48,48,48,0,-22,-41,0,0,100,0,272,336,48,48,0,-38,-38,0,0,100,0,160,96,32,32,0,-34,-43,0,0,100,0,128,128,32,32,0,-40,-55,0,0,100,0,192,224,48,48,0,-69,-83,0,1,100,0,0,560,96,96,0,-53,-16,0,0,100,0,304,0,64,32,0,
0,31,-32,-28,0,1,15,180,432,464,16,16,0,-41,1,0,1,15,-180,416,464,16,16,0,-56,21,0,1,10,180,400,464,16,16,0,-84,8,0,1,15,90,432,448,16,16,0,-112,1,0,1,10,90,432,448,16,16,0,-114,-22,0,1,15,-270,400,448,16,16,0,-125,-42,0,1,20,270,432,464,16,16,0,-41,-76,0,1,10,-90,416,464,16,16,0,-43,-49,0,1,25,0,368,288,16,16,0,-97,2,0,1,25,0,384,336,16,16,0,-31,-64,0,1,15,0,400,464,16,16,0,-56,-72,0,1,10,270,432,448,16,16,0,-87,-81,0,1,10,0,416,448,16,16,0,-108,-71,0,1,10,0,400,448,16,16,0,-60,0,0,1,25,0,368,304,16,16,0,-104,-40,0,1,15,0,368,304,16,16,0,-66,-61,0,1,15,0,368,288,16,16,0,-69,-83,0,1,10,0,96,928,96,96,0,-69,-83,0,1,25,0,96,928,96,96,0,-42,-56,0,0,100,0,496,192,48,48,0,-30,-28,0,0,100,0,128,192,32,32,0,-35,-37,0,0,100,0,224,160,32,32,0,-36,-39,1,0,100,0,0,272,64,64,0,-18,-21,1,1,100,0,48,432,48,32,0,-46,-36,0,0,100,0,496,48,48,48,0,-22,-41,0,0,100,0,32,336,48,48,0,-38,-38,0,0,100,0,160,96,32,32,0,-34,-43,0,0,100,0,128,128,32,32,0,-40,-55,0,0,100,0,192,224,48,48,0,-69,-83,0,1,100,0,96,560,96,96,0,-53,-16,0,0,100,0,304,0,64,32,0,
0,14,-69,-83,0,1,40,0,192,928,96,96,0,-69,-83,0,1,50,0,192,928,96,96,0,-42,-56,0,0,100,0,544,192,48,48,0,-30,-28,0,0,100,0,128,192,32,32,0,-35,-37,0,0,100,0,224,160,32,32,0,-36,-39,1,0,100,0,0,272,64,64,0,-18,-21,1,1,100,0,96,432,48,32,0,-46,-36,0,0,100,0,496,48,48,48,0,-22,-41,0,0,100,0,112,336,48,48,0,-38,-38,0,0,100,0,160,96,32,32,0,-34,-43,0,0,100,0,128,128,32,32,0,-40,-55,0,0,100,0,192,224,48,48,0,-69,-83,0,1,100,0,192,560,96,96,0,-53,-16,0,0,100,0,304,0,64,32,0,
0,14,-69,-83,0,1,25,0,288,928,96,96,0,-69,-83,0,1,75,0,288,928,96,96,0,-42,-56,0,0,100,0,592,192,48,48,0,-30,-28,0,0,100,0,128,192,32,32,0,-35,-37,0,0,100,0,224,160,32,32,0,-36,-39,1,0,100,0,0,272,64,64,0,-18,-21,1,1,100,0,144,432,48,32,0,-46,-36,0,0,100,0,496,48,48,48,0,-22,-41,0,0,100,0,192,336,48,48,0,-38,-38,0,0,100,0,160,96,32,32,0,-34,-43,0,0,100,0,128,128,32,32,0,-40,-55,0,0,100,0,192,224,48,48,0,-69,-83,0,1,100,0,288,560,96,96,0,-53,-16,0,0,100,0,304,0,64,32,0,
0,0,
0,0,
0,14,-49,-83,0,1,25,0,0,928,96,96,0,-49,-83,0,1,75,0,0,928,96,96,0,-36,-48,0,0,100,0,0,224,48,48,0,1,-72,2,1,100,-90,0,432,48,32,0,-17,-70,0,0,100,0,64,272,64,64,0,-18,-63,0,0,100,0,0,0,48,48,0,-25,-37,1,0,100,0,544,0,48,48,0,-16,-44,1,0,100,0,0,96,32,32,0,-6,-38,0,0,100,0,64,192,32,32,0,-22,-48,0,0,100,0,0,128,32,32,0,-8,-44,0,0,100,0,0,160,32,32,0,-30,-48,0,0,100,0,80,336,80,48,0,-48,-83,0,1,100,0,0,560,96,96,0,-32,-16,0,0,100,0,304,0,64,32,0,
0,14,-49,-83,0,1,50,0,96,928,96,96,0,-49,-83,0,1,75,0,96,928,96,96,0,-35,-51,0,0,100,0,0,224,48,48,0,-11,-79,0,1,100,0,0,512,32,48,0,-24,-73,0,0,100,0,256,272,64,64,0,-10,-43,0,0,100,0,160,192,32,32,0,-18,-63,0,0,100,0,0,0,48,48,0,-25,-37,1,0,100,0,544,0,48,48,0,-16,-44,1,0,100,0,0,96,32,32,0,-22,-48,0,0,100,0,0,128,32,32,0,-9,-44,0,0,100,0,32,160,32,32,0,-30,-48,0,0,100,0,160,336,80,48,0,-48,-83,0,1,100,0,96,560,96,96,0,-32,-16,0,0,100,0,304,0,64,32,0,
0,13,-49,-83,0,1,25,0,192,928,96,96,0,-49,-83,0,1,75,0,192,928,96,96,0,-31,-54,0,0,100,0,0,224,48,48,0,-17,-84,0,1,100,0,32,512,32,48,0,-30,-78,0,0,100,0,256,272,64,64,0,-13,-47,0,0,100,0,256,160,32,32,0,-18,-64,0,0,100,0,0,0,48,48,0,-25,-37,1,0,100,0,544,0,48,48,0,-16,-45,1,0,100,0,0,96,32,32,0,-22,-48,0,0,100,0,0,128,32,32,0,-30,-48,0,0,100,0,240,336,80,48,0,-48,-83,0,1,100,0,192,560,96,96,0,-32,-16,0,0,100,0,304,0,64,32,0,
0,13,-49,-83,0,1,10,0,288,928,96,96,0,-49,-83,0,1,75,0,288,928,96,96,0,-29,-47,0,0,100,0,0,224,48,48,0,-20,-72,0,1,100,0,64,512,32,48,0,-33,-66,0,0,100,0,256,272,64,64,0,-14,-43,0,0,100,0,288,160,32,32,0,-18,-62,0,0,100,0,48,0,48,48,0,-25,-37,1,0,100,0,544,0,48,48,0,-16,-43,1,0,100,0,0,96,32,32,0,-22,-48,0,0,100,0,0,128,32,32,0,-30,-48,0,0,100,0,0,336,80,48,0,-48,-83,0,1,100,0,288,560,96,96,0,-32,-16,0,0,100,0,304,0,64,32,0,
0,14,-49,-83,0,1,25,0,0,928,96,96,0,-49,-83,0,1,75,0,0,928,96,96,0,-29,-50,0,0,25,0,0,224,48,48,0,-29,-49,0,0,100,0,0,224,48,48,0,-20,-72,0,1,100,0,96,512,32,48,0,-33,-69,0,0,100,0,256,272,64,64,0,-14,-45,0,0,100,0,288,160,32,32,0,-18,-63,0,0,100,0,96,0,48,48,0,-25,-37,1,0,100,0,544,0,48,48,0,-16,-44,1,0,100,0,0,96,32,32,0,-22,-48,0,0,100,0,0,128,32,32,0,-30,-48,0,0,100,0,80,336,80,48,0,-48,-83,0,1,100,0,384,560,96,96,0,-32,-16,0,0,100,0,304,0,64,32,0,
0,16,-69,-95,0,1,100,0,368,32,128,64,0,-69,-31,3,1,100,0,368,32,128,64,0,-49,-83,0,1,50,0,96,928,96,96,0,-49,-83,0,1,75,0,96,928,96,96,0,-21,-48,0,1,50,0,368,352,32,32,0,-29,-49,0,0,100,0,0,224,48,48,0,-20,-72,0,1,100,0,0,512,32,48,0,-33,-68,0,0,100,0,256,272,64,64,0,-14,-45,0,0,100,0,288,160,32,32,0,-18,-63,0,0,100,0,144,0,48,48,0,-25,-37,1,0,100,0,544,0,48,48,0,-16,-44,1,0,100,0,0,96,32,32,0,-22,-48,0,0,100,0,0,128,32,32,0,-30,-48,0,0,100,0,160,336,80,48,0,-48,-83,0,1,100,0,480,560,96,96,0,-32,-16,0,0,100,0,304,0,64,32,0,
0,17,-69,-95,0,1,100,0,368,96,128,64,0,-69,-31,3,1,100,0,368,96,128,64,0,-49,-83,0,1,25,0,192,928,96,96,0,-49,-83,0,1,75,0,192,928,96,96,0,-21,-48,0,1,100,0,368,352,32,32,0,-29,-49,0,1,25,0,0,224,48,48,0,-29,-49,0,0,100,0,0,224,48,48,0,-20,-72,0,1,100,0,32,512,32,48,0,-33,-68,0,0,100,0,256,272,64,64,0,-14,-45,0,0,100,0,288,160,32,32,0,-18,-63,0,0,100,0,0,0,48,48,0,-25,-37,1,0,100,0,544,0,48,48,0,-16,-44,1,0,100,0,0,96,32,32,0,-22,-48,0,0,100,0,0,128,32,32,0,-30,-48,0,0,100,0,240,336,80,48,0,-48,-83,0,1,100,0,576,560,96,96,0,-32,-16,0,0,100,0,304,0,64,32,0,
0,17,-69,-95,0,1,100,0,368,160,128,64,0,-69,-31,3,1,100,0,368,160,128,64,0,-49,-83,0,1,10,0,288,928,96,96,0,-49,-83,0,1,75,0,288,928,96,96,0,-21,-48,0,1,100,0,368,384,32,32,0,-29,-49,0,1,50,0,0,224,48,48,0,-29,-49,0,0,100,0,0,224,48,48,0,-20,-72,0,1,100,0,64,512,32,48,0,-33,-68,0,0,100,0,256,272,64,64,0,-14,-45,0,0,100,0,288,160,32,32,0,-18,-63,0,0,100,0,48,0,48,48,0,-25,-37,1,0,100,0,544,0,48,48,0,-16,-44,1,0,100,0,0,96,32,32,0,-22,-48,0,0,100,0,0,128,32,32,0,-30,-48,0,0,100,0,0,336,80,48,0,-48,-83,0,1,100,0,576,464,96,96,0,-32,-16,0,0,100,0,304,0,64,32,0,
0,17,-69,-95,0,1,100,0,368,224,128,64,0,-69,-31,3,1,100,0,368,224,128,64,0,-49,-83,0,1,25,0,0,928,96,96,0,-49,-83,0,1,75,0,0,928,96,96,0,-21,-48,0,1,100,0,368,416,32,32,0,-29,-49,0,1,75,0,0,224,48,48,0,-29,-49,0,0,100,0,0,224,48,48,0,-20,-72,0,1,100,0,96,512,32,48,0,-33,-68,0,0,100,0,256,272,64,64,0,-14,-45,0,0,100,0,288,160,32,32,0,-18,-63,0,0,100,0,96,0,48,48,0,-25,-37,1,0,100,0,544,0,48,48,0,-16,-44,1,0,100,0,0,96,32,32,0,-22,-48,0,0,100,0,0,128,32,32,0,-30,-48,0,0,100,0,80,336,80,48,0,-48,-83,0,1,100,0,0,560,96,96,0,-32,-16,0,0,100,0,304,0,64,32,0,
0,16,-49,-83,0,1,50,0,96,928,96,96,0,-49,-83,0,1,75,0,96,928,96,96,0,-21,-48,0,1,75,0,368,384,32,32,0,-21,-48,0,1,50,0,368,416,32,32,0,-29,-49,0,1,100,0,0,224,48,48,0,-29,-49,0,0,100,0,0,224,48,48,0,-20,-72,0,1,100,0,96,512,32,48,0,-33,-68,0,0,100,0,256,272,64,64,0,-14,-45,0,0,100,0,288,160,32,32,0,-18,-63,0,0,100,0,144,0,48,48,0,-25,-37,1,0,100,0,544,0,48,48,0,-16,-44,1,0,100,0,0,96,32,32,0,-22,-48,0,0,100,0,0,128,32,32,0,-30,-48,0,0,100,0,160,336,80,48,0,-48,-83,0,1,100,0,96,560,96,96,0,-32,-16,0,0,100,0,304,0,64,32,0,
0,24,-10,-19,0,1,100,90,688,480,32,32,0,-25,-15,0,1,100,90,688,480,32,32,0,-19,-27,0,1,100,90,688,480,32,32,0,-23,-22,0,1,100,90,688,512,32,32,0,5,-18,0,1,100,0,688,512,32,32,0,-3,-22,0,1,100,90,688,512,32,32,0,-9,-31,0,1,100,90,688,448,32,32,0,-32,-24,0,1,100,0,688,448,32,32,0,-48,-30,0,1,75,0,496,352,96,48,0,-21,-46,0,1,100,0,368,416,32,32,0,-49,-83,0,1,25,0,192,928,96,96,0,-49,-83,0,1,75,0,192,928,96,96,0,-29,-48,0,1,75,0,0,224,48,48,0,-29,-48,0,0,100,0,0,224,48,48,0,-20,-72,0,1,100,0,0,512,32,48,0,-33,-66,0,0,100,0,256,272,64,64,0,-14,-43,0,0,100,0,288,160,32,32,0,-18,-61,0,0,100,0,0,0,48,48,0,-25,-37,1,0,100,0,544,0,48,48,0,-16,-43,1,0,100,0,0,96,32,32,0,-22,-48,0,0,100,0,0,128,32,32,0,-30,-48,0,0,100,0,240,336,80,48,0,-48,-83,0,1,100,0,192,560,96,96,0,-32,-16,0,0,100,0,304,0,64,32,0,
0,30,-48,-40,0,1,100,0,496,144,96,48,0,-42,-42,0,1,100,0,688,448,32,32,0,-10,-32,0,1,100,90,688,480,32,32,0,-25,-28,0,1,100,90,688,480,32,32,0,-19,-40,0,1,100,90,688,480,32,32,0,-23,-35,0,1,100,90,688,512,32,32,0,5,-31,0,1,100,0,688,512,32,32,0,-3,-35,0,1,100,90,688,512,32,32,0,-9,-44,0,1,100,90,688,448,32,32,0,-32,-37,0,1,100,0,688,448,32,32,0,-48,-136,0,1,100,0,880,384,96,64,0,-48,-110,0,1,50,0,592,320,96,128,0,-48,-110,0,1,50,0,688,320,96,128,0,-48,-30,0,1,100,0,496,400,96,48,0,-49,-83,0,1,10,0,288,928,96,96,0,-49,-83,0,1,75,0,288,928,96,96,0,-24,-70,0,1,75,0,368,384,32,32,0,-24,-70,0,1,50,0,368,416,32,32,0,-48,-110,0,1,50,0,784,112,96,128,0,-32,-74,0,1,100,0,240,224,48,48,0,-32,-74,0,0,100,0,240,224,48,48,0,-23,-43,0,0,100,0,496,96,48,48,0,-18,-65,0,0,100,0,48,0,48,48,0,-22,-55,0,0,100,0,160,128,32,32,0,-8,-41,0,0,100,0,320,160,32,32,0,-11,-47,0,0,100,-90,64,272,64,64,0,7,-29,1,1,100,0,0,432,48,32,0,-27,-47,0,0,100,0,0,336,80,48,0,-48,-83,0,1,100,0,288,560,96,96,0,-32,-16,0,0,100,0,304,0,64,32,0,
0,35,-78,-139,0,1,100,0,0,1040,160,160,0,-48,-30,0,1,100,0,496,352,96,48,0,-48,-59,0,1,100,0,496,144,96,48,0,-10,-36,0,1,100,90,688,480,32,32,0,-25,-32,0,1,100,90,688,480,32,32,0,-19,-44,0,1,100,90,688,480,32,32,0,-23,-39,0,1,100,90,688,512,32,32,0,5,-35,0,1,100,0,688,512,32,32,0,-3,-39,0,1,100,90,688,512,32,32,0,-9,-48,0,1,100,90,688,448,32,32,0,-32,-41,0,1,100,0,688,448,32,32,0,-48,-47,0,1,50,0,496,144,96,48,0,-48,-38,0,1,25,0,496,144,96,48,0,-48,-164,0,1,50,0,880,384,96,64,0,-48,-130,0,1,50,0,880,320,96,64,0,-48,-146,0,1,50,0,880,320,96,64,0,-48,-110,0,1,100,0,688,320,96,128,0,-42,-44,0,1,100,0,688,448,32,32,0,-48,-110,0,1,50,0,592,320,96,128,0,-48,-30,0,1,50,0,496,400,96,48,0,-49,-83,0,1,25,0,0,928,96,96,0,-49,-83,0,1,50,0,0,928,96,96,0,-24,-67,0,1,100,0,368,416,32,32,0,-48,-110,0,1,75,0,688,112,96,128,0,-32,-72,0,1,100,0,240,224,48,48,0,-32,-72,0,0,100,0,240,224,48,48,0,-23,-43,0,0,100,0,496,96,48,48,0,-18,-64,0,0,100,0,96,0,48,48,0,-22,-53,0,0,100,0,160,128,32,32,0,-8,-42,0,0,100,0,320,160,32,32,0,-11,-48,0,0,100,-90,64,272,64,64,0,7,-30,1,1,100,0,48,432,48,32,0,-27,-47,0,0,100,0,80,336,80,48,0,-48,-83,0,1,100,0,384,560,96,96,0,-32,-16,0,0,100,0,304,0,64,32,0,
0,37,-78,-139,0,1,100,0,160,1040,160,160,0,-48,-40,0,1,100,0,496,144,96,48,0,-49,-30,1,1,100,0,496,352,96,48,0,-10,-40,0,1,100,90,688,480,32,32,0,-25,-36,0,1,100,90,688,480,32,32,0,-19,-48,0,1,100,90,688,480,32,32,0,3,-49,0,1,100,90,688,512,32,32,0,8,-41,0,1,100,0,688,512,32,32,0,-3,-43,0,1,100,90,688,512,32,32,0,-9,-52,0,1,100,90,688,448,32,32,0,-42,-47,0,1,100,0,688,480,32,32,0,12,-53,0,1,100,90,688,448,32,32,0,-49,-94,1,1,100,0,720,448,64,64,0,-48,-73,0,1,100,0,496,144,96,48,0,-48,-58,0,1,50,0,496,144,96,48,0,-48,-45,0,1,25,0,496,144,96,48,0,-48,-178,0,1,25,0,880,384,96,64,0,-48,-144,0,1,25,0,880,320,96,64,0,-48,-160,0,1,25,0,880,320,96,64,0,-48,-110,0,1,100,0,784,320,96,128,0,-48,-110,0,1,75,0,688,320,96,128,0,-48,-30,0,1,25,0,496,400,96,48,0,-49,-83,0,1,10,0,96,928,96,96,0,-49,-83,0,1,25,0,96,928,96,96,0,-24,-67,0,1,100,0,368,416,32,32,0,-48,-110,1,1,50,0,688,112,96,128,0,-32,-72,0,1,100,0,240,224,48,48,0,-32,-72,0,0,100,0,240,224,48,48,0,-23,-43,0,0,100,0,496,96,48,48,0,-18,-64,0,0,100,0,144,0,48,48,0,-22,-53,0,0,100,0,160,128,32,32,0,-8,-42,0,0,100,0,320,160,32,32,0,-11,-48,0,0,100,-90,64,272,64,64,0,7,-30,1,1,100,0,96,432,48,32,0,-27,-47,0,0,100,0,160,336,80,48,0,-48,-83,0,1,100,0,480,560,96,96,0,-32,-16,0,0,100,0,304,0,64,32,0,
0,36,-78,-139,0,1,100,0,320,1040,160,160,0,-48,-49,0,1,100,0,496,144,96,48,0,-48,-30,0,1,100,0,496,352,96,48,0,-10,-40,0,1,100,90,688,480,32,32,0,-25,-36,0,1,100,90,688,480,32,32,0,-19,-52,0,1,100,0,688,448,32,32,0,3,-52,0,1,100,90,688,448,32,32,0,8,-44,0,1,100,0,688,480,32,32,0,-3,-47,0,1,100,90,688,480,32,32,0,-9,-56,0,1,100,90,688,480,32,32,0,-42,-49,0,1,100,90,688,512,32,32,0,-44,-63,0,1,100,0,688,448,32,32,0,12,-55,0,1,100,90,688,480,32,32,0,-51,-94,1,1,100,0,784,448,64,64,0,-52,-80,0,1,100,0,720,448,64,64,0,-48,-86,0,1,100,0,496,144,96,48,0,-48,-71,0,1,50,0,496,144,96,48,0,-48,-58,0,1,25,0,496,144,96,48,0,-48,-182,0,1,15,0,880,384,96,64,0,-48,-148,0,1,15,0,880,320,96,64,0,-48,-164,0,1,15,0,880,320,96,64,0,-48,-122,0,1,75,0,880,320,96,64,0,-48,-110,0,1,100,0,592,320,96,128,0,-48,-110,0,1,75,0,784,320,96,128,0,-24,-67,0,1,100,0,368,416,32,32,0,-32,-72,0,1,100,0,240,224,48,48,0,-32,-72,0,0,100,0,240,224,48,48,0,-23,-43,0,0,100,0,496,96,48,48,0,-18,-64,0,0,100,0,0,0,48,48,0,-22,-53,0,0,100,0,160,128,32,32,0,-8,-42,0,0,100,0,320,160,32,32,0,-11,-48,0,0,100,-90,64,272,64,64,0,7,-30,1,1,100,0,144,432,48,32,0,-27,-47,0,0,100,0,240,336,80,48,0,-48,-83,0,1,100,0,576,560,96,96,0,-32,-16,0,0,100,0,304,0,64,32,0,
0,45,-78,-139,0,1,100,0,480,1040,160,160,0,-48,-37,0,1,100,0,496,144,96,48,0,-48,-53,0,1,50,0,496,144,96,48,0,-49,-30,1,1,100,0,496,352,96,48,0,-10,-42,0,1,100,90,688,512,32,32,0,-25,-38,0,1,100,90,688,448,32,32,0,-19,-54,0,1,100,0,688,480,32,32,0,4,-54,0,1,100,90,688,480,32,32,0,9,-46,0,1,100,0,688,512,32,32,0,-2,-49,0,1,100,90,688,448,32,32,0,-9,-58,0,1,100,90,688,512,32,32,0,-43,-51,0,1,100,90,688,448,32,32,0,-45,-65,0,1,100,0,688,480,32,32,0,13,-57,0,1,100,90,688,448,32,32,0,-8,-67,0,1,100,90,720,448,64,64,0,-29,-118,1,1,100,0,720,448,64,64,0,-55,-51,1,1,100,0,720,448,64,64,0,-15,-92,3,1,100,0,720,448,64,64,0,-53,-94,1,1,100,0,848,448,64,64,0,-54,-80,0,1,100,0,784,448,64,64,0,-48,-93,0,1,75,0,496,144,96,48,0,-48,-78,0,1,25,0,496,144,96,48,0,-48,-65,0,1,10,0,496,144,96,48,0,-48,-164,0,1,50,0,880,384,96,64,0,-48,-130,0,1,50,0,880,320,96,64,0,-48,-146,0,1,50,0,880,320,96,64,0,-48,-183,0,1,5,0,880,384,96,64,0,-48,-149,0,1,5,0,880,320,96,64,0,-48,-165,0,1,5,0,880,320,96,64,0,-49,-144,0,1,50,0,880,384,96,64,0,-48,-128,0,1,25,0,880,320,96,64,0,-48,-110,0,1,100,0,688,320,96,128,0,-48,-110,0,1,75,0,592,320,96,128,0,-24,-67,0,1,100,0,368,416,32,32,0,-32,-72,0,1,100,0,240,224,48,48,0,-32,-72,0,0,100,0,240,224,48,48,0,-23,-43,0,0,100,0,496,96,48,48,0,-18,-64,0,0,100,0,48,0,48,48,0,-22,-53,0,0,100,0,160,128,32,32,0,-8,-42,0,0,100,0,320,160,32,32,0,-11,-48,0,0,100,-90,64,272,64,64,0,7,-30,1,1,100,0,0,432,48,32,0,-27,-47,0,0,100,0,0,336,80,48,0,-48,-83,0,1,100,0,576,464,96,96,0,-32,-16,0,0,100,0,304,0,64,32,0,
0,43,-78,-139,0,1,100,0,640,1040,160,160,0,-48,-42,0,1,100,0,496,144,96,48,0,-48,-55,0,1,25,0,496,144,96,48,0,-48,-30,0,1,100,0,496,352,96,48,0,-10,-47,0,1,100,90,688,448,32,32,0,-25,-43,0,1,100,90,688,480,32,32,0,-19,-59,0,1,100,0,688,512,32,32,0,5,-59,0,1,50,90,688,448,32,32,0,10,-51,0,1,50,0,688,480,32,32,0,-1,-54,0,1,100,0,688,512,32,32,0,-9,-63,0,1,100,90,688,448,32,32,0,-44,-56,0,1,50,90,688,480,32,32,0,-45,-69,0,1,100,0,688,512,32,32,0,14,-63,0,1,100,0,688,512,32,32,0,-7,-67,0,1,100,90,784,448,64,64,0,-27,-119,1,1,100,0,784,448,64,64,0,-42,-144,2,1,100,0,720,448,64,64,0,-57,-51,1,1,100,0,784,448,64,64,0,-7,-100,0,1,100,0,720,448,64,64,0,-13,-94,3,1,100,0,784,448,64,64,0,-55,-94,1,1,100,0,912,448,64,64,0,-56,-80,0,1,100,0,848,448,64,64,0,-48,-97,0,1,50,0,496,144,96,48,0,-48,-82,0,1,10,0,496,144,96,48,0,-48,-178,1,1,25,0,880,384,96,64,0,-48,-144,0,1,25,0,880,320,96,64,0,-48,-160,0,1,25,0,880,320,96,64,0,-48,-122,0,1,75,0,880,320,96,64,0,-49,-152,0,1,25,0,880,384,96,64,0,-48,-110,0,1,100,0,784,320,96,128,0,-48,-110,0,1,50,0,688,320,96,128,0,-24,-67,0,1,100,0,368,416,32,32,0,-32,-72,0,1,100,0,240,224,48,48,0,-32,-72,0,0,100,0,240,224,48,48,0,-23,-43,0,0,100,0,496,96,48,48,0,-18,-64,0,0,100,0,96,0,48,48,0,-22,-53,0,0,100,0,160,128,32,32,0,-8,-42,0,0,100,0,320,160,32,32,0,-11,-48,0,0,100,-90,64,272,64,64,0,7,-30,1,1,100,0,48,432,48,32,0,-27,-47,0,0,100,0,160,336,80,48,0,-48,-83,0,1,100,0,0,560,96,96,0,-32,-16,0,0,100,0,304,0,64,32,0,
0,47,-78,-139,0,1,100,0,800,1040,160,160,0,-3,-62,0,1,100,180,720,448,64,64,0,-70,-56,0,1,100,0,720,448,64,64,0,-48,-51,0,1,100,0,496,144,96,48,0,-49,-30,1,1,100,0,496,352,96,48,0,-10,-53,0,1,100,90,688,480,32,32,0,-25,-49,0,1,100,90,688,512,32,32,0,-19,-65,0,1,100,0,688,448,32,32,0,5,-66,0,1,100,90,688,480,32,32,0,11,-56,0,1,100,0,688,512,32,32,0,-1,-60,0,1,100,0,688,448,32,32,0,-9,-69,0,1,100,90,688,480,32,32,0,-37,-63,0,1,100,90,688,480,32,32,0,-45,-60,0,1,100,90,688,512,32,32,0,-46,-75,0,1,50,0,688,448,32,32,0,14,-69,0,1,50,90,688,512,32,32,0,-5,-100,0,1,100,0,784,448,64,64,0,-6,-67,0,1,100,90,848,448,64,64,0,-73,-92,1,1,100,0,720,448,64,64,0,-10,-134,0,1,100,0,720,448,64,64,0,-25,-120,1,1,100,0,848,448,64,64,0,-44,-145,2,1,100,0,784,448,64,64,0,-59,-51,1,1,100,0,848,448,64,64,0,-11,-96,3,1,100,0,848,448,64,64,0,-57,-94,1,1,100,0,720,512,64,64,0,-58,-80,0,1,100,0,912,448,64,64,0,-48,-107,0,1,25,0,496,144,96,48,0,-48,-182,0,1,15,0,880,384,96,64,0,-48,-148,0,1,15,0,880,320,96,64,0,-48,-164,0,1,15,0,880,320,96,64,0,-49,-154,0,1,5,0,880,384,96,64,0,-48,-130,0,1,75,0,880,320,96,64,0,-48,-134,0,1,50,0,880,320,96,64,0,-48,-110,0,1,100,0,592,320,96,128,0,-48,-110,0,1,75,0,784,320,96,128,0,-24,-67,0,1,100,0,368,416,32,32,0,-32,-72,0,1,100,0,240,224,48,48,0,-32,-72,0,0,100,0,240,224,48,48,0,-23,-43,0,0,100,0,496,96,48,48,0,-18,-64,0,0,100,0,144,0,48,48,0,-22,-53,0,0,100,0,160,128,32,32,0,-8,-42,0,0,100,0,320,160,32,32,0,-11,-48,0,0,100,-90,64,272,64,64,0,7,-30,1,1,100,0,96,432,48,32,0,-27,-47,0,0,100,0,240,336,80,48,0,-48,-83,0,1,100,0,96,560,96,96,0,-32,-16,0,0,100,0,304,0,64,32,0,
0,47,-78,-139,0,1,100,0,960,1040,160,160,0,-1,-62,0,1,100,180,784,448,64,64,0,-72,-56,0,1,100,0,784,448,64,64,0,-48,-56,0,1,100,0,496,144,96,48,0,-48,-30,0,1,100,0,496,352,96,48,0,-10,-55,0,1,100,90,688,512,32,32,0,-25,-57,0,1,100,90,688,448,32,32,0,-19,-75,0,1,100,0,688,480,32,32,0,5,-73,0,1,100,0,688,512,32,32,0,11,-63,0,1,50,0,688,448,32,32,0,-1,-65,0,1,100,0,688,480,32,32,0,-9,-74,0,1,50,90,688,512,32,32,0,-37,-68,0,1,100,90,688,512,32,32,0,-45,-61,0,1,100,90,688,448,32,32,0,-46,-78,0,1,100,0,688,480,32,32,0,8,-82,0,1,100,90,688,448,32,32,0,15,-75,0,1,100,90,688,512,32,32,0,-3,-100,0,1,100,0,848,448,64,64,0,-5,-67,0,1,100,90,912,448,64,64,0,-5,-67,0,1,100,90,912,448,64,64,0,-74,-94,1,1,100,0,784,448,64,64,0,-9,-136,0,1,100,0,784,448,64,64,0,-23,-121,1,1,100,0,912,448,64,64,0,-46,-146,2,1,100,0,848,448,64,64,0,-61,-51,1,1,100,0,912,448,64,64,0,-9,-98,3,1,100,0,912,448,64,64,0,-59,-94,1,1,100,0,784,512,64,64,0,-60,-80,0,1,100,0,720,512,64,64,0,-48,-108,0,1,10,0,496,144,96,48,0,-48,-164,1,1,25,0,880,384,96,64,0,-48,-130,0,1,25,0,880,320,96,64,0,-48,-146,0,1,25,0,880,320,96,64,0,-48,-110,0,1,100,0,688,320,96,128,0,-49,-113,1,1,75,0,880,320,96,64,0,-48,-110,0,1,75,0,592,320,96,128,0,-24,-67,0,1,100,0,368,416,32,32,0,-32,-72,0,1,100,0,240,224,48,48,0,-32,-72,0,0,100,0,240,224,48,48,0,-23,-43,0,0,100,0,496,96,48,48,0,-18,-64,0,0,100,0,0,0,48,48,0,-22,-53,0,0,100,0,160,128,32,32,0,-8,-42,0,0,100,0,320,160,32,32,0,-11,-48,0,0,100,-90,64,272,64,64,0,7,-30,1,1,100,0,144,432,48,32,0,-27,-47,0,0,100,0,0,336,80,48,0,-48,-83,0,1,100,0,192,560,96,96,0,-32,-16,0,0,100,0,304,0,64,32,0,
0,46,-78,-139,0,1,100,0,0,1200,160,160,0,1,-62,0,1,100,180,848,448,64,64,0,-74,-56,0,1,100,0,848,448,64,64,0,-48,-62,0,1,50,0,496,144,96,48,0,-49,-30,1,1,100,0,496,352,96,48,0,-10,-59,0,1,100,90,688,448,32,32,0,-25,-64,0,1,100,90,688,480,32,32,0,-20,-86,0,1,100,0,688,480,32,32,0,5,-81,0,1,100,90,688,448,32,32,0,11,-68,0,1,50,0,688,480,32,32,0,0,-70,0,1,100,0,688,512,32,32,0,-9,-81,0,1,50,0,688,448,32,32,0,-37,-76,0,1,100,90,688,448,32,32,0,-45,-66,0,1,50,90,688,480,32,32,0,-46,-84,0,1,50,90,688,512,32,32,0,8,-88,0,1,50,90,688,480,32,32,0,15,-80,0,1,100,90,688,480,32,32,0,-1,-100,0,1,100,0,912,448,64,64,0,-4,-67,0,1,100,90,720,512,64,64,0,-75,-96,1,1,100,0,848,448,64,64,0,-8,-138,0,1,100,0,848,448,64,64,0,-21,-122,1,1,100,0,720,512,64,64,0,-48,-147,2,1,100,0,912,448,64,64,0,-63,-51,1,1,100,0,720,512,64,64,0,-7,-100,3,1,50,0,720,512,64,64,0,-61,-80,0,1,100,0,784,512,64,64,0,-48,-110,1,1,50,0,688,320,96,128,0,-48,-178,0,1,10,0,880,384,96,64,0,-48,-144,0,1,10,0,880,320,96,64,0,-48,-110,0,1,50,0,784,320,96,128,0,-48,-146,1,1,15,0,880,320,96,64,0,-48,-129,0,1,25,0,880,320,96,64,0,-48,-110,0,1,50,0,592,320,96,128,0,-48,-110,0,1,25,0,688,320,96,128,0,-24,-67,0,1,75,0,368,416,32,32,0,-32,-72,0,1,75,0,240,224,48,48,0,-32,-72,0,0,100,0,240,224,48,48,0,-23,-43,0,0,100,0,496,96,48,48,0,-18,-64,0,0,100,0,48,0,48,48,0,-22,-53,0,0,100,0,160,128,32,32,0,-8,-42,0,0,100,0,320,160,32,32,0,-11,-48,0,0,100,-90,64,272,64,64,0,7,-30,1,1,100,0,0,432,48,32,0,-27,-47,0,0,100,0,80,336,80,48,0,-48,-83,0,1,100,0,288,560,96,96,0,-32,-16,0,0,100,0,304,0,64,32,0,
0,41,-78,-139,0,1,100,0,160,1200,160,160,0,3,-62,0,1,100,180,912,448,64,64,0,-76,-56,0,1,100,0,912,448,64,64,0,-48,-66,0,1,25,0,496,144,96,48,0,-48,-30,0,1,100,0,496,352,96,48,0,-10,-65,0,1,50,90,688,480,32,32,0,-25,-70,0,1,50,90,688,512,32,32,0,-21,-89,0,1,50,0,688,512,32,32,0,5,-87,0,1,50,90,688,480,32,32,0,11,-70,0,1,25,0,688,512,32,32,0,0,-76,0,1,50,0,688,448,32,32,0,-9,-84,0,1,100,0,688,480,32,32,0,-37,-79,0,1,75,90,688,512,32,32,0,-44,-70,0,1,25,90,688,512,32,32,0,-46,-90,0,1,25,90,688,448,32,32,0,9,-93,0,1,25,90,688,512,32,32,0,16,-83,0,1,75,90,688,512,32,32,0,-19,-123,1,1,100,0,784,512,64,64,0,-76,-98,1,1,100,0,912,448,64,64,0,-7,-140,0,1,100,0,912,448,64,64,0,-50,-148,2,1,100,0,720,512,64,64,0,-65,-51,1,1,100,0,784,512,64,64,0,1,-100,0,1,100,0,720,512,64,64,0,-3,-67,0,1,100,90,784,512,64,64,0,-48,-110,0,1,50,0,592,320,96,128,0,-48,-148,0,1,5,0,880,320,96,64,0,-48,-126,0,1,15,0,880,320,96,64,0,-48,-110,0,1,25,0,592,320,96,128,0,-48,-110,0,1,15,0,784,320,96,128,0,-24,-67,0,1,50,0,368,416,32,32,0,-32,-72,0,1,50,0,240,224,48,48,0,-32,-72,0,0,100,0,240,224,48,48,0,-23,-43,0,0,100,0,496,96,48,48,0,-18,-64,0,0,100,0,96,0,48,48,0,-22,-53,0,0,100,0,160,128,32,32,0,-8,-42,0,0,100,0,320,160,32,32,0,-11,-48,0,0,100,-90,64,272,64,64,0,7,-30,1,1,100,0,48,432,48,32,0,-27,-47,0,0,100,0,160,336,80,48,0,-48,-83,0,1,100,0,384,560,96,96,0,-32,-16,0,0,100,0,304,0,64,32,0,
0,50,-78,-139,0,1,100,0,320,1200,160,160,0,5,-62,0,1,50,180,720,512,64,64,0,-78,-56,0,1,50,0,720,512,64,64,0,-49,-30,1,1,75,0,496,352,96,48,0,-10,-79,0,1,50,90,688,480,32,32,0,-25,-84,0,1,50,90,688,512,32,32,0,-21,-103,0,1,50,0,688,512,32,32,0,5,-101,0,1,50,90,688,480,32,32,0,11,-84,0,1,25,0,688,512,32,32,0,0,-90,0,1,25,0,688,448,32,32,0,-9,-98,0,1,75,0,688,480,32,32,0,-37,-93,0,1,50,90,688,512,32,32,0,-44,-84,0,1,25,90,688,512,32,32,0,9,-107,0,1,25,90,688,512,32,32,0,16,-97,0,1,75,90,688,512,32,32,0,-10,-67,0,1,25,90,688,512,32,32,0,-25,-72,0,1,25,90,688,448,32,32,0,-21,-91,0,1,25,0,688,448,32,32,0,5,-89,0,1,25,90,688,512,32,32,0,11,-72,0,1,10,0,688,480,32,32,0,0,-78,0,1,25,0,688,480,32,32,0,-9,-86,0,1,50,0,688,512,32,32,0,-37,-81,0,1,25,90,688,480,32,32,0,-44,-72,0,1,10,90,688,448,32,32,0,-46,-92,0,1,10,90,688,480,32,32,0,9,-95,0,1,10,90,688,448,32,32,0,16,-85,0,1,25,90,688,480,32,32,0,-77,-100,1,1,50,0,720,512,64,64,0,-6,-142,0,1,50,0,720,512,64,64,0,-52,-149,2,1,100,0,784,512,64,64,0,2,-100,0,1,100,0,784,512,64,64,0,-48,-154,0,1,5,0,880,320,96,64,0,-48,-169,0,1,5,0,880,320,96,64,0,-48,-136,0,1,5,0,880,320,96,64,0,-48,-110,0,1,15,0,592,320,96,128,0,-48,-110,0,1,5,0,784,320,96,128,0,-49,-83,0,1,15,0,288,928,96,96,0,-49,-83,0,1,25,0,288,928,96,96,0,-24,-67,0,1,25,0,368,416,32,32,0,-32,-72,0,1,25,0,240,224,48,48,0,-32,-72,0,0,100,0,240,224,48,48,0,-23,-43,0,0,100,0,496,96,48,48,0,-18,-64,0,0,100,0,144,0,48,48,0,-22,-53,0,0,100,0,160,128,32,32,0,-8,-42,0,0,100,0,320,160,32,32,0,-11,-48,0,0,100,-90,64,272,64,64,0,7,-30,1,1,100,0,96,432,48,32,0,-27,-47,0,0,100,0,240,336,80,48,0,-48,-83,0,1,100,0,480,560,96,96,0,-32,-16,0,0,100,0,304,0,64,32,0,
0,37,-78,-139,0,1,100,0,480,1200,160,160,0,7,-62,0,1,25,180,784,512,64,64,0,-80,-56,0,1,25,0,784,512,64,64,0,-78,-102,1,1,25,0,784,512,64,64,0,-10,-87,0,1,10,90,688,512,32,32,0,-25,-85,0,1,10,90,688,448,32,32,0,-21,-101,0,1,10,0,688,448,32,32,0,5,-109,0,1,10,90,688,512,32,32,0,11,-74,0,1,10,0,688,480,32,32,0,0,-98,0,1,10,0,688,480,32,32,0,-9,-99,0,1,25,0,688,512,32,32,0,-37,-101,0,1,10,90,688,480,32,32,0,-44,-71,0,1,10,90,688,480,32,32,0,16,-96,0,1,10,90,688,480,32,32,0,-10,-67,0,1,10,90,688,480,32,32,0,-25,-72,0,1,10,90,688,480,32,32,0,-21,-89,0,1,10,0,688,480,32,32,0,5,-88,0,1,10,90,688,480,32,32,0,0,-77,0,1,10,0,688,512,32,32,0,-9,-86,0,1,25,0,688,480,32,32,0,-36,-80,0,1,10,90,688,512,32,32,0,17,-83,0,1,10,90,688,512,32,32,0,-5,-144,0,1,25,0,784,512,64,64,0,-47,-30,0,1,50,0,496,352,96,48,0,-47,-13,1,1,20,0,496,320,96,32,0,-49,-83,0,1,30,0,0,928,96,96,0,-49,-83,0,1,45,0,0,928,96,96,0,-32,-72,0,0,100,0,240,224,48,48,0,-23,-43,0,0,100,0,496,96,48,48,0,-18,-64,0,0,100,0,0,0,48,48,0,-22,-53,0,0,100,0,160,128,32,32,0,-8,-42,0,0,100,0,320,160,32,32,0,-11,-48,0,0,100,-90,64,272,64,64,0,7,-30,1,1,100,0,144,432,48,32,0,-27,-47,0,0,100,0,0,336,80,48,0,-48,-83,0,1,100,0,576,560,96,96,0,-32,-16,0,0,100,0,304,0,64,32,0,
0,13,-47,-13,1,1,10,0,496,320,96,32,0,-49,-83,0,1,40,0,96,928,96,96,0,-49,-83,0,1,60,0,96,928,96,96,0,-32,-72,0,0,100,0,240,224,48,48,0,-23,-43,0,0,100,0,496,96,48,48,0,-18,-64,0,0,100,0,48,0,48,48,0,-22,-53,0,0,100,0,160,128,32,32,0,-8,-42,0,0,100,0,320,160,32,32,0,-11,-48,0,0,100,-90,64,272,64,64,0,7,-30,1,1,100,0,0,432,48,32,0,-27,-47,0,0,100,0,80,336,80,48,0,-48,-83,0,1,100,0,576,464,96,96,0,-32,-16,0,0,100,0,304,0,64,32,0,
0,12,-49,-83,0,1,50,0,192,928,96,96,0,-49,-83,0,1,75,0,192,928,96,96,0,-32,-72,0,0,100,0,240,224,48,48,0,-23,-43,0,0,100,0,496,96,48,48,0,-18,-64,0,0,100,0,96,0,48,48,0,-22,-53,0,0,100,0,160,128,32,32,0,-8,-42,0,0,100,0,320,160,32,32,0,-11,-48,0,0,100,-90,64,272,64,64,0,7,-30,1,1,100,0,48,432,48,32,0,-27,-47,0,0,100,0,160,336,80,48,0,-48,-83,0,1,100,0,0,560,96,96,0,-32,-16,0,0,100,0,304,0,64,32,0,
0,12,-49,-83,0,1,25,0,288,928,96,96,0,-49,-83,0,1,75,0,288,928,96,96,0,-32,-72,0,0,100,0,240,224,48,48,0,-23,-43,0,0,100,0,496,96,48,48,0,-18,-64,0,0,100,0,144,0,48,48,0,-22,-53,0,0,100,0,160,128,32,32,0,-8,-42,0,0,100,0,320,160,32,32,0,-11,-48,0,0,100,-90,64,272,64,64,0,7,-30,1,1,100,0,96,432,48,32,0,-27,-47,0,0,100,0,240,336,80,48,0,-48,-83,0,1,100,0,96,560,96,96,0,-32,-16,0,0,100,0,304,0,64,32,0,
0,0,
0,13,-49,-83,0,1,25,0,0,928,96,96,0,-49,-83,0,1,75,0,0,928,96,96,0,-29,-70,1,1,100,0,0,464,48,48,0,-27,-69,1,0,100,0,128,272,64,64,0,-37,-47,0,0,100,0,0,224,48,48,0,-19,-64,0,0,100,0,0,0,48,48,0,-21,-37,0,0,100,0,544,0,48,48,0,-14,-44,0,0,100,0,0,96,32,32,0,-22,-47,0,0,100,0,0,128,32,32,0,-4,-48,0,0,100,90,64,160,32,32,0,-29,-46,0,0,100,0,80,336,80,48,0,-48,-83,0,1,100,0,0,560,96,96,0,-32,-16,0,0,100,0,304,0,64,32,0,
0,12,-49,-83,0,1,25,0,96,928,96,96,0,-49,-83,0,1,75,0,96,928,96,96,0,-27,-71,0,1,100,0,880,160,80,80,0,-27,-71,0,0,100,0,880,0,80,80,0,-37,-47,0,0,100,0,0,224,48,48,0,-19,-64,0,0,100,0,0,0,48,48,0,-21,-37,0,0,100,0,544,0,48,48,0,-14,-44,0,0,100,0,0,96,32,32,0,-22,-47,0,0,100,0,0,128,32,32,0,-29,-46,0,0,100,0,160,336,80,48,0,-48,-83,0,1,100,0,96,560,96,96,0,-32,-16,0,0,100,0,304,0,64,32,0,
0,15,-49,-83,0,1,10,0,192,928,96,96,0,-49,-83,0,1,75,0,192,928,96,96,0,-27,-71,0,1,50,0,880,240,80,80,0,-27,-71,0,0,100,0,880,80,80,80,0,-27,-71,0,1,25,0,880,160,80,80,0,-27,-71,0,0,25,0,880,0,80,80,0,-37,-47,0,0,100,0,0,224,48,48,0,-19,-64,0,0,100,0,0,0,48,48,0,-7,-49,0,0,100,0,192,128,32,32,0,-21,-37,0,0,100,0,544,0,48,48,0,-14,-44,0,0,100,0,0,96,32,32,0,-22,-47,0,0,100,0,0,128,32,32,0,-29,-46,0,0,100,0,240,336,80,48,0,-48,-83,0,1,100,0,192,560,96,96,0,-32,-16,0,0,100,0,304,0,64,32,0,
0,16,-49,-83,0,1,25,0,288,928,96,96,0,-49,-83,0,1,75,0,288,928,96,96,0,-2,-85,0,1,50,0,32,512,32,48,0,-20,-80,1,0,100,0,256,272,64,64,0,-27,-71,0,1,15,0,880,240,80,80,0,-27,-71,0,0,25,0,880,80,80,80,0,-37,-47,0,0,100,0,0,224,48,48,0,-19,-64,0,0,100,0,96,0,48,48,0,-4,-45,0,0,100,0,64,192,32,32,0,-21,-37,0,0,100,0,544,0,48,48,0,-14,-44,0,0,100,0,0,96,32,32,0,-22,-47,0,0,100,0,0,128,32,32,0,-7,-48,0,0,100,0,0,160,32,32,0,-29,-46,0,0,100,0,0,336,80,48,0,-48,-83,0,1,100,0,288,560,96,96,0,-32,-16,0,0,100,0,304,0,64,32,0,
0,14,-49,-83,0,1,50,0,0,928,96,96,0,-49,-83,0,1,75,0,0,928,96,96,0,3,-76,2,1,25,-90,0,432,48,32,0,-15,-75,0,0,100,0,64,272,64,64,0,-37,-47,0,0,100,0,0,224,48,48,0,-19,-64,0,0,100,0,144,0,48,48,0,-3,-43,0,0,100,0,64,192,32,32,0,-21,-37,0,0,100,0,544,0,48,48,0,-14,-44,0,0,100,0,0,96,32,32,0,-22,-47,0,0,100,0,0,128,32,32,0,-7,-47,0,0,100,0,0,160,32,32,0,-29,-46,0,0,100,0,80,336,80,48,0,-48,-83,0,1,100,0,384,560,96,96,0,-32,-16,0,0,100,0,304,0,64,32,0,
0,12,-49,-83,0,1,25,0,96,928,96,96,0,-49,-83,0,1,75,0,96,928,96,96,0,-4,-63,0,0,100,0,128,272,64,64,0,-37,-47,0,0,100,0,0,224,48,48,0,-19,-64,0,0,100,0,0,0,48,48,0,-21,-37,0,0,100,0,544,0,48,48,0,-14,-44,0,0,100,0,0,96,32,32,0,-5,-46,0,0,100,0,224,128,32,32,0,-22,-47,0,0,100,0,0,128,32,32,0,-29,-46,0,0,100,0,160,336,80,48,0,-48,-83,0,1,100,0,480,560,96,96,0,-32,-16,0,0,100,0,304,0,64,32,0,
0,10,-49,-83,0,1,10,0,192,928,96,96,0,-49,-83,0,1,75,0,192,928,96,96,0,-17,-30,0,0,100,0,352,160,16,16,0,-37,-32,0,0,100,0,0,224,48,48,0,-19,-63,0,0,100,0,48,0,48,48,0,-23,-42,0,0,100,0,544,96,48,48,0,-31,-47,1,0,100,90,64,272,64,64,0,-27,-45,0,0,100,0,240,336,80,48,0,-48,-83,0,1,100,0,576,560,96,96,0,-32,-16,0,0,100,0,304,0,64,32,0,
0,10,-49,-83,0,1,25,0,288,928,96,96,0,-49,-83,0,1,30,0,288,928,96,96,0,-17,-31,0,0,100,0,352,160,16,16,0,-37,-33,0,0,100,0,0,224,48,48,0,-19,-64,0,0,100,0,96,0,48,48,0,-23,-42,0,0,100,0,592,96,48,48,0,-30,-48,1,0,100,90,64,272,64,64,0,-27,-46,0,0,100,0,0,336,80,48,0,-48,-83,0,1,100,0,576,464,96,96,0,-32,-16,0,0,100,0,304,0,64,32,0,
0,10,-49,-83,0,1,40,0,0,928,96,96,0,-49,-83,0,1,30,0,0,928,96,96,0,-17,-31,0,0,100,0,352,160,16,16,0,-37,-33,0,0,100,0,0,224,48,48,0,-19,-64,0,0,100,0,144,0,48,48,0,-23,-42,0,0,100,0,592,96,48,48,0,-30,-48,1,0,100,90,64,272,64,64,0,-27,-46,0,0,100,0,80,336,80,48,0,-48,-83,0,1,100,0,0,560,96,96,0,-32,-16,0,0,100,0,304,0,64,32,0,
0,10,-49,-83,0,1,25,0,96,928,96,96,0,-49,-83,0,1,30,0,96,928,96,96,0,-17,-31,0,0,100,0,352,160,16,16,0,-37,-33,0,0,100,0,0,224,48,48,0,-19,-64,0,0,100,0,0,0,48,48,0,-23,-42,0,0,100,0,592,96,48,48,0,-30,-48,1,0,100,90,64,272,64,64,0,-27,-46,0,0,100,0,160,336,80,48,0,-48,-83,0,1,100,0,96,560,96,96,0,-32,-16,0,0,100,0,304,0,64,32,0,
0,10,-49,-83,0,1,10,0,192,928,96,96,0,-49,-83,0,1,30,0,192,928,96,96,0,-17,-31,0,0,100,0,352,160,16,16,0,-37,-33,0,0,100,0,0,224,48,48,0,-19,-64,0,0,100,0,48,0,48,48,0,-23,-42,0,0,100,0,592,96,48,48,0,-30,-48,1,0,100,90,64,272,64,64,0,-27,-46,0,0,100,0,240,336,80,48,0,-48,-83,0,1,100,0,192,560,96,96,0,-32,-16,0,0,100,0,304,0,64,32,0,
0,14,-49,-83,0,1,25,0,0,928,96,96,0,-49,-83,0,1,75,0,0,928,96,96,0,-34,-39,0,1,100,0,0,432,48,32,0,-32,-57,0,0,100,0,0,272,64,64,0,-39,-45,0,0,100,0,0,224,48,48,0,-19,-63,0,0,100,0,0,0,48,48,0,-21,-37,0,0,100,0,0,48,48,48,0,-14,-43,0,0,100,0,0,96,32,32,0,-7,-45,0,0,100,0,0,192,32,32,0,-22,-46,0,0,100,0,0,128,32,32,0,-7,-45,0,0,100,0,0,160,32,32,0,-28,-43,0,0,100,0,0,336,80,48,0,-48,-83,0,1,100,0,384,560,96,96,0,-32,-16,0,0,100,0,304,0,64,32,0,
0,14,-49,-83,0,1,50,0,96,928,96,96,0,-49,-83,0,1,75,0,96,928,96,96,0,-33,-39,0,1,100,0,48,432,48,32,0,-31,-57,0,0,100,0,0,272,64,64,0,-39,-45,0,0,100,0,0,224,48,48,0,-19,-62,0,0,100,0,48,0,48,48,0,-21,-37,0,0,100,0,48,48,48,48,0,-14,-42,0,0,100,0,0,96,32,32,0,-6,-45,0,0,100,0,0,192,32,32,0,-22,-46,0,0,100,0,0,128,32,32,0,-7,-45,0,0,100,0,0,160,32,32,0,-28,-43,0,0,100,0,80,336,80,48,0,-48,-83,0,1,100,0,480,560,96,96,0,-32,-16,0,0,100,0,304,0,64,32,0,
0,14,-49,-83,0,1,25,0,192,928,96,96,0,-49,-83,0,1,75,0,192,928,96,96,0,-32,-40,0,1,100,0,96,432,48,32,0,-30,-58,0,0,100,0,0,272,64,64,0,-39,-46,0,0,100,0,0,224,48,48,0,-19,-61,0,0,100,0,96,0,48,48,0,-21,-37,0,0,100,0,96,48,48,48,0,-14,-41,0,0,100,0,0,96,32,32,0,-5,-46,0,0,100,0,0,192,32,32,0,-22,-45,0,0,100,0,0,128,32,32,0,-7,-44,0,0,100,0,0,160,32,32,0,-28,-43,0,0,100,0,160,336,80,48,0,-48,-83,0,1,100,0,576,560,96,96,0,-32,-16,0,0,100,0,304,0,64,32,0,
0,14,-49,-83,0,1,10,0,288,928,96,96,0,-49,-83,0,1,75,0,288,928,96,96,0,-33,-39,0,1,100,0,144,432,48,32,0,-31,-57,0,0,100,0,0,272,64,64,0,-39,-45,0,0,100,0,0,224,48,48,0,-19,-62,0,0,100,0,144,0,48,48,0,-21,-37,0,0,100,0,144,48,48,48,0,-14,-42,0,0,100,0,0,96,32,32,0,-6,-45,0,0,100,0,0,192,32,32,0,-22,-45,0,0,100,0,0,128,32,32,0,-7,-44,0,0,100,0,0,160,32,32,0,-28,-43,0,0,100,0,240,336,80,48,0,-48,-83,0,1,100,0,576,464,96,96,0,-32,-16,0,0,100,0,304,0,64,32,0,
0,14,-49,-83,0,1,25,0,0,928,96,96,0,-49,-83,0,1,75,0,0,928,96,96,0,3,-66,2,1,100,-90,0,432,48,32,0,-34,-44,0,0,100,0,0,224,48,48,0,-19,-59,0,0,100,0,0,0,48,48,0,-24,-35,0,0,100,0,192,48,48,48,0,-15,-40,0,0,100,0,0,96,32,32,0,-4,-39,0,0,100,0,32,192,32,32,0,-15,-64,0,0,100,0,64,272,64,64,0,-23,-43,0,0,100,0,0,128,32,32,0,-9,-40,0,0,100,0,0,160,32,32,0,-31,-43,0,0,100,0,0,336,80,48,0,-48,-83,0,1,100,0,384,560,96,96,0,-32,-16,0,0,100,0,304,0,64,32,0,
0,14,-49,-83,0,1,50,0,96,928,96,96,0,-49,-83,0,1,75,0,96,928,96,96,0,2,-65,2,1,100,-90,48,432,48,32,0,-34,-43,0,0,100,0,0,224,48,48,0,-19,-58,0,0,100,0,48,0,48,48,0,-24,-35,0,0,100,0,240,48,48,48,0,-15,-39,0,0,100,0,0,96,32,32,0,-5,-38,0,0,100,0,32,192,32,32,0,-16,-63,0,0,100,0,64,272,64,64,0,-23,-43,0,0,100,0,0,128,32,32,0,-7,-41,0,0,100,0,32,160,32,32,0,-31,-43,0,0,100,0,80,336,80,48,0,-48,-83,0,1,100,0,480,560,96,96,0,-32,-16,0,0,100,0,304,0,64,32,0,
0,14,-49,-83,0,1,25,0,192,928,96,96,0,-49,-83,0,1,75,0,192,928,96,96,0,1,-64,2,1,100,-90,96,432,48,32,0,-33,-42,0,0,100,0,0,224,48,48,0,-19,-57,0,0,100,0,96,0,48,48,0,-24,-35,0,0,100,0,288,48,48,48,0,-15,-38,0,0,100,0,0,96,32,32,0,-6,-37,0,0,100,0,32,192,32,32,0,-17,-62,0,0,100,0,64,272,64,64,0,-23,-42,0,0,100,0,0,128,32,32,0,-8,-40,0,0,100,0,32,160,32,32,0,-31,-43,0,0,100,0,160,336,80,48,0,-48,-83,0,1,100,0,576,560,96,96,0,-32,-16,0,0,100,0,304,0,64,32,0,
0,14,-49,-83,0,1,10,0,288,928,96,96,0,-49,-83,0,1,75,0,288,928,96,96,0,2,-65,2,1,100,-90,144,432,48,32,0,-34,-43,0,0,100,0,0,224,48,48,0,-19,-58,0,0,100,0,144,0,48,48,0,-24,-35,0,0,100,0,240,48,48,48,0,-15,-39,0,0,100,0,0,96,32,32,0,-5,-38,0,0,100,0,32,192,32,32,0,-16,-63,0,0,100,0,64,272,64,64,0,-23,-43,0,0,100,0,0,128,32,32,0,-7,-41,0,0,100,0,32,160,32,32,0,-31,-43,0,0,100,0,240,336,80,48,0,-48,-83,0,1,100,0,576,464,96,96,0,-32,-16,0,0,100,0,304,0,64,32,0,
0,16,-49,-83,0,1,25,0,0,928,96,96,0,-49,-83,0,1,75,0,0,928,96,96,0,-25,-45,0,1,100,0,368,0,32,32,0,-1,-67,2,1,100,-90,0,432,48,32,0,-32,-46,0,0,100,0,0,224,48,48,0,-19,-65,0,0,100,0,64,272,64,64,0,-8,-44,0,0,100,0,288,0,16,16,0,-20,-63,0,0,100,0,0,0,48,48,0,-22,-37,0,0,100,0,544,0,48,48,0,-15,-44,0,0,100,0,0,96,32,32,0,-8,-40,0,0,100,0,32,192,32,32,0,-23,-47,0,0,100,0,0,128,32,32,0,-9,-44,0,0,100,0,32,160,32,32,0,-52,-45,1,0,100,0,0,336,80,48,0,-48,-83,0,1,100,0,384,560,96,96,0,-32,-16,0,0,100,0,304,0,64,32,0,
0,16,-49,-83,0,1,50,0,96,928,96,96,0,-49,-83,0,1,75,0,96,928,96,96,0,-25,-45,0,1,100,0,400,0,32,32,0,-32,-46,0,0,100,0,0,224,48,48,0,-1,-67,2,1,100,-90,48,432,48,32,0,-19,-65,0,0,100,0,64,272,64,64,0,-8,-44,0,0,100,0,288,0,16,16,0,-20,-63,0,0,100,0,48,0,48,48,0,-22,-37,0,0,100,0,592,0,48,48,0,-15,-44,0,0,100,0,0,96,32,32,0,-8,-40,0,0,100,0,32,192,32,32,0,-23,-47,0,0,100,0,0,128,32,32,0,-9,-44,0,0,100,0,32,160,32,32,0,-52,-45,1,0,100,0,80,336,80,48,0,-48,-83,0,1,100,0,480,560,96,96,0,-32,-16,0,0,100,0,304,0,64,32,0,
0,16,-49,-83,0,1,25,0,192,928,96,96,0,-49,-83,0,1,75,0,192,928,96,96,0,-25,-45,0,1,100,0,432,0,32,32,0,-32,-46,0,0,100,0,0,224,48,48,0,-1,-67,2,1,100,-90,96,432,48,32,0,-19,-65,0,0,100,0,64,272,64,64,0,-8,-44,0,0,100,0,288,0,16,16,0,-20,-63,0,0,100,0,96,0,48,48,0,-22,-37,0,0,100,0,640,0,48,48,0,-15,-44,0,0,100,0,0,96,32,32,0,-8,-40,0,0,100,0,32,192,32,32,0,-23,-47,0,0,100,0,0,128,32,32,0,-9,-44,0,0,100,0,32,160,32,32,0,-52,-45,1,0,100,0,160,336,80,48,0,-48,-83,0,1,100,0,576,560,96,96,0,-32,-16,0,0,100,0,304,0,64,32,0,
0,16,-49,-83,0,1,10,0,288,928,96,96,0,-49,-83,0,1,75,0,288,928,96,96,0,-25,-45,0,1,100,0,464,0,32,32,0,-32,-46,0,0,100,0,0,224,48,48,0,-1,-67,2,1,100,-90,144,432,48,32,0,-19,-65,0,0,100,0,64,272,64,64,0,-8,-44,0,0,100,0,288,0,16,16,0,-20,-63,0,0,100,0,144,0,48,48,0,-22,-37,0,0,100,0,592,0,48,48,0,-15,-44,0,0,100,0,0,96,32,32,0,-8,-40,0,0,100,0,32,192,32,32,0,-23,-47,0,0,100,0,0,128,32,32,0,-9,-44,0,0,100,0,32,160,32,32,0,-52,-45,1,0,100,0,240,336,80,48,0,-48,-83,0,1,100,0,576,464,96,96,0,-32,-16,0,0,100,0,304,0,64,32,0,
0,14,-51,-83,0,1,25,0,0,928,96,96,0,-51,-83,0,1,75,0,0,928,96,96,0,-41,-48,0,1,100,0,464,0,32,32,0,3,-55,0,1,100,0,0,464,48,48,0,-44,-49,0,0,100,0,48,224,48,48,0,-23,-59,0,0,100,0,0,0,48,48,0,-9,-37,0,0,100,0,64,160,32,32,0,-24,-35,0,0,100,0,688,0,48,48,0,-18,-40,0,0,100,0,32,96,32,32,0,-29,-43,0,0,100,0,32,128,32,32,0,-15,-54,0,0,100,0,128,272,64,64,0,-28,-42,0,0,100,0,0,336,80,48,0,-48,-83,0,1,100,0,384,560,96,96,0,-34,-16,0,0,100,0,304,0,64,32,0,
0,14,-51,-83,0,1,50,0,96,928,96,96,0,-51,-83,0,1,75,0,96,928,96,96,0,-41,-48,0,1,100,0,432,0,32,32,0,3,-55,0,1,100,0,144,464,48,48,0,-44,-49,0,0,100,0,48,224,48,48,0,-23,-59,0,0,100,0,48,0,48,48,0,-9,-37,0,0,100,0,64,160,32,32,0,-24,-35,0,0,100,0,688,0,48,48,0,-18,-40,0,0,100,0,32,96,32,32,0,-29,-43,0,0,100,0,32,128,32,32,0,-15,-54,0,0,100,0,128,272,64,64,0,-28,-42,0,0,100,0,80,336,80,48,0,-48,-83,0,1,100,0,480,560,96,96,0,-34,-16,0,0,100,0,304,0,64,32,0,
0,14,-51,-83,0,1,25,0,192,928,96,96,0,-51,-83,0,1,75,0,192,928,96,96,0,-41,-48,0,1,100,0,400,0,32,32,0,3,-55,0,1,100,0,96,464,48,48,0,-44,-49,0,0,100,0,48,224,48,48,0,-23,-59,0,0,100,0,96,0,48,48,0,-9,-37,0,0,100,0,64,160,32,32,0,-24,-35,0,0,100,0,688,0,48,48,0,-18,-40,0,0,100,0,32,96,32,32,0,-29,-43,0,0,100,0,32,128,32,32,0,-15,-54,0,0,100,0,128,272,64,64,0,-28,-42,0,0,100,0,160,336,80,48,0,-48,-83,0,1,100,0,576,560,96,96,0,-34,-16,0,0,100,0,304,0,64,32,0,
0,14,-51,-83,0,1,10,0,288,928,96,96,0,-51,-83,0,1,75,0,288,928,96,96,0,-41,-48,0,1,100,0,368,0,32,32,0,3,-55,0,1,100,0,48,464,48,48,0,-44,-49,0,0,100,0,48,224,48,48,0,-23,-59,0,0,100,0,144,0,48,48,0,-9,-37,0,0,100,0,64,160,32,32,0,-24,-35,0,0,100,0,688,0,48,48,0,-18,-40,0,0,100,0,32,96,32,32,0,-29,-43,0,0,100,0,32,128,32,32,0,-15,-54,0,0,100,0,128,272,64,64,0,-28,-42,0,0,100,0,240,336,80,48,0,-48,-83,0,1,100,0,576,464,96,96,0,-34,-16,0,0,100,0,304,0,64,32,0,
0,10,-49,-83,0,1,25,0,288,928,96,96,0,-49,-83,0,1,30,0,288,928,96,96,0,-17,-31,0,0,100,0,352,160,16,16,0,-37,-33,0,0,100,0,0,224,48,48,0,-19,-64,0,0,100,0,96,0,48,48,0,-23,-42,0,0,100,0,592,96,48,48,0,-30,-48,1,0,100,90,64,272,64,64,0,-27,-46,0,0,100,0,0,336,80,48,0,-48,-83,0,1,100,0,288,560,96,96,0,-32,-16,0,0,100,0,304,0,64,32,0,
0,10,-49,-83,0,1,40,0,0,928,96,96,0,-49,-83,0,1,30,0,0,928,96,96,0,-17,-31,0,0,100,0,352,160,16,16,0,-37,-33,0,0,100,0,0,224,48,48,0,-19,-64,0,0,100,0,144,0,48,48,0,-23,-42,0,0,100,0,592,96,48,48,0,-30,-48,1,0,100,90,64,272,64,64,0,-27,-46,0,0,100,0,80,336,80,48,0,-48,-83,0,1,100,0,0,560,96,96,0,-32,-16,0,0,100,0,304,0,64,32,0,
0,10,-49,-83,0,1,25,0,96,928,96,96,0,-49,-83,0,1,30,0,96,928,96,96,0,-17,-31,0,0,100,0,352,160,16,16,0,-37,-33,0,0,100,0,0,224,48,48,0,-19,-64,0,0,100,0,0,0,48,48,0,-23,-42,0,0,100,0,592,96,48,48,0,-30,-48,1,0,100,90,64,272,64,64,0,-27,-46,0,0,100,0,160,336,80,48,0,-48,-83,0,1,100,0,480,560,96,96,0,-32,-16,0,0,100,0,304,0,64,32,0,
0,10,-49,-83,0,1,10,0,192,928,96,96,0,-49,-83,0,1,30,0,192,928,96,96,0,-17,-31,0,0,100,0,352,160,16,16,0,-37,-33,0,0,100,0,0,224,48,48,0,-19,-64,0,0,100,0,48,0,48,48,0,-23,-42,0,0,100,0,592,96,48,48,0,-30,-48,1,0,100,90,64,272,64,64,0,-27,-46,0,0,100,0,240,336,80,48,0,-48,-83,0,1,100,0,576,560,96,96,0,-32,-16,0,0,100,0,304,0,64,32,0,
