0,0,0,10,
1,0,0,10,
2,0,0,10,
3,0,0,10,
4,0,0,10,
5,0,0,10,
6,0,0,10,
7,0,0,10,
8,0,0,10,
9,0,0,2,
10,0,0,2,
11,0,0,2,
12,0,0,2,
13,0,0,2,
14,0,0,2,
15,0,0,2,
16,0,0,2,
17,0,0,2,
18,0,0,2,
19,0,0,2,
20,0,0,2,
21,0,0,2,
22,0,0,2,
23,0,0,2,
24,0,0,2,
25,0,0,2,
26,0,0,2,
27,0,0,2,
28,0,0,2,
29,0,0,2,
30,0,0,2,
31,0,0,2,
32,0,0,2,
33,0,0,2,
34,0,0,2,
35,0,0,2,
36,0,0,2,
37,0,0,2,
38,0,0,5,
39,0,0,5,
40,0,0,5,
41,0,0,5,
42,0,0,10,
43,0,0,10,
44,0,0,10,
45,0,0,10,
46,0,0,10,
47,0,0,10,
48,0,0,5,
49,0,0,5,
50,0,0,5,
51,0,0,5,
52,0,0,5,
53,0,0,5,
54,0,0,5,
55,0,0,5,
56,0,0,5,
57,0,0,5,
58,0,0,5,
59,0,0,5,
60,0,0,10,
61,0,0,5,
62,0,0,8,
63,0,0,8,
64,0,0,8,
65,0,0,5,
66,0,0,5,
67,0,0,10,
68,0,0,10,
69,0,0,10,
70,0,0,10,
71,0,0,10,
72,0,0,10,
73,0,0,6,
74,0,0,6,
75,0,0,6,
76,0,0,6,
77,0,0,7,
78,0,0,8,
79,0,0,8,
80,0,0,8,
81,0,0,8,
82,0,0,7,
83,0,0,7,
84,0,0,7,
85,0,0,6,
86,0,0,6,
87,0,0,6,
88,0,0,6,
89,0,0,6,
90,0,0,6,
91,0,0,10,
92,0,0,10,
93,0,0,10,
94,0,0,40,
95,0,0,10,
96,0,0,10,
97,0,0,10,
98,0,0,10,
