0,10,0,-256,0,0,100,0,0,512,192,256,0,50,-123,0,0,100,0,64,288,32,32,0,61,-152,0,0,100,0,192,192,32,48,0,117,-137,0,0,100,0,192,144,32,48,0,95,-127,0,0,100,0,192,96,32,48,0,107,-164,0,0,100,0,192,48,32,48,0,85,-151,0,0,100,0,192,0,32,48,0,82,-155,0,0,100,0,96,256,32,32,0,0,-256,0,0,100,0,0,0,192,256,0,0,-256,0,0,100,0,192,512,192,256,0,
0,10,0,-256,0,0,100,0,0,512,192,256,0,50,-123,0,0,100,0,64,288,32,32,0,61,-152,0,0,100,0,224,192,32,48,0,117,-137,0,0,100,0,192,144,32,48,0,95,-127,0,0,100,0,192,96,32,48,0,107,-164,0,0,100,0,192,48,32,48,0,85,-151,0,0,100,0,192,0,32,48,0,82,-155,0,0,100,0,96,256,32,32,0,0,-256,0,0,100,0,0,0,192,256,0,0,-256,0,0,100,0,192,512,192,256,0,
0,10,0,-256,0,0,100,0,0,512,192,256,0,50,-123,0,0,100,0,128,288,32,32,0,61,-152,0,0,100,0,224,192,32,48,0,117,-137,0,0,100,0,192,144,32,48,0,95,-127,0,0,100,0,192,96,32,48,0,107,-164,0,0,100,0,192,48,32,48,0,85,-151,0,0,100,0,192,0,32,48,0,82,-155,0,0,100,0,96,256,32,32,0,0,-256,0,0,100,0,0,0,192,256,0,0,-256,0,0,100,0,192,512,192,256,0,
0,11,0,-256,0,0,100,0,0,512,192,256,0,1,-255,0,0,100,0,384,160,80,32,0,50,-123,0,0,100,0,128,288,32,32,0,61,-152,0,0,100,0,224,192,32,48,0,117,-137,0,0,100,0,192,144,32,48,0,95,-127,0,0,100,0,192,96,32,48,0,107,-164,0,0,100,0,192,48,32,48,0,85,-151,0,0,100,0,192,0,32,48,0,82,-155,0,0,100,0,96,256,32,32,0,0,-256,0,0,100,0,0,0,192,256,0,0,-256,0,0,100,0,192,512,192,256,0,
0,11,0,-256,0,0,100,0,0,512,192,256,0,1,-255,0,0,100,0,384,320,96,48,0,50,-123,0,0,100,0,64,288,32,32,0,61,-152,0,0,100,0,192,192,32,48,0,117,-137,0,0,100,0,192,144,32,48,0,95,-127,0,0,100,0,192,96,32,48,0,107,-164,0,0,100,0,192,48,32,48,0,85,-151,0,0,100,0,192,0,32,48,0,82,-155,0,0,100,0,96,256,32,32,0,0,-256,0,0,100,0,0,0,192,256,0,0,-256,0,0,100,0,192,512,192,256,0,
0,11,0,-256,0,0,100,0,0,512,192,256,0,1,-255,0,0,100,0,384,448,112,64,0,50,-123,0,0,100,0,64,288,32,32,0,61,-152,0,0,100,0,192,192,32,48,0,117,-137,0,0,100,0,192,144,32,48,0,95,-127,0,0,100,0,192,96,32,48,0,107,-164,0,0,100,0,192,48,32,48,0,85,-151,0,0,100,0,192,0,32,48,0,82,-155,0,0,100,0,96,256,32,32,0,0,-256,0,0,100,0,0,0,192,256,0,0,-256,0,0,100,0,192,512,192,256,0,
0,12,0,-256,0,0,100,0,0,512,192,256,0,1,-255,0,0,100,0,544,48,144,80,0,50,-123,0,0,100,0,64,288,32,32,0,59,-152,0,0,100,0,256,192,32,48,0,24,-152,0,0,20,0,0,256,64,64,0,117,-137,0,0,100,0,192,144,32,48,0,95,-127,0,0,100,0,192,96,32,48,0,107,-164,0,0,100,0,192,48,32,48,0,85,-151,0,0,100,0,192,0,32,48,0,82,-155,0,0,100,0,96,256,32,32,0,0,-256,0,0,100,0,0,0,192,256,0,0,-256,0,0,100,0,192,512,192,256,0,
0,12,0,-256,0,0,100,0,0,512,192,256,0,50,-123,0,0,100,0,64,288,32,32,0,1,-255,0,0,100,0,384,96,96,96,0,60,-152,0,0,100,0,256,192,32,48,0,24,-152,0,0,40,0,0,256,64,64,0,117,-137,0,0,100,0,192,144,32,48,0,95,-127,0,0,100,0,192,96,32,48,0,107,-164,0,0,100,0,192,48,32,48,0,85,-151,0,0,100,0,192,0,32,48,0,82,-155,0,0,100,0,160,256,32,32,0,0,-256,0,0,100,0,0,0,192,256,0,0,-256,0,0,100,0,192,512,192,256,0,
0,16,0,-256,0,0,100,0,0,512,192,256,0,132,-153,0,0,100,0,224,240,32,32,0,121,-180,0,0,100,0,224,240,32,32,0,93,-184,0,0,100,0,224,240,32,32,0,68,-175,0,0,100,0,224,240,32,32,0,1,-255,0,0,100,0,384,64,128,128,0,50,-123,0,0,100,0,64,288,32,32,0,60,-152,0,0,100,0,256,192,32,48,0,24,-152,0,0,40,0,0,256,64,64,0,117,-137,0,0,100,0,192,144,32,48,0,95,-127,0,0,100,0,192,96,32,48,0,107,-164,0,0,100,0,192,48,32,48,0,85,-151,0,0,100,0,192,0,32,48,0,82,-155,0,0,100,0,160,256,32,32,0,0,-256,0,0,100,0,0,0,192,256,0,0,-256,0,0,100,0,192,512,192,256,0,
0,21,0,-256,0,0,100,0,0,512,192,256,0,135,-164,0,0,100,0,192,240,32,32,0,124,-192,0,0,100,0,192,240,32,32,0,96,-196,0,0,100,0,192,240,32,32,0,71,-187,0,0,100,0,192,240,32,32,0,1,-255,0,0,100,0,384,56,144,136,0,50,-123,0,0,100,0,64,288,32,32,0,59,-161,0,0,100,0,320,144,32,48,0,24,-152,0,0,45,0,0,256,64,64,0,118,-145,0,0,100,0,288,144,32,48,0,96,-135,0,0,100,0,288,96,32,48,0,109,-172,0,0,100,0,288,48,32,48,0,87,-159,0,0,100,0,288,0,32,48,0,61,-119,0,0,100,0,320,128,32,16,0,87,-117,0,0,100,0,320,128,32,16,0,98,-102,0,0,100,0,320,128,32,16,0,107,-130,0,0,100,0,320,128,32,16,0,118,-113,0,0,100,0,320,128,32,16,0,82,-155,0,0,100,0,96,256,32,32,0,0,-256,0,0,100,0,0,0,192,256,0,0,-256,0,0,100,0,192,512,192,256,0,
0,16,0,-256,0,0,100,0,0,512,192,256,0,135,-158,0,0,100,0,192,240,32,32,0,124,-186,0,0,100,0,192,240,32,32,0,96,-190,0,0,100,0,192,240,32,32,0,71,-181,0,0,100,0,192,240,32,32,0,1,-255,0,0,100,0,384,48,144,144,0,50,-123,0,0,100,0,64,288,32,32,0,59,-151,0,0,100,0,256,192,32,48,0,24,-152,0,0,45,0,0,256,64,64,0,117,-136,0,0,100,0,192,144,32,48,0,95,-126,0,0,100,0,192,96,32,48,0,107,-163,0,0,100,0,192,48,32,48,0,85,-150,0,0,100,0,192,0,32,48,0,82,-155,0,0,100,0,96,256,32,32,0,0,-256,0,0,100,0,0,0,192,256,0,0,-256,0,0,100,0,192,512,192,256,0,
0,16,0,-256,0,0,100,0,0,512,192,256,0,135,-155,0,0,100,0,192,240,32,32,0,124,-183,0,0,100,0,192,240,32,32,0,96,-187,0,0,100,0,192,240,32,32,0,71,-178,0,0,100,0,192,240,32,32,0,1,-252,0,0,100,0,384,368,160,144,0,50,-123,0,0,100,0,128,288,32,32,0,59,-152,0,0,100,0,256,192,32,48,0,24,-152,0,0,45,0,0,256,64,64,0,117,-137,0,0,100,0,192,144,32,48,0,95,-127,0,0,100,0,192,96,32,48,0,107,-164,0,0,100,0,192,48,32,48,0,85,-151,0,0,100,0,192,0,32,48,0,82,-155,0,0,100,0,96,256,32,32,0,0,-256,0,0,100,0,0,0,192,256,0,0,-256,0,0,100,0,192,512,192,256,0,
0,16,0,-256,0,0,100,0,0,512,192,256,0,135,-156,0,0,100,0,192,240,32,32,0,124,-184,0,0,100,0,192,240,32,32,0,96,-188,0,0,100,0,192,240,32,32,0,71,-179,0,0,100,0,192,240,32,32,0,1,-249,0,0,100,0,384,368,160,144,0,50,-123,0,0,100,0,128,288,32,32,0,59,-152,0,0,100,0,256,192,32,48,0,24,-152,0,0,40,0,0,256,64,64,0,117,-137,0,0,100,0,192,144,32,48,0,95,-127,0,0,100,0,192,96,32,48,0,107,-164,0,0,100,0,192,48,32,48,0,85,-151,0,0,100,0,192,0,32,48,0,82,-155,0,0,100,0,96,256,32,32,0,0,-256,0,0,100,0,0,0,192,256,0,0,-256,0,0,100,0,192,512,192,256,0,
0,16,0,-256,0,0,100,0,0,512,192,256,0,135,-158,0,0,50,0,192,240,32,32,0,124,-186,0,0,50,0,192,240,32,32,0,96,-190,0,0,50,0,192,240,32,32,0,71,-181,0,0,50,0,192,240,32,32,0,1,-237,0,0,100,0,544,0,160,128,0,50,-123,0,0,100,0,64,288,32,32,0,59,-152,0,0,100,0,256,192,32,48,0,24,-152,0,0,35,0,0,256,64,64,0,117,-137,0,0,100,0,192,144,32,48,0,95,-127,0,0,100,0,192,96,32,48,0,107,-164,0,0,100,0,192,48,32,48,0,85,-151,0,0,100,0,192,0,32,48,0,82,-155,0,0,100,0,96,256,32,32,0,0,-256,0,0,100,0,0,0,192,256,0,0,-256,0,0,100,0,192,512,192,256,0,
0,12,0,-256,0,0,100,0,0,512,192,256,0,1,-241,0,0,100,0,544,0,160,128,0,50,-123,0,0,100,0,64,288,32,32,0,59,-155,0,0,100,0,256,192,32,48,0,24,-152,0,0,30,0,0,256,64,64,0,117,-137,0,0,100,0,192,144,32,48,0,95,-127,0,0,100,0,192,96,32,48,0,107,-164,0,0,100,0,192,48,32,48,0,85,-151,0,0,100,0,192,0,32,48,0,82,-155,0,0,100,0,96,256,32,32,0,0,-256,0,0,100,0,0,0,192,256,0,0,-256,0,0,100,0,192,512,192,256,0,
0,12,0,-256,0,0,100,0,0,512,192,256,0,1,-254,0,0,100,0,544,144,160,144,0,50,-123,0,0,100,0,64,288,32,32,0,60,-154,0,0,100,0,288,192,32,48,0,24,-152,0,0,25,0,0,256,64,64,0,117,-137,0,0,100,0,192,144,32,48,0,95,-127,0,0,100,0,192,96,32,48,0,107,-164,0,0,100,0,192,48,32,48,0,85,-151,0,0,100,0,192,0,32,48,0,82,-155,0,0,100,0,96,256,32,32,0,0,-256,0,0,100,0,0,0,192,256,0,0,-256,0,0,100,0,192,512,192,256,0,
0,12,0,-256,0,0,100,0,0,512,192,256,0,1,-252,0,0,100,0,544,144,160,144,0,50,-123,0,0,100,0,64,288,32,32,0,60,-151,0,0,100,0,288,192,32,48,0,24,-152,0,0,20,0,0,256,64,64,0,120,-142,0,0,100,0,224,144,32,48,0,99,-132,0,0,100,0,224,96,32,48,0,110,-168,0,0,100,0,224,48,32,48,0,87,-157,0,0,100,0,256,0,32,48,0,82,-155,0,0,100,0,96,256,32,32,0,0,-256,0,0,100,0,0,0,192,256,0,0,-256,0,0,100,0,192,512,192,256,0,
0,12,0,-256,0,0,100,0,0,512,192,256,0,1,-254,0,0,100,0,544,304,160,144,0,50,-123,0,0,100,0,64,288,32,32,0,60,-152,0,0,100,0,288,192,32,48,0,24,-152,0,0,20,0,0,256,64,64,0,120,-138,0,0,100,0,256,144,32,48,0,99,-128,0,0,100,0,256,96,32,48,0,110,-164,0,0,100,0,256,48,32,48,0,87,-153,0,0,100,0,256,0,32,48,0,82,-155,0,0,100,0,96,256,32,32,0,0,-256,0,0,100,0,0,0,192,256,0,0,-256,0,0,100,0,192,512,192,256,0,
0,12,0,-256,0,0,100,0,0,512,192,256,0,1,-255,0,0,100,0,544,304,160,144,0,50,-123,0,0,100,0,64,288,32,32,0,62,-153,0,0,100,0,320,192,32,48,0,24,-152,0,0,20,0,0,256,64,64,0,120,-138,0,0,100,0,224,144,32,48,0,99,-128,0,0,100,0,224,96,32,48,0,110,-164,0,0,100,0,224,48,32,48,0,87,-153,0,0,100,0,224,0,32,48,0,82,-155,0,0,100,0,96,256,32,32,0,0,-256,0,0,100,0,0,0,192,256,0,0,-256,0,0,100,0,192,512,192,256,0,
0,12,0,-256,0,0,100,0,0,512,192,256,0,1,-254,0,0,100,0,384,48,128,144,0,50,-123,0,0,100,0,64,288,32,32,0,62,-153,0,0,100,0,352,192,32,48,0,24,-152,0,0,20,0,0,256,64,64,0,120,-138,0,0,100,0,256,144,32,48,0,99,-128,0,0,100,0,256,96,32,48,0,110,-164,0,0,100,0,256,48,32,48,0,87,-153,0,0,100,0,256,0,32,48,0,82,-155,0,0,100,0,96,256,32,32,0,0,-256,0,0,100,0,0,0,192,256,0,0,-256,0,0,100,0,192,512,192,256,0,
0,12,0,-256,0,0,100,0,0,512,192,256,0,1,-254,0,0,100,0,384,48,128,144,0,50,-123,0,0,100,0,64,288,32,32,0,62,-153,0,0,100,0,320,192,32,48,0,24,-152,0,0,20,0,0,256,64,64,0,120,-138,0,0,100,0,224,144,32,48,0,99,-128,0,0,100,0,224,96,32,48,0,110,-164,0,0,100,0,224,48,32,48,0,87,-153,0,0,100,0,224,0,32,48,0,82,-155,0,0,100,0,96,256,32,32,0,0,-256,0,0,100,0,0,0,192,256,0,0,-256,0,0,100,0,192,512,192,256,0,
0,12,0,-256,0,0,100,0,0,512,192,256,0,1,-255,0,0,100,0,384,224,128,144,0,50,-123,0,0,100,0,64,288,32,32,0,62,-153,0,0,100,0,352,192,32,48,0,24,-152,0,0,20,0,0,256,64,64,0,120,-138,0,0,100,0,256,144,32,48,0,99,-128,0,0,100,0,256,96,32,48,0,110,-164,0,0,100,0,256,48,32,48,0,87,-153,0,0,100,0,256,0,32,48,0,82,-155,0,0,100,0,96,256,32,32,0,0,-256,0,0,100,0,0,0,192,256,0,0,-256,0,0,100,0,192,512,192,256,0,
0,12,0,-256,0,0,100,0,0,512,192,256,0,1,-255,0,0,100,0,384,224,128,144,0,50,-123,0,0,100,0,64,288,32,32,0,62,-153,0,0,100,0,320,192,32,48,0,24,-152,0,0,20,0,0,256,64,64,0,120,-138,0,0,100,0,224,144,32,48,0,99,-128,0,0,100,0,224,96,32,48,0,110,-164,0,0,100,0,224,48,32,48,0,87,-153,0,0,100,0,224,0,32,48,0,82,-155,0,0,100,0,96,256,32,32,0,0,-256,0,0,100,0,0,0,192,256,0,0,-256,0,0,100,0,192,512,192,256,0,
0,12,0,-256,0,0,100,0,0,512,192,256,0,2,-255,0,0,100,0,384,368,160,144,0,50,-123,0,0,100,0,64,288,32,32,0,62,-153,0,0,100,0,352,192,32,48,0,24,-152,0,0,20,0,0,256,64,64,0,120,-138,0,0,100,0,256,144,32,48,0,99,-128,0,0,100,0,256,96,32,48,0,110,-164,0,0,100,0,256,48,32,48,0,87,-153,0,0,100,0,256,0,32,48,0,82,-155,0,0,100,0,96,256,32,32,0,0,-256,0,0,100,0,0,0,192,256,0,0,-256,0,0,100,0,192,512,192,256,0,
0,12,0,-256,0,0,100,0,0,512,192,256,0,2,-255,0,0,100,0,384,368,160,144,0,50,-123,0,0,100,0,64,288,32,32,0,62,-153,0,0,100,0,320,192,32,48,0,24,-152,0,0,20,0,0,256,64,64,0,120,-138,0,0,100,0,224,144,32,48,0,99,-128,0,0,100,0,224,96,32,48,0,110,-164,0,0,100,0,224,48,32,48,0,87,-153,0,0,100,0,224,0,32,48,0,82,-155,0,0,100,0,96,256,32,32,0,0,-256,0,0,100,0,0,0,192,256,0,0,-256,0,0,100,0,192,512,192,256,0,
0,12,0,-256,0,0,100,0,0,512,192,256,0,2,-238,0,0,100,0,544,0,160,128,0,50,-123,0,0,100,0,64,288,32,32,0,62,-153,0,0,100,0,352,192,32,48,0,24,-152,0,0,20,0,0,256,64,64,0,120,-138,0,0,100,0,256,144,32,48,0,99,-128,0,0,100,0,256,96,32,48,0,110,-164,0,0,100,0,256,48,32,48,0,87,-153,0,0,100,0,256,0,32,48,0,82,-155,0,0,100,0,96,256,32,32,0,0,-256,0,0,100,0,0,0,192,256,0,0,-256,0,0,100,0,192,512,192,256,0,
0,12,0,-256,0,0,100,0,0,512,192,256,0,2,-238,0,0,100,0,544,0,160,128,0,50,-123,0,0,100,0,64,288,32,32,0,62,-153,0,0,100,0,320,192,32,48,0,24,-152,0,0,20,0,0,256,64,64,0,120,-138,0,0,100,0,224,144,32,48,0,99,-128,0,0,100,0,224,96,32,48,0,110,-164,0,0,100,0,224,48,32,48,0,87,-153,0,0,100,0,224,0,32,48,0,82,-155,0,0,100,0,96,256,32,32,0,0,-256,0,0,100,0,0,0,192,256,0,0,-256,0,0,100,0,192,512,192,256,0,
0,12,0,-256,0,0,100,0,0,512,192,256,0,2,-253,0,0,100,0,544,144,160,144,0,50,-123,0,0,100,0,64,288,32,32,0,62,-153,0,0,100,0,352,192,32,48,0,24,-152,0,0,20,0,0,256,64,64,0,120,-138,0,0,100,0,256,144,32,48,0,99,-128,0,0,100,0,256,96,32,48,0,110,-164,0,0,100,0,256,48,32,48,0,87,-153,0,0,100,0,256,0,32,48,0,82,-155,0,0,100,0,96,256,32,32,0,0,-256,0,0,100,0,0,0,192,256,0,0,-256,0,0,100,0,192,512,192,256,0,
0,12,0,-256,0,0,100,0,0,512,192,256,0,2,-253,0,0,100,0,544,144,160,144,0,50,-123,0,0,100,0,64,288,32,32,0,62,-153,0,0,100,0,320,192,32,48,0,24,-152,0,0,20,0,0,256,64,64,0,120,-138,0,0,100,0,224,144,32,48,0,99,-128,0,0,100,0,224,96,32,48,0,110,-164,0,0,100,0,224,48,32,48,0,87,-153,0,0,100,0,224,0,32,48,0,82,-155,0,0,100,0,96,256,32,32,0,0,-256,0,0,100,0,0,0,192,256,0,0,-256,0,0,100,0,192,512,192,256,0,
0,12,0,-256,0,0,100,0,0,512,192,256,0,1,-252,0,0,100,0,544,304,160,144,0,50,-123,0,0,100,0,64,288,32,32,0,62,-153,0,0,100,0,352,192,32,48,0,24,-152,0,0,20,0,0,256,64,64,0,120,-138,0,0,100,0,256,144,32,48,0,99,-128,0,0,100,0,256,96,32,48,0,110,-164,0,0,100,0,256,48,32,48,0,87,-153,0,0,100,0,256,0,32,48,0,82,-155,0,0,100,0,96,256,32,32,0,0,-256,0,0,100,0,0,0,192,256,0,0,-256,0,0,100,0,192,512,192,256,0,
0,12,0,-256,0,0,100,0,0,512,192,256,0,1,-252,0,0,100,0,544,304,160,144,0,50,-123,0,0,100,0,64,288,32,32,0,62,-153,0,0,100,0,320,192,32,48,0,24,-152,0,0,20,0,0,256,64,64,0,120,-138,0,0,100,0,224,144,32,48,0,99,-128,0,0,100,0,224,96,32,48,0,110,-164,0,0,100,0,224,48,32,48,0,87,-153,0,0,100,0,224,0,32,48,0,82,-155,0,0,100,0,96,256,32,32,0,0,-256,0,0,100,0,0,0,192,256,0,0,-256,0,0,100,0,192,512,192,256,0,
0,12,0,-256,0,0,100,0,0,512,192,256,0,1,-254,0,0,100,0,384,48,128,144,0,50,-123,0,0,100,0,64,288,32,32,0,64,-153,0,0,100,0,352,192,32,48,0,24,-152,0,0,20,0,0,256,64,64,0,130,-138,0,0,100,0,256,144,32,48,0,109,-128,0,0,100,0,256,96,32,48,0,120,-164,0,0,100,0,256,48,32,48,0,97,-153,0,0,100,0,256,0,32,48,0,82,-155,0,0,100,0,96,256,32,32,0,0,-256,0,0,100,0,0,0,192,256,0,0,-256,0,0,100,0,192,512,192,256,0,
0,12,0,-256,0,0,100,0,0,512,192,256,0,1,-254,0,0,100,0,384,48,128,144,0,50,-123,0,0,100,0,64,288,32,32,0,79,-153,0,0,80,0,320,192,32,48,0,24,-152,0,0,20,0,0,256,64,64,0,159,-138,0,0,80,0,224,144,32,48,0,138,-128,0,0,80,0,224,96,32,48,0,149,-164,0,0,80,0,224,48,32,48,0,126,-153,0,0,80,0,224,0,32,48,0,82,-155,0,0,100,0,96,256,32,32,0,0,-256,0,0,100,0,0,0,192,256,0,0,-256,0,0,100,0,192,512,192,256,0,
0,11,0,-256,0,0,100,0,0,512,192,256,0,1,-255,0,0,100,0,384,224,128,144,0,50,-123,0,0,100,0,64,288,32,32,0,101,-153,0,0,60,0,352,192,32,48,0,24,-152,0,0,20,0,0,256,64,64,0,170,-128,0,0,60,0,256,96,21,40,0,175,-164,0,0,60,0,256,48,16,48,0,153,-153,0,0,60,0,256,0,32,48,0,82,-155,0,0,100,0,96,256,32,32,0,0,-256,0,0,100,0,0,0,192,256,0,0,-256,0,0,100,0,192,512,192,256,0,
0,9,0,-256,0,0,100,0,0,512,192,256,0,1,-255,0,0,100,0,384,224,128,144,0,50,-123,0,0,100,0,64,288,32,32,0,129,-153,0,0,20,0,352,192,32,48,0,24,-152,0,0,20,0,0,256,64,64,0,173,-153,0,0,20,0,256,0,18,48,0,82,-155,0,0,100,0,96,256,32,32,0,0,-256,0,0,100,0,0,0,192,256,0,0,-256,0,0,100,0,192,512,192,256,0,
0,8,0,-256,0,0,100,0,0,512,192,256,0,2,-255,0,0,100,0,384,368,160,144,0,50,-123,0,0,100,0,64,288,32,32,0,146,-153,0,0,20,0,352,192,32,48,0,24,-152,0,0,20,0,0,256,64,64,0,82,-155,0,0,100,0,96,256,32,32,0,0,-256,0,0,100,0,0,0,192,256,0,0,-256,0,0,100,0,192,512,192,256,0,
0,8,0,-256,0,0,100,0,0,512,192,256,0,2,-255,0,0,100,0,384,368,160,144,0,50,-123,0,0,100,0,64,288,32,32,0,175,-153,0,0,20,0,320,192,16,48,0,24,-152,0,0,20,0,0,256,64,64,0,82,-155,0,0,100,0,96,256,32,32,0,0,-256,0,0,100,0,0,0,192,256,0,0,-256,0,0,100,0,192,512,192,256,0,
0,7,0,-256,0,0,100,0,0,512,192,256,0,2,-238,0,0,100,0,544,0,160,128,0,50,-123,0,0,100,0,128,288,32,32,0,24,-152,0,0,20,0,0,256,64,64,0,82,-155,0,0,100,0,96,256,32,32,0,0,-256,0,0,100,0,0,0,192,256,0,0,-256,0,0,100,0,192,512,192,256,0,
0,7,0,-256,0,0,100,0,0,512,192,256,0,2,-253,0,0,100,0,544,144,160,144,0,50,-123,0,0,100,0,64,288,32,32,0,24,-152,0,0,20,0,0,256,64,64,0,82,-155,0,0,100,0,96,256,32,32,0,0,-256,0,0,100,0,0,0,192,256,0,0,-256,0,0,100,0,192,512,192,256,0,
0,7,0,-256,0,0,100,0,0,512,192,256,0,1,-252,0,0,100,0,544,304,160,144,0,50,-123,0,0,100,0,64,288,32,32,0,24,-152,0,0,20,0,0,256,64,64,0,82,-155,0,0,100,0,160,256,32,32,0,0,-256,0,0,100,0,0,0,192,256,0,0,-256,0,0,100,0,192,512,192,256,0,
0,7,0,-256,0,0,100,0,0,512,192,256,0,1,-254,0,0,100,0,384,48,128,144,0,50,-123,0,0,100,0,64,288,32,32,0,24,-152,0,0,20,0,0,256,64,64,0,82,-155,0,0,100,0,96,256,32,32,0,0,-256,0,0,100,0,0,0,192,256,0,0,-256,0,0,100,0,192,512,192,256,0,
0,7,0,-256,0,0,100,0,0,512,192,256,0,1,-255,0,0,100,0,384,224,128,144,0,50,-123,0,0,100,0,64,288,32,32,0,24,-152,0,0,20,0,0,256,64,64,0,82,-155,0,0,100,0,96,256,32,32,0,0,-256,0,0,100,0,0,0,192,256,0,0,-256,0,0,100,0,192,512,192,256,0,
0,7,0,-256,0,0,100,0,0,512,192,256,0,2,-255,0,0,100,0,384,368,160,144,0,50,-123,0,0,100,0,64,288,32,32,0,24,-152,0,0,20,0,0,256,64,64,0,82,-155,0,0,100,0,96,256,32,32,0,0,-256,0,0,100,0,0,0,192,256,0,0,-256,0,0,100,0,192,512,192,256,0,
0,7,0,-256,0,0,100,0,0,512,192,256,0,2,-238,0,0,100,0,544,0,160,128,0,50,-123,0,0,100,0,64,288,32,32,0,24,-152,0,0,20,0,0,256,64,64,0,82,-155,0,0,100,0,96,256,32,32,0,0,-256,0,0,100,0,0,0,192,256,0,0,-256,0,0,100,0,192,512,192,256,0,
0,7,0,-256,0,0,100,0,0,512,192,256,0,2,-253,0,0,100,0,544,144,160,144,0,50,-123,0,0,100,0,64,288,32,32,0,24,-152,0,0,20,0,0,256,64,64,0,82,-155,0,0,100,0,96,256,32,32,0,0,-256,0,0,100,0,0,0,192,256,0,0,-256,0,0,100,0,192,512,192,256,0,
0,7,0,-256,0,0,100,0,0,512,192,256,0,1,-252,0,0,100,0,544,304,160,144,0,50,-123,0,0,100,0,64,288,32,32,0,24,-152,0,0,20,0,0,256,64,64,0,82,-155,0,0,100,0,96,256,32,32,0,0,-256,0,0,100,0,0,0,192,256,0,0,-256,0,0,100,0,192,512,192,256,0,
0,7,0,-256,0,0,100,0,0,512,192,256,0,1,-254,0,0,100,0,384,48,128,144,0,50,-123,0,0,100,0,64,288,32,32,0,24,-152,0,0,20,0,0,256,64,64,0,82,-155,0,0,100,0,96,256,32,32,0,0,-256,0,0,100,0,0,0,192,256,0,0,-256,0,0,100,0,192,512,192,256,0,
0,7,0,-256,0,0,100,0,0,512,192,256,0,1,-255,0,0,100,0,384,224,128,144,0,50,-123,0,0,100,0,64,288,32,32,0,24,-152,0,0,20,0,0,256,64,64,0,82,-155,0,0,100,0,96,256,32,32,0,0,-256,0,0,100,0,0,0,192,256,0,0,-256,0,0,100,0,192,512,192,256,0,
0,7,0,-256,0,0,100,0,0,512,192,256,0,2,-255,0,0,100,0,384,368,160,144,0,50,-123,0,0,100,0,64,288,32,32,0,24,-152,0,0,20,0,0,256,64,64,0,82,-155,0,0,100,0,96,256,32,32,0,0,-256,0,0,100,0,0,0,192,256,0,0,-256,0,0,100,0,192,512,192,256,0,
0,7,0,-256,0,0,100,0,0,512,192,256,0,2,-238,0,0,100,0,544,0,160,128,0,50,-123,0,0,100,0,64,288,32,32,0,24,-152,0,0,20,0,0,256,64,64,0,82,-155,0,0,100,0,96,256,32,32,0,0,-256,0,0,100,0,0,0,192,256,0,0,-256,0,0,100,0,192,512,192,256,0,
0,7,0,-256,0,0,100,0,0,512,192,256,0,2,-253,0,0,100,0,544,144,160,144,0,50,-123,0,0,100,0,64,288,32,32,0,24,-152,0,0,20,0,0,256,64,64,0,82,-155,0,0,100,0,160,256,32,32,0,0,-256,0,0,100,0,0,0,192,256,0,0,-256,0,0,100,0,192,512,192,256,0,
0,7,0,-256,0,0,100,0,0,512,192,256,0,1,-252,0,0,100,0,544,304,160,144,0,50,-123,0,0,100,0,64,288,32,32,0,24,-152,0,0,20,0,0,256,64,64,0,82,-155,0,0,100,0,96,256,32,32,0,0,-256,0,0,100,0,0,0,192,256,0,0,-256,0,0,100,0,192,512,192,256,0,
0,7,0,-256,0,0,100,0,0,512,192,256,0,1,-254,0,0,80,0,384,48,128,144,0,50,-123,0,0,100,0,128,288,32,32,0,24,-152,0,0,20,0,0,256,64,64,0,82,-155,0,0,100,0,96,256,32,32,0,0,-256,0,0,100,0,0,0,192,256,0,0,-256,0,0,100,0,192,512,192,256,0,
0,7,0,-256,0,0,100,0,0,512,192,256,0,1,-255,0,0,60,0,384,224,128,144,0,50,-123,0,0,100,0,64,288,32,32,0,24,-152,0,0,20,0,0,256,64,64,0,82,-155,0,0,100,0,96,256,32,32,0,0,-256,0,0,100,0,0,0,192,256,0,0,-256,0,0,100,0,192,512,192,256,0,
0,7,0,-256,0,0,100,0,0,512,192,256,0,2,-255,0,0,40,0,384,368,160,144,0,50,-123,0,0,100,0,64,288,32,32,0,24,-152,0,0,15,0,0,256,64,64,0,82,-155,0,0,100,0,96,256,32,32,0,0,-256,0,0,100,0,0,0,192,256,0,0,-256,0,0,100,0,192,512,192,256,0,
0,7,0,-256,0,0,100,0,0,512,192,256,0,2,-238,0,0,20,0,544,0,160,128,0,50,-123,0,0,100,0,64,288,32,32,0,24,-152,0,0,10,0,0,256,64,64,0,82,-155,0,0,100,0,96,256,32,32,0,0,-256,0,0,100,0,0,0,192,256,0,0,-256,0,0,100,0,192,512,192,256,0,
0,7,0,-256,0,0,100,0,0,512,192,256,0,2,-253,0,0,10,0,544,144,160,144,0,50,-123,0,0,100,0,64,288,32,32,0,24,-152,0,0,5,0,0,256,64,64,0,82,-155,0,0,100,0,96,256,32,32,0,0,-256,0,0,100,0,0,0,192,256,0,0,-256,0,0,100,0,192,512,192,256,0,
0,5,0,-256,0,0,100,0,0,512,192,256,0,50,-123,0,0,100,0,64,288,32,32,0,82,-155,0,0,100,0,96,256,32,32,0,0,-256,0,0,100,0,0,0,192,256,0,0,-256,0,0,100,0,192,512,192,256,0,
0,5,0,-256,0,0,100,0,0,512,192,256,0,50,-123,0,0,100,0,64,288,32,32,0,82,-155,0,0,100,0,96,256,32,32,0,0,-256,0,0,100,0,0,0,192,256,0,0,-256,0,0,100,0,192,512,192,256,0,
0,10,0,-256,0,0,100,0,0,512,192,256,0,50,-123,0,0,100,0,64,288,32,32,0,61,-152,0,0,10,0,224,192,32,48,0,117,-137,0,0,10,0,192,144,32,48,0,95,-127,0,0,10,0,192,96,32,48,0,107,-164,0,0,10,0,192,48,32,48,0,85,-151,0,0,10,0,192,0,32,48,0,82,-155,0,0,100,0,96,256,32,32,0,0,-256,0,0,100,0,0,0,192,256,0,0,-256,0,0,100,0,192,512,192,256,0,
0,10,0,-256,0,0,100,0,0,512,192,256,0,50,-123,0,0,100,0,64,288,32,32,0,61,-152,0,0,20,0,192,192,32,48,0,117,-137,0,0,20,0,192,144,32,48,0,95,-127,0,0,20,0,192,96,32,48,0,107,-164,0,0,20,0,192,48,32,48,0,85,-151,0,0,20,0,192,0,32,48,0,82,-155,0,0,100,0,96,256,32,32,0,0,-256,0,0,100,0,0,0,192,256,0,0,-256,0,0,100,0,192,512,192,256,0,
0,10,0,-256,0,0,100,0,0,512,192,256,0,50,-123,0,0,100,0,128,288,32,32,0,61,-152,0,0,40,0,224,192,32,48,0,117,-137,0,0,40,0,192,144,32,48,0,95,-127,0,0,40,0,192,96,32,48,0,107,-164,0,0,40,0,192,48,32,48,0,85,-151,0,0,40,0,192,0,32,48,0,82,-155,0,0,100,0,96,256,32,32,0,0,-256,0,0,100,0,0,0,192,256,0,0,-256,0,0,100,0,192,512,192,256,0,
0,10,0,-256,0,0,100,0,0,512,192,256,0,50,-123,0,0,100,0,64,288,32,32,0,61,-152,0,0,60,0,192,192,32,48,0,117,-137,0,0,60,0,192,144,32,48,0,95,-127,0,0,60,0,192,96,32,48,0,107,-164,0,0,60,0,192,48,32,48,0,85,-151,0,0,60,0,192,0,32,48,0,82,-155,0,0,100,0,96,256,32,32,0,0,-256,0,0,100,0,0,0,192,256,0,0,-256,0,0,100,0,192,512,192,256,0,
0,10,0,-256,0,0,100,0,0,512,192,256,0,50,-123,0,0,100,0,64,288,32,32,0,61,-152,0,0,80,0,224,192,32,48,0,117,-137,0,0,80,0,192,144,32,48,0,95,-127,0,0,80,0,192,96,32,48,0,107,-164,0,0,80,0,192,48,32,48,0,85,-151,0,0,80,0,192,0,32,48,0,82,-155,0,0,100,0,160,256,32,32,0,0,-256,0,0,100,0,0,0,192,256,0,0,-256,0,0,100,0,192,512,192,256,0,
0,0,
0,12,0,-256,0,0,100,0,0,512,192,256,0,50,-123,0,0,100,0,64,288,32,32,0,1,-255,0,0,100,0,384,80,112,112,0,60,-152,0,0,100,0,256,192,32,48,0,24,-152,0,0,40,0,0,256,64,64,0,117,-137,0,0,100,0,192,144,32,48,0,95,-127,0,0,100,0,192,96,32,48,0,107,-164,0,0,100,0,192,48,32,48,0,85,-151,0,0,100,0,192,0,32,48,0,82,-155,0,0,100,0,160,256,32,32,0,0,-256,0,0,100,0,0,0,192,256,0,0,-256,0,0,100,0,192,512,192,256,0,
0,12,0,-256,0,0,100,0,0,512,192,256,0,1,-239,0,0,100,0,544,0,160,128,0,50,-123,0,0,100,0,64,288,32,32,0,59,-152,0,0,100,0,256,192,32,48,0,24,-152,0,0,35,0,0,256,64,64,0,117,-137,0,0,100,0,192,144,32,48,0,95,-127,0,0,100,0,192,96,32,48,0,107,-164,0,0,100,0,192,48,32,48,0,85,-151,0,0,100,0,192,0,32,48,0,82,-155,0,0,100,0,96,256,32,32,0,0,-256,0,0,100,0,0,0,192,256,0,0,-256,0,0,100,0,192,512,192,256,0,
0,39,0,-275,0,0,100,0,544,288,160,160,0,0,-275,0,0,100,0,544,128,160,160,0,0,-243,0,0,100,0,544,0,160,128,0,1,-259,0,0,100,0,384,368,160,144,0,1,-291,0,0,100,0,384,192,160,176,0,1,-307,0,0,100,0,384,0,160,192,0,0,-295,0,0,100,0,544,288,160,160,0,0,-316,0,0,100,0,544,128,160,160,0,0,-304,0,0,100,0,544,0,160,128,0,1,-340,0,0,100,0,384,368,160,144,0,1,-392,0,0,100,0,384,192,160,176,0,1,-428,0,0,100,0,384,0,160,192,0,0,-256,0,0,100,0,0,512,192,256,0,0,-396,0,0,100,0,544,288,160,160,0,0,-396,0,0,100,0,544,128,160,160,0,0,-364,0,0,100,0,544,0,160,128,0,1,-380,0,0,100,0,384,368,160,144,0,1,-412,0,0,100,0,384,192,160,176,0,1,-428,0,0,100,0,384,0,160,192,0,0,-91,0,0,100,0,352,192,32,48,0,0,-91,0,0,100,0,320,192,32,48,0,0,-91,0,0,100,0,288,192,32,48,0,0,-91,0,0,100,0,256,192,32,48,0,0,-91,0,0,100,0,224,192,32,48,0,61,-152,0,0,100,0,192,192,32,48,0,0,-91,0,0,100,0,256,144,32,48,0,0,-91,0,0,100,0,224,144,32,48,0,0,-91,0,0,100,0,256,96,32,48,0,0,-91,0,0,100,0,224,96,32,48,0,0,-91,0,0,100,0,256,48,32,48,0,0,-91,0,0,100,0,224,48,32,48,0,0,-91,0,0,100,0,224,0,32,48,0,0,-91,0,0,100,0,256,0,32,48,0,117,-137,0,0,100,0,192,144,32,48,0,95,-127,0,0,100,0,192,96,32,48,0,107,-164,0,0,100,0,192,48,32,48,0,85,-151,0,0,100,0,192,0,32,48,0,0,-256,0,0,100,0,0,0,192,256,0,0,-256,0,0,100,0,192,512,192,256,0,
